{
	"format_version": "1.8.0",
	"animations": {
		"tanjiro": {
			"animation_length": 0.4,
			"bones": {
				"rightArm": {
					"rotation": {
						"0.0": {
							"vector": [-33.24912, -16.7796, -28.24912]
						},
						"0.12": {
							"vector": [-51.57993, -12.88377, -25.00622]
						},
						"0.24": {
							"vector": [-60.0945, 1.9027, -15.70038]
						},
						"0.32": {
							"vector": [-34.95523, -3.8464, -23.88716]
						}
					}
				},
				"leftArm": {
					"rotation": {
						"0.0": {
							"vector": [-38.66901, 11.14485, 13.57875]
						},
						"0.12": {
							"vector": [-57.20448, 19.62622, 19.07974]
						},
						"0.24": {
							"vector": [-45.80619, 35.48592, 27.86957]
						},
						"0.32": {
							"vector": [-32.73271, 31.95607, 19.90864]
						},
						"0.4": {
							"vector": [-38.66901, 11.14485, 13.57875]
						}
					},
					"position": {
						"0.0": {
							"vector": [0, 0, 0]
						},
						"0.24": {
							"vector": [-1, 0, -2]
						},
						"0.32": {
							"vector": [0, 0, -1]
						},
						"0.4": {
							"vector": [0, 0, 0]
						}
					}
				}
			}
		}
	},
	"geckolib_format_version": 2
}