[173月2026 00:01:13.137] [main/INFO] [net.neoforged.fml.startup.Entrypoint/]: JVM Uptime at startup: 177ms
[173月2026 00:01:13.149] [main/INFO] [net.neoforged.fml.loading.FMLLoader/]: Starting FancyModLoader version 10.0.36 (CLIENT in DEV)
[173月2026 00:01:13.149] [main/INFO] [net.neoforged.fml.loading.FMLLoader/]: Game directory: E:\mod\PochiMod\runs\client
[173月2026 00:01:13.150] [main/DEBUG] [net.neoforged.fml.loading.FMLPaths/CORE]: Path GAMEDIR is E:\mod\PochiMod\runs\client
[173月2026 00:01:13.151] [main/DEBUG] [net.neoforged.fml.loading.FMLPaths/CORE]: Path JIJ_CACHEDIR is E:\mod\PochiMod\runs\client\.cache\jij
[173月2026 00:01:13.151] [main/DEBUG] [net.neoforged.fml.loading.FMLPaths/CORE]: Path MODSDIR is E:\mod\PochiMod\runs\client\mods
[173月2026 00:01:13.152] [main/DEBUG] [net.neoforged.fml.loading.FMLPaths/CORE]: Path CONFIGDIR is E:\mod\PochiMod\runs\client\config
[173月2026 00:01:13.152] [main/DEBUG] [net.neoforged.fml.loading.FMLPaths/CORE]: Path FMLCONFIG is E:\mod\PochiMod\runs\client\config\fml.toml
[173月2026 00:01:13.199] [main/DEBUG] [net.neoforged.fml.loading.EarlyServiceDiscovery/]: C:\Users\20171\.gradle\caches\modules-2\files-2.1\net.neoforged.fancymodloader\earlydisplay\10.0.36\dbd0e11d545443f602addede111c39d9639708f9\earlydisplay-10.0.36.jar contains early service net.neoforged.neoforgespi.earlywindow.ImmediateWindowProvider
[173月2026 00:01:13.202] [ForkJoinPool.commonPool-worker-15/DEBUG] [net.neoforged.fml.loading.EarlyServiceDiscovery/]: C:\Users\20171\.gradle\caches\modules-2\files-2.1\net.neoforged.fancymodloader\loader\10.0.36\f72ab4d3e755fe736829883d90430a281527aca\loader-10.0.36.jar contains early service net.neoforged.neoforgespi.locating.IModFileReader
[173月2026 00:01:13.215] [main/DEBUG] [net.neoforged.fml.loading.moddiscovery.ModFile/LOADING]: Loading mod file C:\Users\20171\.gradle\caches\modules-2\files-2.1\net.neoforged.fancymodloader\earlydisplay\10.0.36\dbd0e11d545443f602addede111c39d9639708f9\earlydisplay-10.0.36.jar with languages []
[173月2026 00:01:13.215] [ForkJoinPool.commonPool-worker-15/DEBUG] [net.neoforged.fml.loading.moddiscovery.ModFile/LOADING]: Loading mod file C:\Users\20171\.gradle\caches\modules-2\files-2.1\net.neoforged.fancymodloader\loader\10.0.36\f72ab4d3e755fe736829883d90430a281527aca\loader-10.0.36.jar with languages []
[173月2026 00:01:13.217] [main/INFO] [net.neoforged.fml.loading.EarlyServiceDiscovery/]: Found 2 early service jars (out of 111) in 27ms
[173月2026 00:01:13.218] [main/INFO] [net.neoforged.fml.loading.FMLLoader/]: Loading FML Early Services:
[173月2026 00:01:13.218] [main/INFO] [net.neoforged.fml.loading.FMLLoader/]:  - C:/Users/20171/.gradle/caches/modules-2/files-2.1/net.neoforged.fancymodloader/earlydisplay/10.0.36/dbd0e11d545443f602addede111c39d9639708f9/earlydisplay-10.0.36.jar
[173月2026 00:01:13.219] [main/INFO] [net.neoforged.fml.loading.FMLLoader/]:  - C:/Users/20171/.gradle/caches/modules-2/files-2.1/net.neoforged.fancymodloader/loader/10.0.36/f72ab4d3e755fe736829883d90430a281527aca/loader-10.0.36.jar
[173月2026 00:01:13.224] [main/DEBUG] [net.neoforged.fml.util.ServiceLoaderUtil/CORE]: Found 0 implementations of GraphicsBootstrapper:
[173月2026 00:01:13.225] [main/INFO] [net.neoforged.fml.loading.ImmediateWindowHandler/]: Loading ImmediateWindowProvider fmlearlywindow
[173月2026 00:01:13.231] [main/DEBUG] [net.neoforged.fml.util.ServiceLoaderUtil/CORE]: Found 1 implementations of ImmediateWindowProvider:
[173月2026 00:01:13.231] [main/DEBUG] [net.neoforged.fml.util.ServiceLoaderUtil/CORE]: 	net.neoforged.fml.earlydisplay.DisplayWindow from C:/Users/20171/.gradle/caches/modules-2/files-2.1/net.neoforged.fancymodloader/earlydisplay/10.0.36/dbd0e11d545443f602addede111c39d9639708f9/earlydisplay-10.0.36.jar
[173月2026 00:01:13.305] [main/DEBUG] [net.neoforged.fml.earlydisplay.theme.ThemeLoader/]: Loading built-in theme default
[173月2026 00:01:13.861] [ForkJoinPool.commonPool-worker-1/DEBUG] [net.neoforged.fml.util.ServiceLoaderUtil/CORE]: Found 4 implementations of IModFileCandidateLocator:
[173月2026 00:01:13.862] [ForkJoinPool.commonPool-worker-1/DEBUG] [net.neoforged.fml.util.ServiceLoaderUtil/CORE]: 	    1000 - [built-in] net.neoforged.fml.loading.moddiscovery.locators.GameLocator from C:/Users/20171/.gradle/caches/modules-2/files-2.1/net.neoforged.fancymodloader/loader/10.0.36/f72ab4d3e755fe736829883d90430a281527aca/loader-10.0.36.jar
[173月2026 00:01:13.863] [ForkJoinPool.commonPool-worker-1/DEBUG] [net.neoforged.fml.util.ServiceLoaderUtil/CORE]: 	    1000 - [built-in] net.neoforged.fml.loading.moddiscovery.locators.InDevFolderLocator from C:/Users/20171/.gradle/caches/modules-2/files-2.1/net.neoforged.fancymodloader/loader/10.0.36/f72ab4d3e755fe736829883d90430a281527aca/loader-10.0.36.jar
[173月2026 00:01:13.863] [ForkJoinPool.commonPool-worker-1/DEBUG] [net.neoforged.fml.util.ServiceLoaderUtil/CORE]: 	    1000 - [built-in] net.neoforged.fml.loading.moddiscovery.locators.InDevJarLocator from C:/Users/20171/.gradle/caches/modules-2/files-2.1/net.neoforged.fancymodloader/loader/10.0.36/f72ab4d3e755fe736829883d90430a281527aca/loader-10.0.36.jar
[173月2026 00:01:13.864] [ForkJoinPool.commonPool-worker-1/DEBUG] [net.neoforged.fml.util.ServiceLoaderUtil/CORE]: 	       0 - [built-in] net.neoforged.fml.loading.moddiscovery.locators.ModsFolderLocator from C:/Users/20171/.gradle/caches/modules-2/files-2.1/net.neoforged.fancymodloader/loader/10.0.36/f72ab4d3e755fe736829883d90430a281527aca/loader-10.0.36.jar
[173月2026 00:01:13.866] [ForkJoinPool.commonPool-worker-1/DEBUG] [net.neoforged.fml.util.ServiceLoaderUtil/CORE]: Found 2 implementations of IModFileReader:
[173月2026 00:01:13.866] [ForkJoinPool.commonPool-worker-1/DEBUG] [net.neoforged.fml.util.ServiceLoaderUtil/CORE]: 	       0 - net.neoforged.fml.loading.moddiscovery.readers.JarModsDotTomlModFileReader from C:/Users/20171/.gradle/caches/modules-2/files-2.1/net.neoforged.fancymodloader/loader/10.0.36/f72ab4d3e755fe736829883d90430a281527aca/loader-10.0.36.jar
[173月2026 00:01:13.867] [ForkJoinPool.commonPool-worker-1/DEBUG] [net.neoforged.fml.util.ServiceLoaderUtil/CORE]: 	   -1000 - net.neoforged.fml.loading.moddiscovery.readers.NestedLibraryModReader from C:/Users/20171/.gradle/caches/modules-2/files-2.1/net.neoforged.fancymodloader/loader/10.0.36/f72ab4d3e755fe736829883d90430a281527aca/loader-10.0.36.jar
[173月2026 00:01:13.869] [ForkJoinPool.commonPool-worker-1/DEBUG] [net.neoforged.fml.util.ServiceLoaderUtil/CORE]: Found 1 implementations of IDependencyLocator:
[173月2026 00:01:13.869] [ForkJoinPool.commonPool-worker-1/DEBUG] [net.neoforged.fml.util.ServiceLoaderUtil/CORE]: 	       0 - net.neoforged.fml.loading.moddiscovery.locators.JarInJarDependencyLocator from C:/Users/20171/.gradle/caches/modules-2/files-2.1/net.neoforged.fancymodloader/loader/10.0.36/f72ab4d3e755fe736829883d90430a281527aca/loader-10.0.36.jar
[173月2026 00:01:13.916] [ForkJoinPool.commonPool-worker-1/DEBUG] [net.neoforged.fml.loading.moddiscovery.locators.RequiredSystemFiles/]: Found NeoForge MANIFEST.MF in jar(C:/Users/20171/.gradle/caches/modules-2/files-2.1/net.neoforged/neoforge/21.11.38-beta/3425b0afef02d6a90f7204843bd3cb774c48e372/neoforge-21.11.38-beta-universal.jar)
[173月2026 00:01:13.919] [ForkJoinPool.commonPool-worker-1/INFO] [net.neoforged.fml.loading.moddiscovery.locators.GameLocator/]: Detected a joined NeoForge and Minecraft configuration. Applying filtering...
[173月2026 00:01:14.064] [ForkJoinPool.commonPool-worker-1/DEBUG] [net.neoforged.fml.loading.moddiscovery.ModFileInfo/LOADING]: Found valid mod file neoforge-21.11.38-beta.jar with {minecraft} mods - versions {1.21.11}
[173月2026 00:01:14.065] [ForkJoinPool.commonPool-worker-1/DEBUG] [net.neoforged.fml.loading.moddiscovery.ModFile/LOADING]: Loading mod file E:\mod\PochiMod\.gradle\repositories\ng_dummy_ng\net\neoforged\neoforge\21.11.38-beta\neoforge-21.11.38-beta.jar with languages [LanguageSpec[languageName=minecraft, acceptedVersions=1]]
[173月2026 00:01:14.067] [ForkJoinPool.commonPool-worker-1/DEBUG] [net.neoforged.fml.loading.moddiscovery.ModFileParser/LOADING]: Considering mod file candidate C:\Users\20171\.gradle\caches\modules-2\files-2.1\net.neoforged\neoforge\21.11.38-beta\3425b0afef02d6a90f7204843bd3cb774c48e372\neoforge-21.11.38-beta-universal.jar
[173月2026 00:01:14.071] [ForkJoinPool.commonPool-worker-1/DEBUG] [net.neoforged.fml.loading.moddiscovery.ModFileInfo/LOADING]: Found valid mod file neoforge-21.11.38-beta-universal.jar with {neoforge} mods - versions {21.11.38-beta}
[173月2026 00:01:14.072] [ForkJoinPool.commonPool-worker-1/DEBUG] [net.neoforged.fml.loading.moddiscovery.ModFile/LOADING]: Loading mod file C:\Users\20171\.gradle\caches\modules-2\files-2.1\net.neoforged\neoforge\21.11.38-beta\3425b0afef02d6a90f7204843bd3cb774c48e372\neoforge-21.11.38-beta-universal.jar with languages [LanguageSpec[languageName=javafml, acceptedVersions=[3,]]]
[173月2026 00:01:14.078] [ForkJoinPool.commonPool-worker-1/DEBUG] [net.neoforged.fml.loading.moddiscovery.ModFile/LOADING]: Found mixin config MixinConfig[config=neoforge.mixins.json, requiredMods=[], behaviorVersion=null]
[173月2026 00:01:14.080] [ForkJoinPool.commonPool-worker-1/INFO] [net.neoforged.fml.loading.moddiscovery.locators.InDevFolderLocator/CORE]: Got mod coordinates PochiMod%%E:\mod\PochiMod\build\resources\main;PochiMod%%E:\mod\PochiMod\build\classes\java\main from env
[173月2026 00:01:14.085] [ForkJoinPool.commonPool-worker-1/DEBUG] [net.neoforged.fml.loading.moddiscovery.ModFileParser/LOADING]: Considering mod file candidate E:\mod\PochiMod\build\resources\main
[173月2026 00:01:14.089] [ForkJoinPool.commonPool-worker-1/DEBUG] [net.neoforged.fml.loading.moddiscovery.ModFileInfo/LOADING]: Found valid mod file main with {pochimod} mods - versions {0.0.5-1.21.11}
[173月2026 00:01:14.090] [ForkJoinPool.commonPool-worker-1/DEBUG] [net.neoforged.fml.loading.moddiscovery.ModFile/LOADING]: Loading mod file E:\mod\PochiMod\build\resources\main with languages [LanguageSpec[languageName=javafml, acceptedVersions=[4,)]]
[173月2026 00:01:14.092] [ForkJoinPool.commonPool-worker-1/DEBUG] [net.neoforged.fml.loading.moddiscovery.ModDiscoverer/]: Skipping E:\mod\PochiMod\.gradle\repositories\ng_dummy_ng\net\neoforged\neoforge\21.11.38-beta\neoforge-21.11.38-beta.jar because it was already located earlier
[173月2026 00:01:14.092] [ForkJoinPool.commonPool-worker-1/DEBUG] [net.neoforged.fml.loading.moddiscovery.ModFileParser/LOADING]: Considering mod file candidate C:\Users\20171\.gradle\caches\modules-2\files-2.1\software.bernie.geckolib\geckolib-neoforge-1.21.11\5.4.2\2b07b44da0d5b8f4f4f19b69d23a96ff30477c3\geckolib-neoforge-1.21.11-5.4.2.jar
[173月2026 00:01:14.093] [ForkJoinPool.commonPool-worker-1/DEBUG] [net.neoforged.fml.loading.moddiscovery.ModFileInfo/LOADING]: Found valid mod file geckolib-neoforge-1.21.11-5.4.2.jar with {geckolib} mods - versions {5.4.2}
[173月2026 00:01:14.093] [ForkJoinPool.commonPool-worker-1/DEBUG] [net.neoforged.fml.loading.moddiscovery.ModFile/LOADING]: Loading mod file C:\Users\20171\.gradle\caches\modules-2\files-2.1\software.bernie.geckolib\geckolib-neoforge-1.21.11\5.4.2\2b07b44da0d5b8f4f4f19b69d23a96ff30477c3\geckolib-neoforge-1.21.11-5.4.2.jar with languages [LanguageSpec[languageName=javafml, acceptedVersions=[5,)]]
[173月2026 00:01:14.094] [ForkJoinPool.commonPool-worker-1/DEBUG] [net.neoforged.fml.loading.moddiscovery.ModFile/LOADING]: Found mixin config MixinConfig[config=geckolib.mixins.json, requiredMods=[], behaviorVersion=null]
[173月2026 00:01:14.095] [ForkJoinPool.commonPool-worker-1/DEBUG] [net.neoforged.fml.loading.moddiscovery.ModFileParser/LOADING]: Considering mod file candidate C:\Users\20171\.gradle\caches\modules-2\files-2.1\com.github.glitchfiend\TerraBlender-neoforge\1.21.11-21.11.0.0\ecd358337a0e0f2f27b3d2bef2a423691c601388\TerraBlender-neoforge-1.21.11-21.11.0.0.jar
[173月2026 00:01:14.101] [ForkJoinPool.commonPool-worker-1/DEBUG] [net.neoforged.fml.loading.moddiscovery.ModFileInfo/LOADING]: Found valid mod file TerraBlender-neoforge-1.21.11-21.11.0.0.jar with {terrablender} mods - versions {21.11.0.0}
[173月2026 00:01:14.102] [ForkJoinPool.commonPool-worker-1/DEBUG] [net.neoforged.fml.loading.moddiscovery.ModFile/LOADING]: Loading mod file C:\Users\20171\.gradle\caches\modules-2\files-2.1\com.github.glitchfiend\TerraBlender-neoforge\1.21.11-21.11.0.0\ecd358337a0e0f2f27b3d2bef2a423691c601388\TerraBlender-neoforge-1.21.11-21.11.0.0.jar with languages [LanguageSpec[languageName=javafml, acceptedVersions=[1,)]]
[173月2026 00:01:14.102] [ForkJoinPool.commonPool-worker-1/DEBUG] [net.neoforged.fml.loading.moddiscovery.ModFile/LOADING]: Found mixin config MixinConfig[config=terrablender.mixins.json, requiredMods=[], behaviorVersion=null]
[173月2026 00:01:14.102] [ForkJoinPool.commonPool-worker-1/DEBUG] [net.neoforged.fml.loading.moddiscovery.ModFile/LOADING]: Found mixin config MixinConfig[config=terrablender_neoforge.mixins.json, requiredMods=[], behaviorVersion=null]
[173月2026 00:01:14.103] [ForkJoinPool.commonPool-worker-1/DEBUG] [net.neoforged.fml.loading.moddiscovery.ModFileParser/LOADING]: Considering mod file candidate C:\Users\20171\.gradle\caches\modules-2\files-2.1\mezz.jei\jei-1.21.11-neoforge\27.4.0.15\33991c003af7eaa7abe610641838256130be3a25\jei-1.21.11-neoforge-27.4.0.15.jar
[173月2026 00:01:14.105] [ForkJoinPool.commonPool-worker-1/DEBUG] [net.neoforged.fml.loading.moddiscovery.ModFileInfo/LOADING]: Found valid mod file jei-1.21.11-neoforge-27.4.0.15.jar with {jei} mods - versions {27.4.0.15}
[173月2026 00:01:14.106] [ForkJoinPool.commonPool-worker-1/DEBUG] [net.neoforged.fml.loading.moddiscovery.ModFile/LOADING]: Loading mod file C:\Users\20171\.gradle\caches\modules-2\files-2.1\mezz.jei\jei-1.21.11-neoforge\27.4.0.15\33991c003af7eaa7abe610641838256130be3a25\jei-1.21.11-neoforge-27.4.0.15.jar with languages [LanguageSpec[languageName=javafml, acceptedVersions=[4,)]]
[173月2026 00:01:14.106] [ForkJoinPool.commonPool-worker-1/DEBUG] [net.neoforged.fml.loading.moddiscovery.ModDiscoverer/]: Skipping C:\Users\20171\.gradle\caches\modules-2\files-2.1\net.neoforged\neoforge\21.11.38-beta\3425b0afef02d6a90f7204843bd3cb774c48e372\neoforge-21.11.38-beta-universal.jar because it was already located earlier
[173月2026 00:01:14.147] [ForkJoinPool.commonPool-worker-1/DEBUG] [net.neoforged.fml.loading.moddiscovery.ModFile/LOADING]: Loading mod file C:\Users\20171\.gradle\caches\modules-2\files-2.1\io.github.llamalad7\mixinextras-neoforge\0.5.0\d734b83ce6542bb70ea31755c1595b88992dbe65\mixinextras-neoforge-0.5.0.jar with languages []
[173月2026 00:01:14.179] [fml-loadingscreen/INFO] [net.neoforged.fml.earlydisplay.render.LoadingScreenRenderer/]: GL info: NVIDIA GeForce GTX 1660 Ti/PCIe/SSE2 GL version 3.3.0 NVIDIA 581.57, NVIDIA Corporation
[173月2026 00:01:14.290] [ForkJoinPool.commonPool-worker-1/DEBUG] [net.neoforged.fml.loading.moddiscovery.ModFile/LOADING]: Loading mod file E:\mod\PochiMod\runs\client\.cache\jij\9c617719248f8b89847348fc7ea5e705739c147ae5e172551264d225bc9f2507\mixinextras-neoforge-0.5.0.jar with languages []
[173月2026 00:01:14.296] [ForkJoinPool.commonPool-worker-1/DEBUG] [net.neoforged.fml.loading.moddiscovery.ModFile/LOADING]: Loading mod file E:\mod\PochiMod\runs\client\.cache\jij\54bb3c61f37ced77ba30dc02ca5b2f71ced259612101a8b1325855cff9d9755c\net.neoforged.neoforge-coremods-21.11.38-beta.jar with languages []
[173月2026 00:01:14.332] [ForkJoinPool.commonPool-worker-1/WARN] [net.neoforged.jarjar.selection.JarSelector/]: Attempted to select a dependency jar for JarJar which was passed in as source: library:mixinextras.neoforge. Using jar(C:/Users/20171/.gradle/caches/modules-2/files-2.1/io.github.llamalad7/mixinextras-neoforge/0.5.0/d734b83ce6542bb70ea31755c1595b88992dbe65/mixinextras-neoforge-0.5.0.jar)
[173月2026 00:01:14.332] [ForkJoinPool.commonPool-worker-1/INFO] [net.neoforged.fml.loading.moddiscovery.locators.JarInJarDependencyLocator/]: Found 1 dependencies adding them to mods collection
[173月2026 00:01:14.334] [ForkJoinPool.commonPool-worker-1/INFO] [net.neoforged.fml.loading.moddiscovery.ModDiscoverer/]: 
     Mod List:
		Name Version (Mod Id)

		Echoes of Eco 0.0.5-1.21.11 (pochimod)
		GeckoLib 5 5.4.2 (geckolib)
		Just Enough Items 27.4.0.15 (jei)
		Minecraft 1.21.11 (minecraft)
		NeoForge 21.11.38-beta (neoforge)
		TerraBlender 21.11.0.0 (terrablender)
[173月2026 00:01:14.340] [ForkJoinPool.commonPool-worker-1/DEBUG] [net.neoforged.fml.loading.ModSorter/]: Configured system mods: [minecraft, neoforge]
[173月2026 00:01:14.341] [ForkJoinPool.commonPool-worker-1/DEBUG] [net.neoforged.fml.loading.ModSorter/]: Found system mod: minecraft
[173月2026 00:01:14.341] [ForkJoinPool.commonPool-worker-1/DEBUG] [net.neoforged.fml.loading.ModSorter/]: Found system mod: neoforge
[173月2026 00:01:14.344] [ForkJoinPool.commonPool-worker-1/DEBUG] [net.neoforged.fml.loading.ModSorter/LOADING]: Found 8 mod requirements (8 mandatory, 0 optional)
[173月2026 00:01:14.345] [ForkJoinPool.commonPool-worker-1/DEBUG] [net.neoforged.fml.loading.ModSorter/LOADING]: Found 0 mod requirements missing (0 mandatory, 0 optional)
[173月2026 00:01:14.677] [main/INFO] [mixin/]: SpongePowered MIXIN Subsystem Version=0.8.7 Source=file:/C:/Users/20171/.gradle/caches/modules-2/files-2.1/net.fabricmc/sponge-mixin/0.16.5+mixin.0.8.7/80fc3a9f592673cea87f4cd702f87991c6c9fe4d/sponge-mixin-0.16.5+mixin.0.8.7.jar Service=FML Env=CLIENT
[173月2026 00:01:14.704] [main/DEBUG] [mixin/]: Initialising Mixin Platform Manager
[173月2026 00:01:14.705] [main/DEBUG] [mixin/]: Adding mixin platform agents for container ContainerHandleVirtual(fml:18c85)
[173月2026 00:01:14.706] [main/DEBUG] [mixin/]: Instancing new MixinPlatformAgentDefault for ContainerHandleVirtual(fml:18c85)
[173月2026 00:01:14.708] [main/DEBUG] [mixin/]: MixinPlatformAgentDefault accepted container ContainerHandleVirtual(fml:18c85)
[173月2026 00:01:14.708] [main/DEBUG] [mixin/]: Instancing new MixinPlatformAgentDefault for ContainerHandleVirtual(fml:18c85)
[173月2026 00:01:14.709] [main/DEBUG] [mixin/]: MixinPlatformAgentDefault accepted container ContainerHandleVirtual(fml:18c85)
[173月2026 00:01:14.709] [main/DEBUG] [mixin/]: Processing prepare() for PlatformAgent[MixinPlatformAgentDefault:ContainerHandleVirtual(fml:18c85)]
[173月2026 00:01:14.710] [main/DEBUG] [mixin/]: Processing prepare() for PlatformAgent[MixinPlatformAgentDefault:ContainerHandleVirtual(fml:18c85)]
[173月2026 00:01:14.712] [main/INFO] [net.neoforged.fml.loading.FMLLoader/]: Loading FML Plugins:
[173月2026 00:01:14.713] [main/INFO] [net.neoforged.fml.loading.FMLLoader/]:  - C:/Users/20171/.gradle/caches/modules-2/files-2.1/net.neoforged/neoforge/21.11.38-beta/3425b0afef02d6a90f7204843bd3cb774c48e372/neoforge-21.11.38-beta-universal.jar > net.neoforged.neoforge-coremods-21.11.38-beta.jar
[173月2026 00:01:14.723] [main/DEBUG] [net.neoforged.fml.util.ServiceLoaderUtil/CORE]: Found 2 implementations of IModLanguageLoader:
[173月2026 00:01:14.723] [main/DEBUG] [net.neoforged.fml.util.ServiceLoaderUtil/CORE]: 	net.neoforged.fml.javafmlmod.FMLJavaModLanguageProvider from C:/Users/20171/.gradle/caches/modules-2/files-2.1/net.neoforged.fancymodloader/loader/10.0.36/f72ab4d3e755fe736829883d90430a281527aca/loader-10.0.36.jar
[173月2026 00:01:14.723] [main/DEBUG] [net.neoforged.fml.util.ServiceLoaderUtil/CORE]: 	net.neoforged.fml.mclanguageprovider.MinecraftModLanguageProvider from C:/Users/20171/.gradle/caches/modules-2/files-2.1/net.neoforged.fancymodloader/loader/10.0.36/f72ab4d3e755fe736829883d90430a281527aca/loader-10.0.36.jar
[173月2026 00:01:14.727] [main/DEBUG] [net.neoforged.fml.loading.LanguageProviderLoader/CORE]: Found language provider javafml, version 10.0
[173月2026 00:01:14.729] [main/DEBUG] [net.neoforged.fml.loading.LanguageProviderLoader/CORE]: Found language provider minecraft, version 10.0
[173月2026 00:01:14.737] [main/DEBUG] [net.neoforged.fml.loading.FMLLoader/]: Adding Access Transformer META-INF/accesstransformer.cfg in jar(C:/Users/20171/.gradle/caches/modules-2/files-2.1/com.github.glitchfiend/TerraBlender-neoforge/1.21.11-21.11.0.0/ecd358337a0e0f2f27b3d2bef2a423691c601388/TerraBlender-neoforge-1.21.11-21.11.0.0.jar)
[173月2026 00:01:14.763] [main/DEBUG] [net.neoforged.fml.loading.FMLLoader/]: Adding Access Transformer META-INF/accesstransformer.cfg in jar(C:/Users/20171/.gradle/caches/modules-2/files-2.1/software.bernie.geckolib/geckolib-neoforge-1.21.11/5.4.2/2b07b44da0d5b8f4f4f19b69d23a96ff30477c3/geckolib-neoforge-1.21.11-5.4.2.jar)
[173月2026 00:01:14.766] [main/DEBUG] [net.neoforged.fml.loading.FMLLoader/]: Adding Access Transformer META-INF/accesstransformer.cfg in composite(filtered(jar(C:/Users/20171/.gradle/caches/modules-2/files-2.1/net.neoforged/neoforge/21.11.38-beta/3425b0afef02d6a90f7204843bd3cb774c48e372/neoforge-21.11.38-beta-universal.jar)))
[173月2026 00:01:14.783] [main/DEBUG] [net.neoforged.fml.loading.FMLLoader/]: Adding Access Transformer META-INF/accesstransformergenerated.cfg in composite(filtered(jar(C:/Users/20171/.gradle/caches/modules-2/files-2.1/net.neoforged/neoforge/21.11.38-beta/3425b0afef02d6a90f7204843bd3cb774c48e372/neoforge-21.11.38-beta-universal.jar)))
[173月2026 00:01:14.794] [main/DEBUG] [net.neoforged.fml.loading.FMLLoader/]: Adding Access Transformer META-INF/accesstransformer.cfg in jar(C:/Users/20171/.gradle/caches/modules-2/files-2.1/mezz.jei/jei-1.21.11-neoforge/27.4.0.15/33991c003af7eaa7abe610641838256130be3a25/jei-1.21.11-neoforge-27.4.0.15.jar)
[173月2026 00:01:14.813] [main/DEBUG] [net.neoforged.fml.util.ServiceLoaderUtil/CORE]: Found 5 implementations of ClassProcessor:
[173月2026 00:01:14.813] [main/DEBUG] [net.neoforged.fml.util.ServiceLoaderUtil/CORE]: 	[built-in] net.neoforged.fml.common.asm.AccessTransformerService from C:/Users/20171/.gradle/caches/modules-2/files-2.1/net.neoforged.fancymodloader/loader/10.0.36/f72ab4d3e755fe736829883d90430a281527aca/loader-10.0.36.jar
[173月2026 00:01:14.813] [main/DEBUG] [net.neoforged.fml.util.ServiceLoaderUtil/CORE]: 	[built-in] net.neoforged.fml.common.asm.enumextension.RuntimeEnumExtender from C:/Users/20171/.gradle/caches/modules-2/files-2.1/net.neoforged.fancymodloader/loader/10.0.36/f72ab4d3e755fe736829883d90430a281527aca/loader-10.0.36.jar
[173月2026 00:01:14.814] [main/DEBUG] [net.neoforged.fml.util.ServiceLoaderUtil/CORE]: 	[built-in] net.neoforged.fml.common.asm.SimpleProcessorsGroup from C:/Users/20171/.gradle/caches/modules-2/files-2.1/net.neoforged.fancymodloader/loader/10.0.36/f72ab4d3e755fe736829883d90430a281527aca/loader-10.0.36.jar
[173月2026 00:01:14.814] [main/DEBUG] [net.neoforged.fml.util.ServiceLoaderUtil/CORE]: 	[built-in] net.neoforged.fml.loading.moddiscovery.locators.NeoForgeDevDistCleaner from C:/Users/20171/.gradle/caches/modules-2/files-2.1/net.neoforged.fancymodloader/loader/10.0.36/f72ab4d3e755fe736829883d90430a281527aca/loader-10.0.36.jar
[173月2026 00:01:14.815] [main/DEBUG] [net.neoforged.fml.util.ServiceLoaderUtil/CORE]: 	[built-in] net.neoforged.fml.loading.mixin.FMLMixinClassProcessor from C:/Users/20171/.gradle/caches/modules-2/files-2.1/net.neoforged.fancymodloader/loader/10.0.36/f72ab4d3e755fe736829883d90430a281527aca/loader-10.0.36.jar
[173月2026 00:01:14.818] [main/DEBUG] [net.neoforged.fml.util.ServiceLoaderUtil/CORE]: Found 1 implementations of ClassProcessorProvider:
[173月2026 00:01:14.819] [main/DEBUG] [net.neoforged.fml.util.ServiceLoaderUtil/CORE]: 	net.neoforged.neoforge.coremods.NeoForgeCoreMod from C:/Users/20171/.gradle/caches/modules-2/files-2.1/net.neoforged/neoforge/21.11.38-beta/3425b0afef02d6a90f7204843bd3cb774c48e372/neoforge-21.11.38-beta-universal.jar > net.neoforged.neoforge-coremods-21.11.38-beta.jar
[173月2026 00:01:14.874] [main/DEBUG] [net.neoforged.fml.loading.FMLLoader/]: Masking classpath elements: [C:/Users/20171/.gradle/caches/modules-2/files-2.1/software.bernie.geckolib/geckolib-neoforge-1.21.11/5.4.2/2b07b44da0d5b8f4f4f19b69d23a96ff30477c3/geckolib-neoforge-1.21.11-5.4.2.jar, E:/mod/PochiMod/build/resources/main, C:/Users/20171/.gradle/caches/modules-2/files-2.1/com.github.glitchfiend/TerraBlender-neoforge/1.21.11-21.11.0.0/ecd358337a0e0f2f27b3d2bef2a423691c601388/TerraBlender-neoforge-1.21.11-21.11.0.0.jar, C:/Users/20171/.gradle/caches/modules-2/files-2.1/mezz.jei/jei-1.21.11-neoforge/27.4.0.15/33991c003af7eaa7abe610641838256130be3a25/jei-1.21.11-neoforge-27.4.0.15.jar, E:/mod/PochiMod/build/classes/java/main, E:/mod/PochiMod/.gradle/repositories/ng_dummy_ng/net/neoforged/neoforge/21.11.38-beta/neoforge-21.11.38-beta.jar, C:/Users/20171/.gradle/caches/modules-2/files-2.1/net.neoforged/neoforge/21.11.38-beta/3425b0afef02d6a90f7204843bd3cb774c48e372/neoforge-21.11.38-beta-universal.jar, C:/Users/20171/.gradle/caches/modules-2/files-2.1/io.github.llamalad7/mixinextras-neoforge/0.5.0/d734b83ce6542bb70ea31755c1595b88992dbe65/mixinextras-neoforge-0.5.0.jar]
[173月2026 00:01:14.925] [main/INFO] [net.neoforged.fml.loading.FMLLoader/]: Building game content classloader:
 - geckolib (jar(C:/Users/20171/.gradle/caches/modules-2/files-2.1/software.bernie.geckolib/geckolib-neoforge-1.21.11/5.4.2/2b07b44da0d5b8f4f4f19b69d23a96ff30477c3/geckolib-neoforge-1.21.11-5.4.2.jar))
 - jei (jar(C:/Users/20171/.gradle/caches/modules-2/files-2.1/mezz.jei/jei-1.21.11-neoforge/27.4.0.15/33991c003af7eaa7abe610641838256130be3a25/jei-1.21.11-neoforge-27.4.0.15.jar))
 - minecraft (composite(filtered(jar(E:/mod/PochiMod/.gradle/repositories/ng_dummy_ng/net/neoforged/neoforge/21.11.38-beta/neoforge-21.11.38-beta.jar)), filtered(jar(E:/mod/PochiMod/.gradle/repositories/ng_dummy_ng/net/neoforged/neoforge/21.11.38-beta/neoforge-21.11.38-beta.jar))))
 - mixinextras.neoforge (jar(C:/Users/20171/.gradle/caches/modules-2/files-2.1/io.github.llamalad7/mixinextras-neoforge/0.5.0/d734b83ce6542bb70ea31755c1595b88992dbe65/mixinextras-neoforge-0.5.0.jar))
 - neoforge (composite(filtered(jar(C:/Users/20171/.gradle/caches/modules-2/files-2.1/net.neoforged/neoforge/21.11.38-beta/3425b0afef02d6a90f7204843bd3cb774c48e372/neoforge-21.11.38-beta-universal.jar))))
 - net.neoforged.fml.generated (empty(VirtualJar/net.neoforged.fml.generated))
 - pochimod (composite(folder(E:/mod/PochiMod/build/resources/main), folder(E:/mod/PochiMod/build/classes/java/main)))
 - terrablender (jar(C:/Users/20171/.gradle/caches/modules-2/files-2.1/com.github.glitchfiend/TerraBlender-neoforge/1.21.11-21.11.0.0/ecd358337a0e0f2f27b3d2bef2a423691c601388/TerraBlender-neoforge-1.21.11-21.11.0.0.jar))
[173月2026 00:01:14.951] [main/INFO] [net.neoforged.fml.loading.FMLLoader/]: Built game content classloader in 59ms
[173月2026 00:01:15.039] [main/DEBUG] [mixin/]: Compatibility level JAVA_17 specified by terrablender.mixins.json is lower than the default level supported by the current mixin service (JAVA_21).
[173月2026 00:01:15.040] [main/DEBUG] [mixin/]: Compatibility level JAVA_17 specified by terrablender.mixins.json is higher than the maximum level supported by this version of mixin (JAVA_13).
[173月2026 00:01:15.043] [main/DEBUG] [mixin/]: Compatibility level JAVA_17 specified by terrablender_neoforge.mixins.json is lower than the default level supported by the current mixin service (JAVA_21).
[173月2026 00:01:15.043] [main/DEBUG] [mixin/]: Compatibility level JAVA_17 specified by terrablender_neoforge.mixins.json is higher than the maximum level supported by this version of mixin (JAVA_13).
[173月2026 00:01:15.049] [main/DEBUG] [mixin/]: Compatibility level JAVA_17 specified by geckolib.mixins.json is lower than the default level supported by the current mixin service (JAVA_21).
[173月2026 00:01:15.049] [main/DEBUG] [mixin/]: Compatibility level JAVA_17 specified by geckolib.mixins.json is higher than the maximum level supported by this version of mixin (JAVA_13).
[173月2026 00:01:15.053] [main/DEBUG] [mixin/]: Processing launch tasks for PlatformAgent[MixinPlatformAgentDefault:ContainerHandleVirtual(fml:18c85)]
[173月2026 00:01:15.054] [main/DEBUG] [mixin/]: Processing launch tasks for PlatformAgent[MixinPlatformAgentDefault:ContainerHandleVirtual(fml:18c85)]
[173月2026 00:01:15.055] [main/DEBUG] [mixin/]: Adding agents for Mixin Container composite(filtered(jar(C:/Users/20171/.gradle/caches/modules-2/files-2.1/net.neoforged/neoforge/21.11.38-beta/3425b0afef02d6a90f7204843bd3cb774c48e372/neoforge-21.11.38-beta-universal.jar))) > jar(C:/Users/20171/.gradle/caches/modules-2/files-2.1/net.neoforged/neoforge/21.11.38-beta/3425b0afef02d6a90f7204843bd3cb774c48e372/neoforge-21.11.38-beta-universal.jar > net.neoforged.neoforge-coremods-21.11.38-beta.jar)
[173月2026 00:01:15.055] [main/DEBUG] [mixin/]: Adding mixin platform agents for container composite(filtered(jar(C:/Users/20171/.gradle/caches/modules-2/files-2.1/net.neoforged/neoforge/21.11.38-beta/3425b0afef02d6a90f7204843bd3cb774c48e372/neoforge-21.11.38-beta-universal.jar))) > jar(C:/Users/20171/.gradle/caches/modules-2/files-2.1/net.neoforged/neoforge/21.11.38-beta/3425b0afef02d6a90f7204843bd3cb774c48e372/neoforge-21.11.38-beta-universal.jar > net.neoforged.neoforge-coremods-21.11.38-beta.jar)
[173月2026 00:01:15.055] [main/DEBUG] [mixin/]: Instancing new MixinPlatformAgentDefault for composite(filtered(jar(C:/Users/20171/.gradle/caches/modules-2/files-2.1/net.neoforged/neoforge/21.11.38-beta/3425b0afef02d6a90f7204843bd3cb774c48e372/neoforge-21.11.38-beta-universal.jar))) > jar(C:/Users/20171/.gradle/caches/modules-2/files-2.1/net.neoforged/neoforge/21.11.38-beta/3425b0afef02d6a90f7204843bd3cb774c48e372/neoforge-21.11.38-beta-universal.jar > net.neoforged.neoforge-coremods-21.11.38-beta.jar)
[173月2026 00:01:15.056] [main/DEBUG] [mixin/]: MixinPlatformAgentDefault accepted container composite(filtered(jar(C:/Users/20171/.gradle/caches/modules-2/files-2.1/net.neoforged/neoforge/21.11.38-beta/3425b0afef02d6a90f7204843bd3cb774c48e372/neoforge-21.11.38-beta-universal.jar))) > jar(C:/Users/20171/.gradle/caches/modules-2/files-2.1/net.neoforged/neoforge/21.11.38-beta/3425b0afef02d6a90f7204843bd3cb774c48e372/neoforge-21.11.38-beta-universal.jar > net.neoforged.neoforge-coremods-21.11.38-beta.jar)
[173月2026 00:01:15.056] [main/DEBUG] [mixin/]: Instancing new MixinPlatformAgentDefault for composite(filtered(jar(C:/Users/20171/.gradle/caches/modules-2/files-2.1/net.neoforged/neoforge/21.11.38-beta/3425b0afef02d6a90f7204843bd3cb774c48e372/neoforge-21.11.38-beta-universal.jar))) > jar(C:/Users/20171/.gradle/caches/modules-2/files-2.1/net.neoforged/neoforge/21.11.38-beta/3425b0afef02d6a90f7204843bd3cb774c48e372/neoforge-21.11.38-beta-universal.jar > net.neoforged.neoforge-coremods-21.11.38-beta.jar)
[173月2026 00:01:15.056] [main/DEBUG] [mixin/]: MixinPlatformAgentDefault accepted container composite(filtered(jar(C:/Users/20171/.gradle/caches/modules-2/files-2.1/net.neoforged/neoforge/21.11.38-beta/3425b0afef02d6a90f7204843bd3cb774c48e372/neoforge-21.11.38-beta-universal.jar))) > jar(C:/Users/20171/.gradle/caches/modules-2/files-2.1/net.neoforged/neoforge/21.11.38-beta/3425b0afef02d6a90f7204843bd3cb774c48e372/neoforge-21.11.38-beta-universal.jar > net.neoforged.neoforge-coremods-21.11.38-beta.jar)
[173月2026 00:01:15.056] [main/DEBUG] [mixin/]: Processing prepare() for PlatformAgent[MixinPlatformAgentDefault:composite(filtered(jar(C:/Users/20171/.gradle/caches/modules-2/files-2.1/net.neoforged/neoforge/21.11.38-beta/3425b0afef02d6a90f7204843bd3cb774c48e372/neoforge-21.11.38-beta-universal.jar))) > jar(C:/Users/20171/.gradle/caches/modules-2/files-2.1/net.neoforged/neoforge/21.11.38-beta/3425b0afef02d6a90f7204843bd3cb774c48e372/neoforge-21.11.38-beta-universal.jar > net.neoforged.neoforge-coremods-21.11.38-beta.jar)]
[173月2026 00:01:15.056] [main/DEBUG] [mixin/]: Processing prepare() for PlatformAgent[MixinPlatformAgentDefault:composite(filtered(jar(C:/Users/20171/.gradle/caches/modules-2/files-2.1/net.neoforged/neoforge/21.11.38-beta/3425b0afef02d6a90f7204843bd3cb774c48e372/neoforge-21.11.38-beta-universal.jar))) > jar(C:/Users/20171/.gradle/caches/modules-2/files-2.1/net.neoforged/neoforge/21.11.38-beta/3425b0afef02d6a90f7204843bd3cb774c48e372/neoforge-21.11.38-beta-universal.jar > net.neoforged.neoforge-coremods-21.11.38-beta.jar)]
[173月2026 00:01:15.056] [main/DEBUG] [mixin/]: Adding agents for Mixin Container jar(C:/Users/20171/.gradle/caches/modules-2/files-2.1/io.github.llamalad7/mixinextras-neoforge/0.5.0/d734b83ce6542bb70ea31755c1595b88992dbe65/mixinextras-neoforge-0.5.0.jar)
[173月2026 00:01:15.057] [main/DEBUG] [mixin/]: Adding mixin platform agents for container jar(C:/Users/20171/.gradle/caches/modules-2/files-2.1/io.github.llamalad7/mixinextras-neoforge/0.5.0/d734b83ce6542bb70ea31755c1595b88992dbe65/mixinextras-neoforge-0.5.0.jar)
[173月2026 00:01:15.057] [main/DEBUG] [mixin/]: Instancing new MixinPlatformAgentDefault for jar(C:/Users/20171/.gradle/caches/modules-2/files-2.1/io.github.llamalad7/mixinextras-neoforge/0.5.0/d734b83ce6542bb70ea31755c1595b88992dbe65/mixinextras-neoforge-0.5.0.jar)
[173月2026 00:01:15.057] [main/DEBUG] [mixin/]: MixinPlatformAgentDefault accepted container jar(C:/Users/20171/.gradle/caches/modules-2/files-2.1/io.github.llamalad7/mixinextras-neoforge/0.5.0/d734b83ce6542bb70ea31755c1595b88992dbe65/mixinextras-neoforge-0.5.0.jar)
[173月2026 00:01:15.057] [main/DEBUG] [mixin/]: Instancing new MixinPlatformAgentDefault for jar(C:/Users/20171/.gradle/caches/modules-2/files-2.1/io.github.llamalad7/mixinextras-neoforge/0.5.0/d734b83ce6542bb70ea31755c1595b88992dbe65/mixinextras-neoforge-0.5.0.jar)
[173月2026 00:01:15.058] [main/DEBUG] [mixin/]: MixinPlatformAgentDefault accepted container jar(C:/Users/20171/.gradle/caches/modules-2/files-2.1/io.github.llamalad7/mixinextras-neoforge/0.5.0/d734b83ce6542bb70ea31755c1595b88992dbe65/mixinextras-neoforge-0.5.0.jar)
[173月2026 00:01:15.058] [main/DEBUG] [mixin/]: Processing prepare() for PlatformAgent[MixinPlatformAgentDefault:jar(C:/Users/20171/.gradle/caches/modules-2/files-2.1/io.github.llamalad7/mixinextras-neoforge/0.5.0/d734b83ce6542bb70ea31755c1595b88992dbe65/mixinextras-neoforge-0.5.0.jar)]
[173月2026 00:01:15.059] [main/DEBUG] [mixin/]: Registering mixin config: mixinextras.init.mixins.json source=jar(C:/Users/20171/.gradle/caches/modules-2/files-2.1/io.github.llamalad7/mixinextras-neoforge/0.5.0/d734b83ce6542bb70ea31755c1595b88992dbe65/mixinextras-neoforge-0.5.0.jar)
[173月2026 00:01:15.063] [main/DEBUG] [mixin/]: Processing prepare() for PlatformAgent[MixinPlatformAgentDefault:jar(C:/Users/20171/.gradle/caches/modules-2/files-2.1/io.github.llamalad7/mixinextras-neoforge/0.5.0/d734b83ce6542bb70ea31755c1595b88992dbe65/mixinextras-neoforge-0.5.0.jar)]
[173月2026 00:01:15.064] [main/DEBUG] [mixin/]: Registering mixin config: mixinextras.init.mixins.json source=jar(C:/Users/20171/.gradle/caches/modules-2/files-2.1/io.github.llamalad7/mixinextras-neoforge/0.5.0/d734b83ce6542bb70ea31755c1595b88992dbe65/mixinextras-neoforge-0.5.0.jar)
[173月2026 00:01:15.064] [main/DEBUG] [mixin/]: inject() running with 3 agents
[173月2026 00:01:15.064] [main/DEBUG] [mixin/]: Processing inject() for PlatformAgent[MixinPlatformAgentDefault:ContainerHandleVirtual(fml:18c85)]
[173月2026 00:01:15.066] [main/DEBUG] [mixin/]: Processing inject() for PlatformAgent[MixinPlatformAgentDefault:ContainerHandleVirtual(fml:18c85)]
[173月2026 00:01:15.066] [main/DEBUG] [mixin/]: Processing inject() for PlatformAgent[MixinPlatformAgentDefault:composite(filtered(jar(C:/Users/20171/.gradle/caches/modules-2/files-2.1/net.neoforged/neoforge/21.11.38-beta/3425b0afef02d6a90f7204843bd3cb774c48e372/neoforge-21.11.38-beta-universal.jar))) > jar(C:/Users/20171/.gradle/caches/modules-2/files-2.1/net.neoforged/neoforge/21.11.38-beta/3425b0afef02d6a90f7204843bd3cb774c48e372/neoforge-21.11.38-beta-universal.jar > net.neoforged.neoforge-coremods-21.11.38-beta.jar)]
[173月2026 00:01:15.066] [main/DEBUG] [mixin/]: Processing inject() for PlatformAgent[MixinPlatformAgentDefault:composite(filtered(jar(C:/Users/20171/.gradle/caches/modules-2/files-2.1/net.neoforged/neoforge/21.11.38-beta/3425b0afef02d6a90f7204843bd3cb774c48e372/neoforge-21.11.38-beta-universal.jar))) > jar(C:/Users/20171/.gradle/caches/modules-2/files-2.1/net.neoforged/neoforge/21.11.38-beta/3425b0afef02d6a90f7204843bd3cb774c48e372/neoforge-21.11.38-beta-universal.jar > net.neoforged.neoforge-coremods-21.11.38-beta.jar)]
[173月2026 00:01:15.066] [main/DEBUG] [mixin/]: Processing inject() for PlatformAgent[MixinPlatformAgentDefault:jar(C:/Users/20171/.gradle/caches/modules-2/files-2.1/io.github.llamalad7/mixinextras-neoforge/0.5.0/d734b83ce6542bb70ea31755c1595b88992dbe65/mixinextras-neoforge-0.5.0.jar)]
[173月2026 00:01:15.067] [main/DEBUG] [mixin/]: Processing inject() for PlatformAgent[MixinPlatformAgentDefault:jar(C:/Users/20171/.gradle/caches/modules-2/files-2.1/io.github.llamalad7/mixinextras-neoforge/0.5.0/d734b83ce6542bb70ea31755c1595b88992dbe65/mixinextras-neoforge-0.5.0.jar)]
[173月2026 00:01:15.071] [main/DEBUG] [mixin/]: Preparing mixins for MixinEnvironment[DEFAULT]
[173月2026 00:01:15.072] [main/DEBUG] [mixin/]: Selecting config terrablender.mixins.json
[173月2026 00:01:15.080] [main/WARN] [mixin/]: Reference map 'terrablender.refmap.json' for terrablender.mixins.json could not be read. If this is a development environment you can ignore this message
[173月2026 00:01:15.081] [main/DEBUG] [mixin/]: Selecting config terrablender_neoforge.mixins.json
[173月2026 00:01:15.081] [main/WARN] [mixin/]: Reference map 'terrablender.refmap.json' for terrablender_neoforge.mixins.json could not be read. If this is a development environment you can ignore this message
[173月2026 00:01:15.081] [main/DEBUG] [mixin/]: Selecting config geckolib.mixins.json
[173月2026 00:01:15.082] [main/WARN] [mixin/]: Reference map 'geckolib.refmap.json' for geckolib.mixins.json could not be read. If this is a development environment you can ignore this message
[173月2026 00:01:15.082] [main/DEBUG] [mixin/]: Selecting config neoforge.mixins.json
[173月2026 00:01:15.082] [main/DEBUG] [mixin/]: Selecting config mixinextras.init.mixins.json
[173月2026 00:01:15.150] [main/DEBUG] [MixinExtras|Service/]: com.llamalad7.mixinextras.service.MixinExtrasServiceImpl(version=0.5.0) is taking over from null
[173月2026 00:01:15.193] [main/DEBUG] [mixin/]: Registering new injector for @Inject with org.spongepowered.asm.mixin.injection.struct.CallbackInjectionInfo
[173月2026 00:01:15.195] [main/DEBUG] [mixin/]: Registering new injector for @ModifyArg with org.spongepowered.asm.mixin.injection.struct.ModifyArgInjectionInfo
[173月2026 00:01:15.196] [main/DEBUG] [mixin/]: Registering new injector for @ModifyArgs with org.spongepowered.asm.mixin.injection.struct.ModifyArgsInjectionInfo
[173月2026 00:01:15.197] [main/DEBUG] [mixin/]: Registering new injector for @Redirect with org.spongepowered.asm.mixin.injection.struct.RedirectInjectionInfo
[173月2026 00:01:15.199] [main/DEBUG] [mixin/]: Registering new injector for @ModifyVariable with org.spongepowered.asm.mixin.injection.struct.ModifyVariableInjectionInfo
[173月2026 00:01:15.200] [main/DEBUG] [mixin/]: Registering new injector for @ModifyConstant with org.spongepowered.asm.mixin.injection.struct.ModifyConstantInjectionInfo
[173月2026 00:01:15.215] [main/DEBUG] [mixin/]: Preparing terrablender.mixins.json (11)
[173月2026 00:01:15.367] [main/DEBUG] [mixin/]: Preparing terrablender_neoforge.mixins.json (0)
[173月2026 00:01:15.368] [main/DEBUG] [mixin/]: Preparing geckolib.mixins.json (12)
[173月2026 00:01:15.420] [main/DEBUG] [mixin/]: Preparing neoforge.mixins.json (2)
[173月2026 00:01:15.428] [main/DEBUG] [mixin/]: Preparing mixinextras.init.mixins.json (0)
[173月2026 00:01:15.485] [main/DEBUG] [mixin/]: Prepared 25 mixins in 0.409 sec (16.4ms avg) (0ms load, 0ms transform, 0ms plugin)
[173月2026 00:01:15.731] [main/DEBUG] [io.netty.util.internal.logging.InternalLoggerFactory/]: Using SLF4J as the default logging framework
[173月2026 00:01:15.733] [main/DEBUG] [io.netty.util.ResourceLeakDetector/]: -Dio.netty.leakDetection.level: simple
[173月2026 00:01:15.734] [main/DEBUG] [io.netty.util.ResourceLeakDetector/]: -Dio.netty.leakDetection.targetRecords: 4
[173月2026 00:01:16.891] [Datafixer Bootstrap/INFO] [com.mojang.datafixers.DataFixerBuilder/]: 290 Datafixer optimizations took 553 milliseconds
[173月2026 00:01:16.984] [pool-11-thread-1/INFO] [MixinExtras|Service/]: Initializing MixinExtras via com.llamalad7.mixinextras.service.MixinExtrasServiceImpl(version=0.5.0).
[173月2026 00:01:16.986] [pool-11-thread-1/DEBUG] [mixin/]: Registering new injector for @SugarWrapper with com.llamalad7.mixinextras.sugar.impl.SugarWrapperInjectionInfo
[173月2026 00:01:16.986] [pool-11-thread-1/DEBUG] [mixin/]: Registering new injector for @FactoryRedirectWrapper with com.llamalad7.mixinextras.wrapper.factory.FactoryRedirectWrapperInjectionInfo
[173月2026 00:01:16.987] [pool-11-thread-1/DEBUG] [mixin/]: Registering new injector for @ExpressionInjectorWrapper with com.llamalad7.mixinextras.expression.impl.wrapper.ExpressionInjectorWrapperInjectionInfo
[173月2026 00:01:17.002] [pool-11-thread-1/DEBUG] [mixin/]: Mixing MixinBuiltInRegistries from terrablender.mixins.json into net.minecraft.core.registries.BuiltInRegistries
[173月2026 00:01:17.005] [pool-11-thread-1/DEBUG] [mixin/]: terrablender.mixins.json:MixinBuiltInRegistries from mod terrablender: Class version 65 required is higher than the class version supported by the current version of Mixin (JAVA_17 supports class version 61)
[173月2026 00:01:17.010] [pool-11-thread-1/DEBUG] [mixin/]: Renaming synthetic method lambda$registerSimple$0(Lnet/minecraft/core/registries/BuiltInRegistries$RegistryBootstrap;Lnet/minecraft/core/Registry;)Ljava/lang/Object; to md352a85$terrablender$lambda$registerSimple$0$0 in terrablender.mixins.json:MixinBuiltInRegistries from mod terrablender
[173月2026 00:01:17.055] [pool-11-thread-1/DEBUG] [mixin/]: terrablender.mixins.json:MixinBuiltInRegistries from mod terrablender->@Inject::registerSimple(Lnet/minecraft/resources/ResourceKey;Lnet/minecraft/core/registries/BuiltInRegistries$RegistryBootstrap;Lorg/spongepowered/asm/mixin/injection/callback/CallbackInfoReturnable;)V does use it's CallbackInfoReturnable
[173月2026 00:01:17.072] [pool-11-thread-1/DEBUG] [mixin/]: Mixing MappedRegistryAccessor from neoforge.mixins.json into net.minecraft.core.MappedRegistry
[173月2026 00:01:17.233] [pool-11-thread-1/DEBUG] [mixin/]: Mixing common.LivingEntityMixin from geckolib.mixins.json into net.minecraft.world.entity.LivingEntity
[173月2026 00:01:17.259] [pool-11-thread-1/DEBUG] [mixin/]: geckolib.mixins.json:common.LivingEntityMixin from mod geckolib: Class version 65 required is higher than the class version supported by the current version of Mixin (JAVA_17 supports class version 61)
[173月2026 00:01:18.223] [pool-11-thread-1/DEBUG] [mixin/]: Mixing BlockEntityTypeAccessor from neoforge.mixins.json into net.minecraft.world.level.block.entity.BlockEntityType
[173月2026 00:01:18.266] [pool-11-thread-1/DEBUG] [mixin/]: Mixing common.AbstractContainerMenuMixin from geckolib.mixins.json into net.minecraft.world.inventory.AbstractContainerMenu
[173月2026 00:01:18.267] [pool-11-thread-1/DEBUG] [mixin/]: geckolib.mixins.json:common.AbstractContainerMenuMixin from mod geckolib: Class version 65 required is higher than the class version supported by the current version of Mixin (JAVA_17 supports class version 61)
[173月2026 00:01:18.554] [pool-11-thread-1/DEBUG] [mixin/]: Mixing common.ItemStackMixin from geckolib.mixins.json into net.minecraft.world.item.ItemStack
[173月2026 00:01:18.554] [pool-11-thread-1/DEBUG] [mixin/]: geckolib.mixins.json:common.ItemStackMixin from mod geckolib: Class version 65 required is higher than the class version supported by the current version of Mixin (JAVA_17 supports class version 61)
[173月2026 00:01:21.965] [pool-11-thread-1/DEBUG] [mixin/]: Mixing MixinBiomeSource from terrablender.mixins.json into net.minecraft.world.level.biome.BiomeSource
[173月2026 00:01:21.966] [pool-11-thread-1/DEBUG] [mixin/]: terrablender.mixins.json:MixinBiomeSource from mod terrablender: Class version 65 required is higher than the class version supported by the current version of Mixin (JAVA_17 supports class version 61)
[173月2026 00:01:21.966] [pool-11-thread-1/DEBUG] [mixin/]: Renaming synthetic method lambda$appendDeferredBiomesList$0(Ljava/util/List;)Ljava/util/Set; to md352a85$terrablender$lambda$appendDeferredBiomesList$0$0 in terrablender.mixins.json:MixinBiomeSource from mod terrablender
[173月2026 00:01:22.005] [pool-11-thread-1/DEBUG] [mixin/]: Mixing MixinMultiNoiseBiomeSource from terrablender.mixins.json into net.minecraft.world.level.biome.MultiNoiseBiomeSource
[173月2026 00:01:22.006] [pool-11-thread-1/DEBUG] [mixin/]: terrablender.mixins.json:MixinMultiNoiseBiomeSource from mod terrablender: Class version 65 required is higher than the class version supported by the current version of Mixin (JAVA_17 supports class version 61)
[173月2026 00:01:22.008] [pool-11-thread-1/DEBUG] [mixin/]: Mixing MultiNoiseBiomeSourceAccess from terrablender.mixins.json into net.minecraft.world.level.biome.MultiNoiseBiomeSource
[173月2026 00:01:22.009] [pool-11-thread-1/DEBUG] [mixin/]: terrablender.mixins.json:MultiNoiseBiomeSourceAccess from mod terrablender: Class version 65 required is higher than the class version supported by the current version of Mixin (JAVA_17 supports class version 61)
[173月2026 00:01:22.013] [pool-11-thread-1/DEBUG] [mixin/]: terrablender.mixins.json:MixinMultiNoiseBiomeSource from mod terrablender->@Inject::getNoiseBiome(IIILnet/minecraft/world/level/biome/Climate$Sampler;Lorg/spongepowered/asm/mixin/injection/callback/CallbackInfoReturnable;)V does use it's CallbackInfoReturnable
[173月2026 00:01:22.013] [pool-11-thread-1/DEBUG] [mixin/]: terrablender.mixins.json:MixinMultiNoiseBiomeSource from mod terrablender->@Inject::addDebugInfo(Ljava/util/List;Lnet/minecraft/core/BlockPos;Lnet/minecraft/world/level/biome/Climate$Sampler;Lorg/spongepowered/asm/mixin/injection/callback/CallbackInfo;)V doesn't use it's CallbackInfo
[173月2026 00:01:22.014] [pool-11-thread-1/DEBUG] [mixin/]: terrablender.mixins.json:MixinMultiNoiseBiomeSource from mod terrablender->@Inject::addDebugInfo(Ljava/util/List;Lnet/minecraft/core/BlockPos;Lnet/minecraft/world/level/biome/Climate$Sampler;Lorg/spongepowered/asm/mixin/injection/callback/CallbackInfo;)V has 0 override(s) in child classes
[173月2026 00:01:22.014] [pool-11-thread-1/DEBUG] [mixin/]: terrablender.mixins.json:MixinMultiNoiseBiomeSource from mod terrablender->@Inject::addDebugInfo(Ljava/util/List;Lnet/minecraft/core/BlockPos;Lnet/minecraft/world/level/biome/Climate$Sampler;Lorg/spongepowered/asm/mixin/injection/callback/CallbackInfo;)V won't be passed a CallbackInfo as a result
[173月2026 00:01:22.017] [pool-11-thread-1/DEBUG] [mixin/]: Mixing MixinParameterList from terrablender.mixins.json into net.minecraft.world.level.biome.Climate$ParameterList
[173月2026 00:01:22.017] [pool-11-thread-1/DEBUG] [mixin/]: terrablender.mixins.json:MixinParameterList from mod terrablender: Class version 65 required is higher than the class version supported by the current version of Mixin (JAVA_17 supports class version 61)
[173月2026 00:01:22.018] [pool-11-thread-1/DEBUG] [mixin/]: Renaming synthetic method lambda$initializeForTerraBlender$1(Lnet/minecraft/core/Registry;Ljava/util/List;Lcom/mojang/datafixers/util/Pair;)V to md352a85$terrablender$lambda$initializeForTerraBlender$1$0 in terrablender.mixins.json:MixinParameterList from mod terrablender
[173月2026 00:01:22.018] [pool-11-thread-1/DEBUG] [mixin/]: Renaming synthetic method lambda$initializeForTerraBlender$0(Lterrablender/api/RegionType;JLterrablender/worldgen/noise/InitialLayer;)Lterrablender/worldgen/noise/Area; to md352a85$terrablender$lambda$initializeForTerraBlender$0$1 in terrablender.mixins.json:MixinParameterList from mod terrablender
[173月2026 00:01:22.034] [pool-11-thread-1/DEBUG] [mixin/]: Mixing MixinTheEndBiomeSource from terrablender.mixins.json into net.minecraft.world.level.biome.TheEndBiomeSource
[173月2026 00:01:22.034] [pool-11-thread-1/DEBUG] [mixin/]: terrablender.mixins.json:MixinTheEndBiomeSource from mod terrablender: Class version 65 required is higher than the class version supported by the current version of Mixin (JAVA_17 supports class version 61)
[173月2026 00:01:22.035] [pool-11-thread-1/DEBUG] [mixin/]: Renaming synthetic method lambda$initializeForTerraBlender$0(Lnet/minecraft/resources/ResourceKey;)V to md352a85$terrablender$lambda$initializeForTerraBlender$0$0 in terrablender.mixins.json:MixinTheEndBiomeSource from mod terrablender
[173月2026 00:01:22.042] [pool-11-thread-1/DEBUG] [mixin/]: terrablender.mixins.json:MixinTheEndBiomeSource from mod terrablender->@Inject::onCollectPossibleBiomes(Lorg/spongepowered/asm/mixin/injection/callback/CallbackInfoReturnable;)V does use it's CallbackInfoReturnable
[173月2026 00:01:22.043] [pool-11-thread-1/DEBUG] [mixin/]: terrablender.mixins.json:MixinTheEndBiomeSource from mod terrablender->@Inject::onGetNoiseBiome(IIILnet/minecraft/world/level/biome/Climate$Sampler;Lorg/spongepowered/asm/mixin/injection/callback/CallbackInfoReturnable;)V does use it's CallbackInfoReturnable
[173月2026 00:01:22.047] [pool-11-thread-1/DEBUG] [mixin/]: Mixing MixinNoiseBasedChunkGenerator from terrablender.mixins.json into net.minecraft.world.level.levelgen.NoiseBasedChunkGenerator
[173月2026 00:01:22.047] [pool-11-thread-1/DEBUG] [mixin/]: terrablender.mixins.json:MixinNoiseBasedChunkGenerator from mod terrablender: Class version 65 required is higher than the class version supported by the current version of Mixin (JAVA_17 supports class version 61)
[173月2026 00:01:22.053] [pool-11-thread-1/DEBUG] [mixin/]: Mixing MixinChunkGenerator from terrablender.mixins.json into net.minecraft.world.level.chunk.ChunkGenerator
[173月2026 00:01:22.053] [pool-11-thread-1/DEBUG] [mixin/]: terrablender.mixins.json:MixinChunkGenerator from mod terrablender: Class version 65 required is higher than the class version supported by the current version of Mixin (JAVA_17 supports class version 61)
[173月2026 00:01:22.054] [pool-11-thread-1/DEBUG] [mixin/]: terrablender.mixins.json:MixinChunkGenerator from mod terrablender->@Inject::validate(Lorg/spongepowered/asm/mixin/injection/callback/CallbackInfo;)V does use it's CallbackInfo
[173月2026 00:01:22.060] [pool-11-thread-1/DEBUG] [mixin/]: Mixing MixinNoiseGeneratorSettings from terrablender.mixins.json into net.minecraft.world.level.levelgen.NoiseGeneratorSettings
[173月2026 00:01:22.060] [pool-11-thread-1/DEBUG] [mixin/]: terrablender.mixins.json:MixinNoiseGeneratorSettings from mod terrablender: Class version 65 required is higher than the class version supported by the current version of Mixin (JAVA_17 supports class version 61)
[173月2026 00:01:22.062] [pool-11-thread-1/DEBUG] [mixin/]: terrablender.mixins.json:MixinNoiseGeneratorSettings from mod terrablender->@Inject::surfaceRule(Lorg/spongepowered/asm/mixin/injection/callback/CallbackInfoReturnable;)V does use it's CallbackInfoReturnable
[173月2026 00:01:23.231] [main/WARN] [net.minecraft.commands.Commands/]: Ambiguity between arguments [teleport, location] and [teleport, destination] with inputs: [0.1 -0.5 .9, 0 0 0]
[173月2026 00:01:23.232] [main/WARN] [net.minecraft.commands.Commands/]: Ambiguity between arguments [teleport, location] and [teleport, targets] with inputs: [0.1 -0.5 .9, 0 0 0]
[173月2026 00:01:23.236] [main/WARN] [net.minecraft.commands.Commands/]: Ambiguity between arguments [teleport, destination] and [teleport, targets] with inputs: [Player, 0123, @e, dd12be42-52a9-4a91-a8a1-11c01849e498]
[173月2026 00:01:23.238] [main/WARN] [net.minecraft.commands.Commands/]: Ambiguity between arguments [teleport, targets] and [teleport, destination] with inputs: [Player, 0123, dd12be42-52a9-4a91-a8a1-11c01849e498]
[173月2026 00:01:23.239] [main/WARN] [net.minecraft.commands.Commands/]: Ambiguity between arguments [teleport, targets, location] and [teleport, targets, destination] with inputs: [0.1 -0.5 .9, 0 0 0]
[173月2026 00:01:23.241] [main/WARN] [net.minecraft.commands.Commands/]: Ambiguity between arguments [waypoint, modify, waypoint, color, reset] and [waypoint, modify, waypoint, color, color] with inputs: [reset]
[173月2026 00:01:23.274] [main/DEBUG] [net.neoforged.fml.ModWorkManager/LOADING]: Using 16 threads for parallel mod-loading
[173月2026 00:01:23.285] [main/DEBUG] [net.neoforged.fml.javafmlmod.FMLModContainer/LOADING]: Creating FMLModContainer instance for terrablender with entrypoints [terrablender.core.TerraBlenderNeoForge]
[173月2026 00:01:23.288] [main/DEBUG] [net.neoforged.fml.javafmlmod.FMLModContainer/LOADING]: Creating FMLModContainer instance for geckolib with entrypoints [software.bernie.geckolib.GeckoLib]
[173月2026 00:01:23.289] [main/DEBUG] [net.neoforged.fml.javafmlmod.FMLModContainer/LOADING]: Creating FMLModContainer instance for neoforge with entrypoints [net.neoforged.neoforge.common.NeoForgeMod, net.neoforged.neoforge.common.OnlyInWarningsHandler, net.neoforged.neoforge.client.ClientNeoForgeMod]
[173月2026 00:01:23.292] [main/DEBUG] [net.neoforged.fml.javafmlmod.FMLModContainer/LOADING]: Creating FMLModContainer instance for jei with entrypoints [mezz.jei.neoforge.JustEnoughItems]
[173月2026 00:01:23.293] [main/DEBUG] [net.neoforged.fml.javafmlmod.FMLModContainer/LOADING]: Creating FMLModContainer instance for pochimod with entrypoints [net.pochi.pochimod.PochiMod]
[173月2026 00:01:23.315] [modloading-worker-0/DEBUG] [net.neoforged.fml.javafmlmod.AutomaticEventSubscriber/LOADING]: Attempting to inject @EventBusSubscriber classes into the eventbus for terrablender
[173月2026 00:01:23.317] [modloading-worker-0/DEBUG] [GeckoLib/]: Loaded software.bernie.geckolib.platform.GeckoLibNeoForge@66b5ca03 for service interface software.bernie.geckolib.service.GeckoLibPlatform
[173月2026 00:01:23.318] [modloading-worker-0/DEBUG] [GeckoLib/]: Loaded software.bernie.geckolib.network.GeckoLibNetworkingNeoForge@2db4a001 for service interface software.bernie.geckolib.service.GeckoLibNetworking
[173月2026 00:01:23.318] [modloading-worker-0/DEBUG] [net.neoforged.fml.javafmlmod.AutomaticEventSubscriber/LOADING]: Attempting to inject @EventBusSubscriber classes into the eventbus for geckolib
[173月2026 00:01:23.319] [modloading-worker-0/DEBUG] [net.neoforged.fml.javafmlmod.AutomaticEventSubscriber/LOADING]: Scanning class software.bernie.geckolib.GeckoLibClient for @SubscribeEvent-annotated methods
[173月2026 00:01:23.321] [modloading-worker-0/DEBUG] [net.neoforged.fml.javafmlmod.AutomaticEventSubscriber/LOADING]: Subscribing method public static void software.bernie.geckolib.GeckoLibClient.registerReloadListeners(net.neoforged.neoforge.client.event.AddClientReloadListenersEvent) to the event bus of mod geckolib
[173月2026 00:01:23.324] [modloading-worker-0/INFO] [net.neoforged.neoforge.common.NeoForgeMod/NEOFORGE-MOD]: NeoForge mod loading, version 21.11.38-beta, for MC 1.21.11
[173月2026 00:01:23.324] [modloading-worker-0/DEBUG] [net.neoforged.fml.config.ConfigTracker/CONFIG]: Config file jei-server.toml for jei tracking
[173月2026 00:01:23.332] [modloading-worker-0/DEBUG] [net.neoforged.fml.config.ConfigTracker/CONFIG]: Config file neoforge-server.toml for neoforge tracking
[173月2026 00:01:23.337] [modloading-worker-0/DEBUG] [net.neoforged.fml.config.ConfigTracker/CONFIG]: Config file neoforge-common.toml for neoforge tracking
[173月2026 00:01:23.371] [modloading-worker-0/DEBUG] [mezz.jei.common.platform.Services/]: Loaded mezz.jei.neoforge.platform.PlatformHelper@42038409 for service interface mezz.jei.common.platform.IPlatformHelper
[173月2026 00:01:23.383] [modloading-worker-0/DEBUG] [mezz.jei.common.config.file.ConfigSerializer/]: Loading config file: E:\mod\PochiMod\runs\client\config\jei\jei-debug.ini
[173月2026 00:01:23.402] [modloading-worker-0/DEBUG] [mezz.jei.common.config.file.ConfigSchema/]: Localization has not loaded yet, waiting to save the config file until JEI starts.
[173月2026 00:01:23.407] [modloading-worker-0/DEBUG] [mezz.jei.common.config.file.ConfigSerializer/]: Loading config file: E:\mod\PochiMod\runs\client\config\jei\jei-mod-id-format.ini
[173月2026 00:01:23.408] [modloading-worker-0/DEBUG] [mezz.jei.common.config.file.ConfigSchema/]: Localization has not loaded yet, waiting to save the config file until JEI starts.
[173月2026 00:01:23.410] [modloading-worker-0/DEBUG] [mezz.jei.common.config.file.ConfigSerializer/]: Loading config file: E:\mod\PochiMod\runs\client\config\jei\jei-colors.ini
[173月2026 00:01:23.419] [modloading-worker-0/DEBUG] [net.neoforged.fml.config.ConfigTracker/CONFIG]: Config file neoforge-client.toml for neoforge tracking
[173月2026 00:01:23.443] [modloading-worker-0/DEBUG] [net.neoforged.fml.javafmlmod.AutomaticEventSubscriber/LOADING]: Attempting to inject @EventBusSubscriber classes into the eventbus for neoforge
[173月2026 00:01:23.443] [modloading-worker-0/DEBUG] [net.neoforged.fml.javafmlmod.AutomaticEventSubscriber/LOADING]: Scanning class net.neoforged.neoforge.attachment.AttachmentInternals for @SubscribeEvent-annotated methods
[173月2026 00:01:23.445] [modloading-worker-0/DEBUG] [net.neoforged.fml.javafmlmod.AutomaticEventSubscriber/LOADING]: Subscribing method public static void net.neoforged.neoforge.attachment.AttachmentInternals.onPlayerClone(net.neoforged.neoforge.event.entity.player.PlayerEvent$Clone) to the game event bus
[173月2026 00:01:23.447] [modloading-worker-0/DEBUG] [net.neoforged.fml.javafmlmod.AutomaticEventSubscriber/LOADING]: Subscribing method public static void net.neoforged.neoforge.attachment.AttachmentInternals.onLivingConvert(net.neoforged.neoforge.event.entity.living.LivingConversionEvent$Post) to the game event bus
[173月2026 00:01:23.447] [modloading-worker-0/DEBUG] [net.neoforged.fml.javafmlmod.AutomaticEventSubscriber/LOADING]: Scanning class net.neoforged.neoforge.attachment.AttachmentSync for @SubscribeEvent-annotated methods
[173月2026 00:01:23.452] [modloading-worker-0/DEBUG] [net.neoforged.fml.javafmlmod.AutomaticEventSubscriber/LOADING]: Subscribing method public static void net.neoforged.neoforge.attachment.AttachmentSync.onChunkSent(net.neoforged.neoforge.event.level.ChunkWatchEvent$Sent) to the game event bus
[173月2026 00:01:23.452] [modloading-worker-0/DEBUG] [net.neoforged.fml.javafmlmod.AutomaticEventSubscriber/LOADING]: Scanning class net.neoforged.neoforge.client.BlockEntityRenderBoundsDebugRenderer for @SubscribeEvent-annotated methods
[173月2026 00:01:23.456] [modloading-worker-0/DEBUG] [net.neoforged.fml.javafmlmod.AutomaticEventSubscriber/LOADING]: Subscribing method public static void net.neoforged.neoforge.client.BlockEntityRenderBoundsDebugRenderer.onExtractLevelRenderState(net.neoforged.neoforge.client.event.ExtractLevelRenderStateEvent) to the game event bus
[173月2026 00:01:23.456] [modloading-worker-0/DEBUG] [net.neoforged.fml.javafmlmod.AutomaticEventSubscriber/LOADING]: Subscribing method public static void net.neoforged.neoforge.client.BlockEntityRenderBoundsDebugRenderer.onRegisterClientCommands(net.neoforged.neoforge.client.event.RegisterClientCommandsEvent) to the game event bus
[173月2026 00:01:23.456] [modloading-worker-0/DEBUG] [net.neoforged.fml.javafmlmod.AutomaticEventSubscriber/LOADING]: Subscribing method public static void net.neoforged.neoforge.client.BlockEntityRenderBoundsDebugRenderer.onRenderLevelStage(net.neoforged.neoforge.client.event.RenderLevelStageEvent$AfterEntities) to the game event bus
[173月2026 00:01:23.457] [modloading-worker-0/DEBUG] [net.neoforged.fml.javafmlmod.AutomaticEventSubscriber/LOADING]: Scanning class net.neoforged.neoforge.client.NeoForgeRenderPipelines for @SubscribeEvent-annotated methods
[173月2026 00:01:23.483] [modloading-worker-0/DEBUG] [net.neoforged.fml.javafmlmod.AutomaticEventSubscriber/LOADING]: Subscribing method static void net.neoforged.neoforge.client.NeoForgeRenderPipelines.registerPipelines(net.neoforged.neoforge.client.event.RegisterRenderPipelinesEvent) to the event bus of mod neoforge
[173月2026 00:01:23.484] [modloading-worker-0/DEBUG] [net.neoforged.fml.javafmlmod.AutomaticEventSubscriber/LOADING]: Scanning class net.neoforged.neoforge.client.network.ClientPayloadHandler for @SubscribeEvent-annotated methods
[173月2026 00:01:23.491] [modloading-worker-0/DEBUG] [mezz.jei.common.config.file.ConfigSchema/]: Localization has not loaded yet, waiting to save the config file until JEI starts.
[173月2026 00:01:23.502] [modloading-worker-0/DEBUG] [mezz.jei.common.config.file.ConfigSerializer/]: Loading config file: E:\mod\PochiMod\runs\client\config\jei\jei-client.ini
[173月2026 00:01:23.503] [modloading-worker-0/DEBUG] [net.neoforged.fml.javafmlmod.AutomaticEventSubscriber/LOADING]: Subscribing method private static void net.neoforged.neoforge.client.network.ClientPayloadHandler.register(net.neoforged.neoforge.client.network.event.RegisterClientPayloadHandlersEvent) to the event bus of mod neoforge
[173月2026 00:01:23.504] [modloading-worker-0/DEBUG] [net.neoforged.fml.javafmlmod.AutomaticEventSubscriber/LOADING]: Scanning class net.neoforged.neoforge.common.MonsterRoomHooks for @SubscribeEvent-annotated methods
[173月2026 00:01:23.505] [modloading-worker-0/DEBUG] [net.neoforged.fml.javafmlmod.AutomaticEventSubscriber/LOADING]: Subscribing method public static void net.neoforged.neoforge.common.MonsterRoomHooks.onDataMapsUpdated(net.neoforged.neoforge.registries.datamaps.DataMapsUpdatedEvent) to the game event bus
[173月2026 00:01:23.506] [modloading-worker-0/DEBUG] [net.neoforged.fml.javafmlmod.AutomaticEventSubscriber/LOADING]: Scanning class net.neoforged.neoforge.model.data.ModelDataManager for @SubscribeEvent-annotated methods
[173月2026 00:01:23.512] [modloading-worker-0/DEBUG] [net.neoforged.fml.javafmlmod.AutomaticEventSubscriber/LOADING]: Subscribing method public static void net.neoforged.neoforge.model.data.ModelDataManager.onChunkUnload(net.neoforged.neoforge.event.level.ChunkEvent$Unload) to the game event bus
[173月2026 00:01:23.513] [modloading-worker-0/DEBUG] [net.neoforged.fml.javafmlmod.AutomaticEventSubscriber/LOADING]: Scanning class net.neoforged.neoforge.network.ConfigurationInitialization for @SubscribeEvent-annotated methods
[173月2026 00:01:23.516] [modloading-worker-0/ERROR] [mezz.jei.common.config.file.ConfigSerializer/]: 'resourceLocationSearchMode' is not a valid config key for config category 'search'.
Valid keys: [modNameSearchMode, tagSearchMode, tooltipSearchMode, colorSearchMode, identifierSearchMode, creativeTabSearchMode, searchAdvancedTooltips, searchModIds, searchModAliases, searchShortModNames, searchIngredientAliases]
Skipping this key.
Config file: E:\mod\PochiMod\runs\client\config\jei\jei-client.ini
Line #177: "	resourceLocationSearchMode = DISABLED"
[173月2026 00:01:23.517] [modloading-worker-0/DEBUG] [mezz.jei.common.config.file.ConfigSchema/]: Localization has not loaded yet, waiting to save the config file until JEI starts.
[173月2026 00:01:23.521] [modloading-worker-0/DEBUG] [net.neoforged.fml.javafmlmod.AutomaticEventSubscriber/LOADING]: Subscribing method private static void net.neoforged.neoforge.network.ConfigurationInitialization.configureModdedClient(net.neoforged.neoforge.network.event.RegisterConfigurationTasksEvent) to the event bus of mod neoforge
[173月2026 00:01:23.521] [modloading-worker-0/DEBUG] [net.neoforged.fml.javafmlmod.AutomaticEventSubscriber/LOADING]: Scanning class net.neoforged.neoforge.network.NetworkInitialization for @SubscribeEvent-annotated methods
[173月2026 00:01:23.522] [modloading-worker-0/DEBUG] [net.neoforged.fml.javafmlmod.AutomaticEventSubscriber/LOADING]: Subscribing method private static void net.neoforged.neoforge.network.NetworkInitialization.register(net.neoforged.neoforge.network.event.RegisterPayloadHandlersEvent) to the event bus of mod neoforge
[173月2026 00:01:23.522] [modloading-worker-0/DEBUG] [net.neoforged.fml.javafmlmod.AutomaticEventSubscriber/LOADING]: Scanning class net.neoforged.neoforge.network.filters.GenericPacketSplitter for @SubscribeEvent-annotated methods
[173月2026 00:01:23.523] [modloading-worker-0/INFO] [mezz.jei.library.load.PluginCaller/]: Sending ConfigManager...
[173月2026 00:01:23.525] [modloading-worker-0/DEBUG] [mezz.jei.library.load.PluginCallerTimerRunnable/]: Sending ConfigManager: jei:minecraft...
[173月2026 00:01:23.526] [modloading-worker-0/DEBUG] [mezz.jei.library.load.PluginCallerTimerRunnable/]: Sending ConfigManager: jei:gui...
[173月2026 00:01:23.526] [modloading-worker-0/DEBUG] [mezz.jei.library.load.PluginCallerTimerRunnable/]: Sending ConfigManager: jei:debug...
[173月2026 00:01:23.526] [modloading-worker-0/DEBUG] [mezz.jei.library.load.PluginCallerTimerRunnable/]: Sending ConfigManager: jei:neoforge_gui...
[173月2026 00:01:23.526] [modloading-worker-0/DEBUG] [mezz.jei.library.load.PluginCallerTimerRunnable/]: Sending ConfigManager: pochimod:jei_plugin...
[173月2026 00:01:23.526] [modloading-worker-0/DEBUG] [mezz.jei.library.load.PluginCallerTimerRunnable/]: Sending ConfigManager: jei:internal...
[173月2026 00:01:23.527] [modloading-worker-0/INFO] [mezz.jei.library.load.PluginCaller/]: Sending ConfigManager took 2.077 milliseconds
[173月2026 00:01:23.532] [modloading-worker-0/DEBUG] [net.neoforged.fml.javafmlmod.AutomaticEventSubscriber/LOADING]: Attempting to inject @EventBusSubscriber classes into the eventbus for jei
[173月2026 00:01:23.559] [modloading-worker-0/DEBUG] [io.netty.util.internal.PlatformDependent0/]: Java version: 21
[173月2026 00:01:23.559] [modloading-worker-0/DEBUG] [io.netty.util.internal.PlatformDependent0/]: -Dio.netty.noUnsafe: false
[173月2026 00:01:23.560] [modloading-worker-0/DEBUG] [io.netty.util.internal.PlatformDependent0/]: sun.misc.Unsafe.theUnsafe: available
[173月2026 00:01:23.562] [modloading-worker-0/DEBUG] [io.netty.util.internal.PlatformDependent0/]: sun.misc.Unsafe base methods: all available
[173月2026 00:01:23.562] [modloading-worker-0/DEBUG] [io.netty.util.internal.PlatformDependent0/]: java.nio.Buffer.address: available
[173月2026 00:01:23.564] [modloading-worker-0/DEBUG] [io.netty.util.internal.PlatformDependent0/]: java.nio.Bits.unaligned: available, true
[173月2026 00:01:23.565] [modloading-worker-0/DEBUG] [io.netty.util.internal.PlatformDependent0/]: java.nio.DirectByteBuffer.<init>(long, {int,long}): unavailable
[173月2026 00:01:23.565] [modloading-worker-0/DEBUG] [io.netty.util.internal.PlatformDependent/]: sun.misc.Unsafe: available
[173月2026 00:01:23.566] [modloading-worker-0/DEBUG] [io.netty.util.internal.PlatformDependent/]: -Dio.netty.tmpdir: C:\Users\20171\AppData\Local\Temp (java.io.tmpdir)
[173月2026 00:01:23.566] [modloading-worker-0/DEBUG] [io.netty.util.internal.PlatformDependent/]: -Dio.netty.bitMode: 64 (sun.arch.data.model)
[173月2026 00:01:23.566] [modloading-worker-0/DEBUG] [io.netty.util.internal.PlatformDependent/]: Platform: Windows
[173月2026 00:01:23.567] [modloading-worker-0/DEBUG] [io.netty.util.internal.PlatformDependent/]: -Dio.netty.maxDirectMemory: -1 bytes
[173月2026 00:01:23.569] [modloading-worker-0/DEBUG] [io.netty.util.internal.CleanerJava9/]: java.nio.ByteBuffer.cleaner(): available
[173月2026 00:01:23.569] [modloading-worker-0/DEBUG] [io.netty.util.internal.PlatformDependent/]: -Dio.netty.noPreferDirect: false
[173月2026 00:01:23.569] [modloading-worker-0/DEBUG] [io.netty.util.internal.PlatformDependent/]: -Dio.netty.jfr.enabled: true
[173月2026 00:01:23.577] [modloading-worker-0/DEBUG] [io.netty.buffer.AbstractByteBuf/]: -Dio.netty.buffer.checkAccessible: true
[173月2026 00:01:23.578] [modloading-worker-0/DEBUG] [io.netty.buffer.AbstractByteBuf/]: -Dio.netty.buffer.checkBounds: true
[173月2026 00:01:23.580] [modloading-worker-0/DEBUG] [io.netty.util.ResourceLeakDetectorFactory/]: Loaded default ResourceLeakDetector: io.netty.util.ResourceLeakDetector@35b84994
[173月2026 00:01:23.590] [modloading-worker-0/DEBUG] [io.netty.util.internal.InternalThreadLocalMap/]: -Dio.netty.threadLocalMap.stringBuilder.initialSize: 1024
[173月2026 00:01:23.591] [modloading-worker-0/DEBUG] [io.netty.util.internal.InternalThreadLocalMap/]: -Dio.netty.threadLocalMap.stringBuilder.maxSize: 4096
[173月2026 00:01:23.592] [modloading-worker-0/DEBUG] [io.netty.buffer.AdaptiveByteBufAllocator/]: -Dio.netty.allocator.useCachedMagazinesForNonEventLoopThreads: false
[173月2026 00:01:23.607] [modloading-worker-0/DEBUG] [io.netty.util.Recycler/]: -Dio.netty.recycler.maxCapacityPerThread: 4096
[173月2026 00:01:23.607] [modloading-worker-0/DEBUG] [io.netty.util.Recycler/]: -Dio.netty.recycler.ratio: 8
[173月2026 00:01:23.607] [modloading-worker-0/DEBUG] [io.netty.util.Recycler/]: -Dio.netty.recycler.chunkSize: 32
[173月2026 00:01:23.607] [modloading-worker-0/DEBUG] [io.netty.util.Recycler/]: -Dio.netty.recycler.blocking: false
[173月2026 00:01:23.607] [modloading-worker-0/DEBUG] [io.netty.util.Recycler/]: -Dio.netty.recycler.batchFastThreadLocalOnly: true
[173月2026 00:01:23.611] [modloading-worker-0/DEBUG] [io.netty.buffer.ByteBufUtil/]: -Dio.netty.allocator.type: adaptive
[173月2026 00:01:23.611] [modloading-worker-0/DEBUG] [io.netty.buffer.ByteBufUtil/]: -Dio.netty.threadLocalDirectBufferSize: 0
[173月2026 00:01:23.611] [modloading-worker-0/DEBUG] [io.netty.buffer.ByteBufUtil/]: -Dio.netty.maxThreadLocalCharBufferSize: 16384
[173月2026 00:01:23.619] [modloading-worker-0/DEBUG] [net.neoforged.fml.javafmlmod.AutomaticEventSubscriber/LOADING]: Subscribing method private static void net.neoforged.neoforge.network.filters.GenericPacketSplitter.register(net.neoforged.neoforge.network.event.RegisterPayloadHandlersEvent) to the event bus of mod neoforge
[173月2026 00:01:23.660] [modloading-worker-0/INFO] [terrablender/]: Registered region minecraft:overworld to index 0 for type OVERWORLD
[173月2026 00:01:23.661] [modloading-worker-0/INFO] [terrablender/]: Registered region minecraft:nether to index 0 for type NETHER
[173月2026 00:01:23.661] [modloading-worker-0/INFO] [terrablender/]: Registered region pochimod:overworld to index 1 for type OVERWORLD
[173月2026 00:01:23.661] [modloading-worker-0/INFO] [terrablender/]: Registered region pochimod:overworld_rare to index 2 for type OVERWORLD
[173月2026 00:01:23.669] [modloading-worker-0/DEBUG] [net.neoforged.fml.config.ConfigTracker/CONFIG]: Config file EchoesOfEco/vital.toml for pochimod tracking
[173月2026 00:01:23.672] [modloading-worker-0/DEBUG] [net.neoforged.fml.javafmlmod.AutomaticEventSubscriber/LOADING]: Attempting to inject @EventBusSubscriber classes into the eventbus for pochimod
[173月2026 00:01:23.672] [modloading-worker-0/DEBUG] [net.neoforged.fml.javafmlmod.AutomaticEventSubscriber/LOADING]: Scanning class net.pochi.pochimod.block.entity.ModCapabilities for @SubscribeEvent-annotated methods
[173月2026 00:01:23.672] [modloading-worker-0/DEBUG] [net.neoforged.fml.javafmlmod.AutomaticEventSubscriber/LOADING]: Subscribing method public static void net.pochi.pochimod.block.entity.ModCapabilities.registerCapabilities(net.neoforged.neoforge.capabilities.RegisterCapabilitiesEvent) to the event bus of mod pochimod
[173月2026 00:01:23.673] [modloading-worker-0/DEBUG] [net.neoforged.fml.javafmlmod.AutomaticEventSubscriber/LOADING]: Scanning class net.pochi.pochimod.command.SoilDebugCommand for @SubscribeEvent-annotated methods
[173月2026 00:01:23.674] [modloading-worker-0/DEBUG] [net.neoforged.fml.javafmlmod.AutomaticEventSubscriber/LOADING]: Subscribing method public static void net.pochi.pochimod.command.SoilDebugCommand.onRegisterCommands(net.neoforged.neoforge.event.RegisterCommandsEvent) to the game event bus
[173月2026 00:01:23.674] [modloading-worker-0/DEBUG] [net.neoforged.fml.javafmlmod.AutomaticEventSubscriber/LOADING]: Scanning class net.pochi.pochimod.datagen.DataGenerators for @SubscribeEvent-annotated methods
[173月2026 00:01:23.675] [modloading-worker-0/DEBUG] [net.neoforged.fml.javafmlmod.AutomaticEventSubscriber/LOADING]: Subscribing method public static void net.pochi.pochimod.datagen.DataGenerators.gatherClientData(net.neoforged.neoforge.data.event.GatherDataEvent$Client) to the event bus of mod pochimod
[173月2026 00:01:23.675] [modloading-worker-0/DEBUG] [net.neoforged.fml.javafmlmod.AutomaticEventSubscriber/LOADING]: Subscribing method public static void net.pochi.pochimod.datagen.DataGenerators.gatherServerData(net.neoforged.neoforge.data.event.GatherDataEvent$Server) to the event bus of mod pochimod
[173月2026 00:01:23.675] [modloading-worker-0/DEBUG] [net.neoforged.fml.javafmlmod.AutomaticEventSubscriber/LOADING]: Scanning class net.pochi.pochimod.event.ActionBasedConsumptionHandler for @SubscribeEvent-annotated methods
[173月2026 00:01:23.676] [modloading-worker-0/DEBUG] [net.neoforged.fml.javafmlmod.AutomaticEventSubscriber/LOADING]: Subscribing method public static void net.pochi.pochimod.event.ActionBasedConsumptionHandler.onPlayerTick(net.neoforged.neoforge.event.tick.PlayerTickEvent$Post) to the game event bus
[173月2026 00:01:23.676] [modloading-worker-0/DEBUG] [net.neoforged.fml.javafmlmod.AutomaticEventSubscriber/LOADING]: Subscribing method public static void net.pochi.pochimod.event.ActionBasedConsumptionHandler.onLivingJump(net.neoforged.neoforge.event.entity.living.LivingEvent$LivingJumpEvent) to the game event bus
[173月2026 00:01:23.677] [modloading-worker-0/DEBUG] [net.neoforged.fml.javafmlmod.AutomaticEventSubscriber/LOADING]: Subscribing method public static void net.pochi.pochimod.event.ActionBasedConsumptionHandler.onLivingAttack(net.neoforged.neoforge.event.entity.living.LivingIncomingDamageEvent) to the game event bus
[173月2026 00:01:23.677] [modloading-worker-0/DEBUG] [net.neoforged.fml.javafmlmod.AutomaticEventSubscriber/LOADING]: Subscribing method public static void net.pochi.pochimod.event.ActionBasedConsumptionHandler.onPlayerLogout(net.neoforged.neoforge.event.entity.player.PlayerEvent$PlayerLoggedOutEvent) to the game event bus
[173月2026 00:01:23.677] [modloading-worker-0/DEBUG] [net.neoforged.fml.javafmlmod.AutomaticEventSubscriber/LOADING]: Subscribing method public static void net.pochi.pochimod.event.ActionBasedConsumptionHandler.onBlockBreak(net.neoforged.neoforge.event.level.BlockEvent$BreakEvent) to the game event bus
[173月2026 00:01:23.677] [modloading-worker-0/DEBUG] [net.neoforged.fml.javafmlmod.AutomaticEventSubscriber/LOADING]: Scanning class net.pochi.pochimod.event.ClientEvents$ClientForgeEvents for @SubscribeEvent-annotated methods
[173月2026 00:01:23.678] [modloading-worker-0/DEBUG] [net.neoforged.fml.javafmlmod.AutomaticEventSubscriber/LOADING]: Subscribing method public static void net.pochi.pochimod.event.ClientEvents$ClientForgeEvents.onClientTickRhino(net.neoforged.neoforge.client.event.ClientTickEvent$Post) to the game event bus
[173月2026 00:01:23.678] [modloading-worker-0/DEBUG] [net.neoforged.fml.javafmlmod.AutomaticEventSubscriber/LOADING]: Scanning class net.pochi.pochimod.event.ClientEvents$ClientModBusEvents for @SubscribeEvent-annotated methods
[173月2026 00:01:23.680] [modloading-worker-0/DEBUG] [net.neoforged.fml.javafmlmod.AutomaticEventSubscriber/LOADING]: Subscribing method public static void net.pochi.pochimod.event.ClientEvents$ClientModBusEvents.onRegisterSpawnPlacements(net.neoforged.neoforge.event.entity.RegisterSpawnPlacementsEvent) to the event bus of mod pochimod
[173月2026 00:01:23.681] [modloading-worker-0/DEBUG] [net.neoforged.fml.javafmlmod.AutomaticEventSubscriber/LOADING]: Subscribing method public static void net.pochi.pochimod.event.ClientEvents$ClientModBusEvents.onRegisterStandaloneModels(net.neoforged.neoforge.client.event.ModelEvent$RegisterStandalone) to the event bus of mod pochimod
[173月2026 00:01:23.681] [modloading-worker-0/DEBUG] [net.neoforged.fml.javafmlmod.AutomaticEventSubscriber/LOADING]: Subscribing method public static void net.pochi.pochimod.event.ClientEvents$ClientModBusEvents.onKeyRegister(net.neoforged.neoforge.client.event.RegisterKeyMappingsEvent) to the event bus of mod pochimod
[173月2026 00:01:23.681] [modloading-worker-0/DEBUG] [net.neoforged.fml.javafmlmod.AutomaticEventSubscriber/LOADING]: Subscribing method public static void net.pochi.pochimod.event.ClientEvents$ClientModBusEvents.registerScreens(net.neoforged.neoforge.client.event.RegisterMenuScreensEvent) to the event bus of mod pochimod
[173月2026 00:01:23.681] [modloading-worker-0/DEBUG] [net.neoforged.fml.javafmlmod.AutomaticEventSubscriber/LOADING]: Subscribing method public static void net.pochi.pochimod.event.ClientEvents$ClientModBusEvents.registerGuiLayers(net.neoforged.neoforge.client.event.RegisterGuiLayersEvent) to the event bus of mod pochimod
[173月2026 00:01:23.681] [modloading-worker-0/DEBUG] [net.neoforged.fml.javafmlmod.AutomaticEventSubscriber/LOADING]: Scanning class net.pochi.pochimod.event.FoodEatEventHandler for @SubscribeEvent-annotated methods
[173月2026 00:01:23.682] [modloading-worker-0/DEBUG] [net.neoforged.fml.javafmlmod.AutomaticEventSubscriber/LOADING]: Subscribing method public static void net.pochi.pochimod.event.FoodEatEventHandler.onItemUseFinish(net.neoforged.neoforge.event.entity.living.LivingEntityUseItemEvent$Finish) to the game event bus
[173月2026 00:01:23.682] [modloading-worker-0/DEBUG] [net.neoforged.fml.javafmlmod.AutomaticEventSubscriber/LOADING]: Scanning class net.pochi.pochimod.event.LeopardGeckoArmorEventHandler for @SubscribeEvent-annotated methods
[173月2026 00:01:23.683] [modloading-worker-0/DEBUG] [net.neoforged.fml.javafmlmod.AutomaticEventSubscriber/LOADING]: Subscribing method public static void net.pochi.pochimod.event.LeopardGeckoArmorEventHandler.onPlayerTick(net.neoforged.neoforge.event.tick.PlayerTickEvent$Post) to the game event bus
[173月2026 00:01:23.684] [modloading-worker-0/DEBUG] [net.neoforged.fml.javafmlmod.AutomaticEventSubscriber/LOADING]: Subscribing method public static void net.pochi.pochimod.event.LeopardGeckoArmorEventHandler.onItemUseFinish(net.neoforged.neoforge.event.entity.living.LivingEntityUseItemEvent$Finish) to the game event bus
[173月2026 00:01:23.684] [modloading-worker-0/DEBUG] [net.neoforged.fml.javafmlmod.AutomaticEventSubscriber/LOADING]: Subscribing method public static void net.pochi.pochimod.event.LeopardGeckoArmorEventHandler.onPlayerAttacked(net.neoforged.neoforge.event.entity.living.LivingIncomingDamageEvent) to the game event bus
[173月2026 00:01:23.684] [modloading-worker-0/DEBUG] [net.neoforged.fml.javafmlmod.AutomaticEventSubscriber/LOADING]: Scanning class net.pochi.pochimod.event.LunarClawEventHandler for @SubscribeEvent-annotated methods
[173月2026 00:01:23.685] [modloading-worker-0/DEBUG] [net.neoforged.fml.javafmlmod.AutomaticEventSubscriber/LOADING]: Subscribing method public static void net.pochi.pochimod.event.LunarClawEventHandler.onPlayerTick(net.neoforged.neoforge.event.tick.PlayerTickEvent$Post) to the game event bus
[173月2026 00:01:23.685] [modloading-worker-0/DEBUG] [net.neoforged.fml.javafmlmod.AutomaticEventSubscriber/LOADING]: Scanning class net.pochi.pochimod.event.ModEventBusEvents for @SubscribeEvent-annotated methods
[173月2026 00:01:23.686] [modloading-worker-0/DEBUG] [net.neoforged.fml.javafmlmod.AutomaticEventSubscriber/LOADING]: Subscribing method public static void net.pochi.pochimod.event.ModEventBusEvents.registerLayers(net.neoforged.neoforge.client.event.EntityRenderersEvent$RegisterLayerDefinitions) to the event bus of mod pochimod
[173月2026 00:01:23.686] [modloading-worker-0/DEBUG] [net.neoforged.fml.javafmlmod.AutomaticEventSubscriber/LOADING]: Scanning class net.pochi.pochimod.event.ModEvents$ForgeEvents for @SubscribeEvent-annotated methods
[173月2026 00:01:23.690] [modloading-worker-0/DEBUG] [net.neoforged.fml.javafmlmod.AutomaticEventSubscriber/LOADING]: Subscribing method public static void net.pochi.pochimod.event.ModEvents$ForgeEvents.dreamer(net.neoforged.neoforge.event.entity.living.LivingDamageEvent$Pre) to the game event bus
[173月2026 00:01:23.690] [modloading-worker-0/DEBUG] [net.neoforged.fml.javafmlmod.AutomaticEventSubscriber/LOADING]: Subscribing method public static void net.pochi.pochimod.event.ModEvents$ForgeEvents.tonbo(net.neoforged.neoforge.event.entity.living.LivingDeathEvent) to the game event bus
[173月2026 00:01:23.690] [modloading-worker-0/DEBUG] [net.neoforged.fml.javafmlmod.AutomaticEventSubscriber/LOADING]: Subscribing method public static void net.pochi.pochimod.event.ModEvents$ForgeEvents.axo(net.neoforged.neoforge.event.tick.EntityTickEvent$Post) to the game event bus
[173月2026 00:01:23.690] [modloading-worker-0/DEBUG] [net.neoforged.fml.javafmlmod.AutomaticEventSubscriber/LOADING]: Subscribing method public static void net.pochi.pochimod.event.ModEvents$ForgeEvents.onChunkSave(net.neoforged.neoforge.event.level.ChunkDataEvent$Save) to the game event bus
[173月2026 00:01:23.691] [modloading-worker-0/DEBUG] [net.neoforged.fml.javafmlmod.AutomaticEventSubscriber/LOADING]: Subscribing method public static void net.pochi.pochimod.event.ModEvents$ForgeEvents.addCustomTrades(net.neoforged.neoforge.event.village.VillagerTradesEvent) to the game event bus
[173月2026 00:01:23.691] [modloading-worker-0/DEBUG] [net.neoforged.fml.javafmlmod.AutomaticEventSubscriber/LOADING]: Scanning class net.pochi.pochimod.event.ModEvents$ModEventBusEvents for @SubscribeEvent-annotated methods
[173月2026 00:01:23.691] [modloading-worker-0/DEBUG] [net.neoforged.fml.javafmlmod.AutomaticEventSubscriber/LOADING]: Subscribing method public static void net.pochi.pochimod.event.ModEvents$ModEventBusEvents.entityAttributeEvent(net.neoforged.neoforge.event.entity.EntityAttributeCreationEvent) to the event bus of mod pochimod
[173月2026 00:01:23.691] [modloading-worker-0/DEBUG] [net.neoforged.fml.javafmlmod.AutomaticEventSubscriber/LOADING]: Scanning class net.pochi.pochimod.event.TuataraArmorEventHandler for @SubscribeEvent-annotated methods
[173月2026 00:01:23.692] [modloading-worker-0/DEBUG] [net.neoforged.fml.javafmlmod.AutomaticEventSubscriber/LOADING]: Subscribing method public static void net.pochi.pochimod.event.TuataraArmorEventHandler.onPlayerAttacked(net.neoforged.neoforge.event.entity.living.LivingIncomingDamageEvent) to the game event bus
[173月2026 00:01:23.693] [modloading-worker-0/DEBUG] [net.neoforged.fml.javafmlmod.AutomaticEventSubscriber/LOADING]: Scanning class net.pochi.pochimod.event.VitalDebuffHandler for @SubscribeEvent-annotated methods
[173月2026 00:01:23.694] [modloading-worker-0/DEBUG] [net.neoforged.fml.javafmlmod.AutomaticEventSubscriber/LOADING]: Subscribing method public static void net.pochi.pochimod.event.VitalDebuffHandler.onPlayerTick(net.neoforged.neoforge.event.tick.PlayerTickEvent$Post) to the game event bus
[173月2026 00:01:23.695] [modloading-worker-0/DEBUG] [net.neoforged.fml.javafmlmod.AutomaticEventSubscriber/LOADING]: Subscribing method public static void net.pochi.pochimod.event.VitalDebuffHandler.onPlayerLogout(net.neoforged.neoforge.event.entity.player.PlayerEvent$PlayerLoggedOutEvent) to the game event bus
[173月2026 00:01:23.695] [modloading-worker-0/DEBUG] [net.neoforged.fml.javafmlmod.AutomaticEventSubscriber/LOADING]: Scanning class net.pochi.pochimod.event.VitalDepletionHandler for @SubscribeEvent-annotated methods
[173月2026 00:01:23.696] [modloading-worker-0/DEBUG] [net.neoforged.fml.javafmlmod.AutomaticEventSubscriber/LOADING]: Subscribing method public static void net.pochi.pochimod.event.VitalDepletionHandler.onPlayerTick(net.neoforged.neoforge.event.tick.PlayerTickEvent$Post) to the game event bus
[173月2026 00:01:23.696] [modloading-worker-0/DEBUG] [net.neoforged.fml.javafmlmod.AutomaticEventSubscriber/LOADING]: Subscribing method public static void net.pochi.pochimod.event.VitalDepletionHandler.onPlayerLogout(net.neoforged.neoforge.event.entity.player.PlayerEvent$PlayerLoggedOutEvent) to the game event bus
[173月2026 00:01:23.696] [modloading-worker-0/DEBUG] [net.neoforged.fml.javafmlmod.AutomaticEventSubscriber/LOADING]: Scanning class net.pochi.pochimod.ferm.CompostUseEventHandler for @SubscribeEvent-annotated methods
[173月2026 00:01:23.697] [modloading-worker-0/DEBUG] [net.neoforged.fml.javafmlmod.AutomaticEventSubscriber/LOADING]: Subscribing method public static void net.pochi.pochimod.ferm.CompostUseEventHandler.onRightClickBlock(net.neoforged.neoforge.event.entity.player.PlayerInteractEvent$RightClickBlock) to the game event bus
[173月2026 00:01:23.697] [modloading-worker-0/DEBUG] [net.neoforged.fml.javafmlmod.AutomaticEventSubscriber/LOADING]: Scanning class net.pochi.pochimod.ferm.CropHarvestEventHandler for @SubscribeEvent-annotated methods
[173月2026 00:01:23.698] [modloading-worker-0/DEBUG] [net.neoforged.fml.javafmlmod.AutomaticEventSubscriber/LOADING]: Subscribing method public static void net.pochi.pochimod.ferm.CropHarvestEventHandler.onBlockBreak(net.neoforged.neoforge.event.level.BlockEvent$BreakEvent) to the game event bus
[173月2026 00:01:23.699] [modloading-worker-0/DEBUG] [net.neoforged.fml.javafmlmod.AutomaticEventSubscriber/LOADING]: Scanning class net.pochi.pochimod.ferm.SoilFallowHandler for @SubscribeEvent-annotated methods
[173月2026 00:01:23.700] [modloading-worker-0/DEBUG] [net.neoforged.fml.javafmlmod.AutomaticEventSubscriber/LOADING]: Subscribing method public static void net.pochi.pochimod.ferm.SoilFallowHandler.onChunkLoad(net.neoforged.neoforge.event.level.ChunkEvent$Load) to the game event bus
[173月2026 00:01:23.700] [modloading-worker-0/DEBUG] [net.neoforged.fml.javafmlmod.AutomaticEventSubscriber/LOADING]: Subscribing method public static void net.pochi.pochimod.ferm.SoilFallowHandler.onLevelTick(net.neoforged.neoforge.event.tick.LevelTickEvent$Post) to the game event bus
[173月2026 00:01:23.700] [modloading-worker-0/DEBUG] [net.neoforged.fml.javafmlmod.AutomaticEventSubscriber/LOADING]: Subscribing method public static void net.pochi.pochimod.ferm.SoilFallowHandler.onChunkUnload(net.neoforged.neoforge.event.level.ChunkEvent$Unload) to the game event bus
[173月2026 00:01:23.701] [modloading-worker-0/DEBUG] [net.neoforged.fml.javafmlmod.AutomaticEventSubscriber/LOADING]: Scanning class net.pochi.pochimod.ferm.SoilTooltipHandler for @SubscribeEvent-annotated methods
[173月2026 00:01:23.702] [modloading-worker-0/DEBUG] [net.neoforged.fml.javafmlmod.AutomaticEventSubscriber/LOADING]: Subscribing method public static void net.pochi.pochimod.ferm.SoilTooltipHandler.onTooltip(net.neoforged.neoforge.event.entity.player.ItemTooltipEvent) to the game event bus
[173月2026 00:01:23.702] [modloading-worker-0/DEBUG] [net.neoforged.fml.javafmlmod.AutomaticEventSubscriber/LOADING]: Subscribing method public static void net.pochi.pochimod.ferm.SoilTooltipHandler.onRenderGameOverlay(net.neoforged.neoforge.client.event.RenderGuiLayerEvent$Post) to the game event bus
[173月2026 00:01:23.702] [modloading-worker-0/DEBUG] [net.neoforged.fml.javafmlmod.AutomaticEventSubscriber/LOADING]: Subscribing method public static void net.pochi.pochimod.ferm.SoilTooltipHandler.onRightClickBlock(net.neoforged.neoforge.event.entity.player.PlayerInteractEvent$RightClickBlock) to the game event bus
[173月2026 00:01:23.703] [modloading-worker-0/DEBUG] [net.neoforged.fml.javafmlmod.AutomaticEventSubscriber/LOADING]: Scanning class net.pochi.pochimod.item.food.TooltipEventHandler for @SubscribeEvent-annotated methods
[173月2026 00:01:23.703] [modloading-worker-0/DEBUG] [net.neoforged.fml.javafmlmod.AutomaticEventSubscriber/LOADING]: Subscribing method public static void net.pochi.pochimod.item.food.TooltipEventHandler.onTooltip(net.neoforged.neoforge.event.entity.player.ItemTooltipEvent) to the game event bus
[173月2026 00:01:23.704] [modloading-worker-0/DEBUG] [net.neoforged.fml.javafmlmod.AutomaticEventSubscriber/LOADING]: Subscribing method public static void net.pochi.pochimod.item.food.TooltipEventHandler.onItemTooltip(net.neoforged.neoforge.event.entity.player.ItemTooltipEvent) to the game event bus
[173月2026 00:01:23.704] [modloading-worker-0/DEBUG] [net.neoforged.fml.javafmlmod.AutomaticEventSubscriber/LOADING]: Scanning class net.pochi.pochimod.mineral.MineralEffectHandler for @SubscribeEvent-annotated methods
[173月2026 00:01:23.704] [modloading-worker-0/DEBUG] [net.neoforged.fml.javafmlmod.AutomaticEventSubscriber/LOADING]: Subscribing method public static void net.pochi.pochimod.mineral.MineralEffectHandler.onItemAttributeModifiers(net.neoforged.neoforge.event.ItemAttributeModifierEvent) to the game event bus
[173月2026 00:01:23.704] [modloading-worker-0/DEBUG] [net.neoforged.fml.javafmlmod.AutomaticEventSubscriber/LOADING]: Subscribing method public static void net.pochi.pochimod.mineral.MineralEffectHandler.onLivingAttack(net.neoforged.neoforge.event.entity.living.LivingIncomingDamageEvent) to the game event bus
[173月2026 00:01:23.704] [modloading-worker-0/DEBUG] [net.neoforged.fml.javafmlmod.AutomaticEventSubscriber/LOADING]: Subscribing method public static void net.pochi.pochimod.mineral.MineralEffectHandler.onEquipmentChange(net.neoforged.neoforge.event.entity.living.LivingEquipmentChangeEvent) to the game event bus
[173月2026 00:01:23.704] [modloading-worker-0/DEBUG] [net.neoforged.fml.javafmlmod.AutomaticEventSubscriber/LOADING]: Scanning class net.pochi.pochimod.networking.ModMessages for @SubscribeEvent-annotated methods
[173月2026 00:01:23.705] [modloading-worker-0/DEBUG] [net.neoforged.fml.javafmlmod.AutomaticEventSubscriber/LOADING]: Subscribing method public static void net.pochi.pochimod.networking.ModMessages.register(net.neoforged.neoforge.network.event.RegisterPayloadHandlersEvent) to the event bus of mod pochimod
[173月2026 00:01:23.705] [modloading-worker-0/DEBUG] [net.neoforged.fml.javafmlmod.AutomaticEventSubscriber/LOADING]: Scanning class net.pochi.pochimod.nutrition.VitalCapabilityHandler for @SubscribeEvent-annotated methods
[173月2026 00:01:23.707] [modloading-worker-0/DEBUG] [net.neoforged.fml.javafmlmod.AutomaticEventSubscriber/LOADING]: Subscribing method public static void net.pochi.pochimod.nutrition.VitalCapabilityHandler.onPlayerRespawn(net.neoforged.neoforge.event.entity.player.PlayerEvent$PlayerRespawnEvent) to the game event bus
[173月2026 00:01:23.707] [modloading-worker-0/DEBUG] [net.neoforged.fml.javafmlmod.AutomaticEventSubscriber/LOADING]: Subscribing method public static void net.pochi.pochimod.nutrition.VitalCapabilityHandler.onPlayerLoggedIn(net.neoforged.neoforge.event.entity.player.PlayerEvent$PlayerLoggedInEvent) to the game event bus
[173月2026 00:01:23.708] [modloading-worker-0/DEBUG] [net.neoforged.fml.javafmlmod.AutomaticEventSubscriber/LOADING]: Subscribing method public static void net.pochi.pochimod.nutrition.VitalCapabilityHandler.onPlayerChangedDimension(net.neoforged.neoforge.event.entity.player.PlayerEvent$PlayerChangedDimensionEvent) to the game event bus
[173月2026 00:01:23.708] [modloading-worker-0/DEBUG] [net.neoforged.fml.javafmlmod.AutomaticEventSubscriber/LOADING]: Scanning class net.pochi.pochimod.PochiMod$ClientModEvents for @SubscribeEvent-annotated methods
[173月2026 00:01:23.709] [modloading-worker-0/DEBUG] [net.neoforged.fml.javafmlmod.AutomaticEventSubscriber/LOADING]: Subscribing method public static void net.pochi.pochimod.PochiMod$ClientModEvents.onClientSetup(net.neoforged.fml.event.lifecycle.FMLClientSetupEvent) to the event bus of mod pochimod
[173月2026 00:01:24.443] [modloading-sync-worker/DEBUG] [net.neoforged.fml.config.ConfigTracker/CONFIG]: Loading configs type CLIENT
[173月2026 00:01:24.473] [modloading-sync-worker/DEBUG] [net.neoforged.neoforge.common.NeoForgeMod/FORGEMOD]: Loaded NeoForge config file neoforge-client.toml
[173月2026 00:01:24.473] [modloading-sync-worker/DEBUG] [net.neoforged.fml.config.ConfigTracker/CONFIG]: Loaded TOML config file E:\mod\PochiMod\runs\client\config\neoforge-client.toml
[173月2026 00:01:24.478] [modloading-sync-worker/DEBUG] [net.neoforged.fml.config.ConfigTracker/CONFIG]: Watching TOML config file E:\mod\PochiMod\runs\client\config\neoforge-client.toml for changes
[173月2026 00:01:24.478] [modloading-sync-worker/DEBUG] [net.neoforged.fml.config.ConfigTracker/CONFIG]: Loading configs type COMMON
[173月2026 00:01:24.500] [modloading-sync-worker/DEBUG] [net.neoforged.neoforge.common.NeoForgeMod/FORGEMOD]: Loaded NeoForge config file neoforge-common.toml
[173月2026 00:01:24.500] [modloading-sync-worker/DEBUG] [net.neoforged.fml.config.ConfigTracker/CONFIG]: Loaded TOML config file E:\mod\PochiMod\runs\client\config\neoforge-common.toml
[173月2026 00:01:24.501] [modloading-sync-worker/DEBUG] [net.neoforged.fml.config.ConfigTracker/CONFIG]: Watching TOML config file E:\mod\PochiMod\runs\client\config\neoforge-common.toml for changes
[173月2026 00:01:24.510] [modloading-sync-worker/DEBUG] [net.neoforged.fml.config.ConfigTracker/CONFIG]: Loaded TOML config file E:\mod\PochiMod\runs\client\config\EchoesOfEco\vital.toml
[173月2026 00:01:24.510] [modloading-sync-worker/DEBUG] [net.neoforged.fml.config.ConfigTracker/CONFIG]: Watching TOML config file E:\mod\PochiMod\runs\client\config\EchoesOfEco\vital.toml for changes
[173月2026 00:01:24.697] [Render thread/INFO] [com.mojang.authlib.yggdrasil.YggdrasilAuthenticationService/]: Environment: Environment[sessionHost=https://sessionserver.mojang.com, servicesHost=https://api.minecraftservices.com, profilesHost=https://api.mojang.com, name=PROD]
[173月2026 00:01:24.718] [Render thread/INFO] [net.minecraft.client.Minecraft/]: Setting user: Dev
[173月2026 00:01:24.831] [Render thread/INFO] [net.minecraft.client.Minecraft/]: Backend library: LWJGL version 3.3.3+5
[173月2026 00:01:24.987] [Render thread/INFO] [net.minecraft.client.Minecraft/]: Using optional rendering extensions: GL_ARB_buffer_storage, GL_KHR_debug, GL_ARB_vertex_attrib_binding, GL_ARB_direct_state_access, GL_EXT_texture_filter_anisotropic
[173月2026 00:01:25.008] [Render thread/DEBUG] [mixin/]: Mixing client.SpecialModelWrapperMixin from geckolib.mixins.json into net.minecraft.client.renderer.item.SpecialModelWrapper
[173月2026 00:01:25.009] [Render thread/DEBUG] [mixin/]: geckolib.mixins.json:client.SpecialModelWrapperMixin from mod geckolib: Class version 65 required is higher than the class version supported by the current version of Mixin (JAVA_17 supports class version 61)
[173月2026 00:01:25.015] [Render thread/DEBUG] [mixin/]: Mixing client.SpecialModelRenderersMixin from geckolib.mixins.json into net.minecraft.client.renderer.special.SpecialModelRenderers
[173月2026 00:01:25.015] [Render thread/DEBUG] [mixin/]: geckolib.mixins.json:client.SpecialModelRenderersMixin from mod geckolib: Class version 65 required is higher than the class version supported by the current version of Mixin (JAVA_17 supports class version 61)
[173月2026 00:01:25.016] [Render thread/DEBUG] [mixin/]: geckolib.mixins.json:client.SpecialModelRenderersMixin from mod geckolib->@Inject::geckolib$addSpecialRenderer(Lorg/spongepowered/asm/mixin/injection/callback/CallbackInfo;)V doesn't use it's CallbackInfo
[173月2026 00:01:25.050] [Render thread/DEBUG] [mixin/]: Mixing client.BlockEntityRenderStateMixin from geckolib.mixins.json into net.minecraft.client.renderer.blockentity.state.BlockEntityRenderState
[173月2026 00:01:25.050] [Render thread/DEBUG] [mixin/]: geckolib.mixins.json:client.BlockEntityRenderStateMixin from mod geckolib: Class version 65 required is higher than the class version supported by the current version of Mixin (JAVA_17 supports class version 61)
[173月2026 00:01:25.193] [Render thread/DEBUG] [mixin/]: Mixing client.TextureManagerMixin from geckolib.mixins.json into net.minecraft.client.renderer.texture.TextureManager
[173月2026 00:01:25.193] [Render thread/DEBUG] [mixin/]: geckolib.mixins.json:client.TextureManagerMixin from mod geckolib: Class version 65 required is higher than the class version supported by the current version of Mixin (JAVA_17 supports class version 61)
[173月2026 00:01:25.338] [Render thread/DEBUG] [mixin/]: Mixing client.EntityRendererMixin from geckolib.mixins.json into net.minecraft.client.renderer.entity.EntityRenderer
[173月2026 00:01:25.339] [Render thread/DEBUG] [mixin/]: geckolib.mixins.json:client.EntityRendererMixin from mod geckolib: Class version 65 required is higher than the class version supported by the current version of Mixin (JAVA_17 supports class version 61)
[173月2026 00:01:25.339] [Render thread/DEBUG] [mixin/]: Renaming synthetic method lambda$geckolib$captureDataForArmorLayer$1(Lnet/minecraft/client/renderer/entity/state/EntityRenderState;Lcom/llamalad7/mixinextras/injector/wrapoperation/Operation;Lnet/minecraft/world/entity/Entity;FLnet/minecraft/world/entity/EquipmentSlot;)Lnet/minecraft/client/renderer/entity/state/HumanoidRenderState; to md352a85$geckolib$lambda$geckolib$captureDataForArmorLayer$1$0 in geckolib.mixins.json:client.EntityRendererMixin from mod geckolib
[173月2026 00:01:25.339] [Render thread/DEBUG] [mixin/]: Renaming synthetic method lambda$geckolib$captureDataForArmorLayer$0(Lnet/minecraft/client/renderer/entity/layers/HumanoidArmorLayer;Lnet/minecraft/client/renderer/entity/state/HumanoidRenderState;Lnet/minecraft/world/entity/EquipmentSlot;)Lnet/minecraft/client/model/HumanoidModel; to md352a85$geckolib$lambda$geckolib$captureDataForArmorLayer$0$1 in geckolib.mixins.json:client.EntityRendererMixin from mod geckolib
[173月2026 00:01:25.564] [Render thread/DEBUG] [mixin/]: Mixing client.EntityRenderStateMixin from geckolib.mixins.json into net.minecraft.client.renderer.entity.state.EntityRenderState
[173月2026 00:01:25.565] [Render thread/DEBUG] [mixin/]: geckolib.mixins.json:client.EntityRenderStateMixin from mod geckolib: Class version 65 required is higher than the class version supported by the current version of Mixin (JAVA_17 supports class version 61)
[173月2026 00:01:25.765] [Render thread/INFO] [net.minecraft.server.packs.resources.ReloadableResourceManager/]: Reloading ResourceManager: vanilla, mod_resources, mod/terrablender, mod/geckolib, mod/neoforge, mod/jei, mod/pochimod
[173月2026 00:01:25.988] [resourceLoad/WARN] [net.minecraft.client.sounds.SoundManager/]: File pochimod:sounds/cicada_hurt.ogg does not exist, cannot add it to event pochimod:cicada_hurt
[173月2026 00:01:25.988] [resourceLoad/WARN] [net.minecraft.client.sounds.SoundManager/]: File pochimod:sounds/cicada_death.ogg does not exist, cannot add it to event pochimod:cicada_death
[173月2026 00:01:25.997] [Render thread/DEBUG] [net.neoforged.fml.DeferredWorkQueue/LOADING]: Dispatching synchronous work for work queue Common setup: 2 jobs
[173月2026 00:01:26.046] [Render thread/DEBUG] [net.neoforged.fml.DeferredWorkQueue/LOADING]: Synchronous work queue completed in 47.15 ms
[173月2026 00:01:26.110] [resourceLoad/WARN] [net.minecraft.client.renderer.texture.SpriteContents/]: Unused frames in sprite pochimod:block/medium_alexandrite_bud: [1, 3, 4, 5, 7, 8, 9, 11, 12, 13, 15, 16, 17, 19, 20, 21, 23, 24, 25, 27, 28, 29]
[173月2026 00:01:26.147] [resourceLoad/INFO] [net.minecraft.client.gui.font.providers.UnihexProvider/]: Found unifont_pua-17.0.01.hex, loading
[173月2026 00:01:26.147] [resourceLoad/INFO] [net.minecraft.client.gui.font.providers.UnihexProvider/]: Found unifont_all_no_pua-17.0.01.hex, loading
[173月2026 00:01:26.180] [resourceLoad/WARN] [net.minecraft.client.renderer.texture.SpriteContents/]: Unused frames in sprite pochimod:block/budding_alexandrite: [1, 3, 4, 5, 7, 8, 9, 11, 12, 13, 15, 16, 17, 19, 20, 21, 23, 24, 25, 27, 28, 29]
[173月2026 00:01:26.227] [resourceLoad/WARN] [net.minecraft.client.renderer.texture.SpriteContents/]: Unused frames in sprite pochimod:block/small_alexandrite_bud: [1, 3, 4, 5, 7, 8, 9, 11, 12, 13, 15, 16, 17, 19, 20, 21, 23, 24, 25, 27, 28, 29]
[173月2026 00:01:26.229] [resourceLoad/WARN] [net.minecraft.client.renderer.texture.SpriteContents/]: Unused frames in sprite pochimod:block/alexandrite_block: [1, 3, 4, 5, 7, 8, 9, 11, 12, 13, 15, 16, 17, 19, 20, 21, 23, 24, 25, 27, 28, 29]
[173月2026 00:01:26.277] [resourceLoad/INFO] [net.minecraft.client.gui.font.providers.UnihexProvider/]: Found unifont_jp_patch-17.0.01.hex, loading
[173月2026 00:01:26.289] [resourceLoad/WARN] [net.minecraft.client.renderer.texture.SpriteContents/]: Unused frames in sprite pochimod:block/large_alexandrite_bud: [1, 3, 4, 5, 7, 8, 9, 11, 12, 13, 15, 16, 17, 19, 20, 21, 23, 24, 25, 27, 28, 29]
[173月2026 00:01:26.305] [resourceLoad/WARN] [net.minecraft.client.renderer.texture.SpriteContents/]: Unused frames in sprite pochimod:block/alexandrite_cluster: [1, 3, 4, 5, 7, 8, 9, 11, 12, 13, 15, 16, 17, 19, 20, 21, 23, 24, 25, 27, 28, 29]
[173月2026 00:01:26.308] [resourceLoad/WARN] [net.minecraft.client.renderer.texture.SpriteLoader/]: Texture pochimod:block/asparagus_stage3 with size 27x27 limits mip level from 4 to 0
[173月2026 00:01:26.308] [resourceLoad/WARN] [net.minecraft.client.renderer.texture.SpriteLoader/]: minecraft:textures/atlas/blocks.png: dropping miplevel from 4 to 0, because of minimum power of two: 1
[173月2026 00:01:26.391] [resourceLoad/DEBUG] [mixin/]: Mixing client.HumanoidArmorLayerMixin from geckolib.mixins.json into net.minecraft.client.renderer.entity.layers.HumanoidArmorLayer
[173月2026 00:01:26.393] [resourceLoad/DEBUG] [mixin/]: geckolib.mixins.json:client.HumanoidArmorLayerMixin from mod geckolib: Class version 65 required is higher than the class version supported by the current version of Mixin (JAVA_17 supports class version 61)
[173月2026 00:01:26.394] [resourceLoad/DEBUG] [mixin/]: Renaming synthetic method lambda$geckolib$wrapArmorPieceRender$0(Lnet/minecraft/client/renderer/entity/layers/HumanoidArmorLayer;Lnet/minecraft/client/renderer/entity/state/HumanoidRenderState;Lnet/minecraft/world/entity/EquipmentSlot;)Lnet/minecraft/client/model/HumanoidModel; to md352a85$geckolib$lambda$geckolib$wrapArmorPieceRender$0$0 in geckolib.mixins.json:client.HumanoidArmorLayerMixin from mod geckolib
[173月2026 00:01:27.149] [Render thread/DEBUG] [net.neoforged.fml.DeferredWorkQueue/LOADING]: Dispatching synchronous work for work queue Sided setup: 1 jobs
[173月2026 00:01:27.195] [Render thread/DEBUG] [net.neoforged.fml.DeferredWorkQueue/LOADING]: Synchronous work queue completed in 45.34 ms
[173月2026 00:01:27.223] [resourceLoad/WARN] [net.minecraft.client.renderer.block.model.TextureSlots$Resolver/]: Unresolved texture references in pochimod:block/pottery_on_wheel_h9:
	#west-> #all
	#up-> #all
	#north-> #all
	#east-> #all
	#south-> #all
	#down-> #all

[173月2026 00:01:27.223] [resourceLoad/WARN] [net.minecraft.client.renderer.block.model.TextureSlots$Resolver/]: Unresolved texture references in pochimod:block/pottery_on_wheel_h3:
	#west-> #all
	#up-> #all
	#north-> #all
	#east-> #all
	#south-> #all
	#down-> #all

[173月2026 00:01:27.265] [resourceLoad/WARN] [net.minecraft.client.renderer.block.model.TextureSlots$Resolver/]: Unresolved texture references in pochimod:block/pottery_on_wheel_h6:
	#west-> #all
	#up-> #all
	#north-> #all
	#east-> #all
	#south-> #all
	#down-> #all

[173月2026 00:01:27.286] [resourceLoad/WARN] [net.minecraft.client.renderer.block.model.TextureSlots$Resolver/]: Unresolved texture references in pochimod:block/pottery_on_wheel_h4:
	#west-> #all
	#up-> #all
	#north-> #all
	#east-> #all
	#south-> #all
	#down-> #all

[173月2026 00:01:27.294] [resourceLoad/WARN] [net.minecraft.client.renderer.block.model.TextureSlots$Resolver/]: Unresolved texture references in pochimod:block/pottery_on_wheel_h10:
	#west-> #all
	#up-> #all
	#north-> #all
	#east-> #all
	#south-> #all
	#down-> #all

[173月2026 00:01:27.295] [resourceLoad/WARN] [net.minecraft.client.renderer.block.model.TextureSlots$Resolver/]: Unresolved texture references in pochimod:block/pottery_on_wheel_h1:
	#west-> #all
	#up-> #all
	#north-> #all
	#east-> #all
	#south-> #all
	#down-> #all

[173月2026 00:01:27.302] [resourceLoad/WARN] [net.minecraft.client.renderer.block.model.TextureSlots$Resolver/]: Unresolved texture references in pochimod:block/pottery_on_wheel_h5:
	#west-> #all
	#up-> #all
	#north-> #all
	#east-> #all
	#south-> #all
	#down-> #all

[173月2026 00:01:27.324] [resourceLoad/WARN] [net.minecraft.client.renderer.block.model.TextureSlots$Resolver/]: Unresolved texture references in pochimod:block/pottery_on_wheel_h7:
	#west-> #all
	#up-> #all
	#north-> #all
	#east-> #all
	#south-> #all
	#down-> #all

[173月2026 00:01:27.356] [resourceLoad/WARN] [net.minecraft.client.renderer.block.model.TextureSlots$Resolver/]: Unresolved texture references in pochimod:block/pottery_on_wheel_h8:
	#west-> #all
	#up-> #all
	#north-> #all
	#east-> #all
	#south-> #all
	#down-> #all

[173月2026 00:01:27.356] [resourceLoad/WARN] [net.minecraft.client.renderer.block.model.TextureSlots$Resolver/]: Unresolved texture references in pochimod:block/pottery_on_wheel_h2:
	#west-> #all
	#up-> #all
	#north-> #all
	#east-> #all
	#south-> #all
	#down-> #all

[173月2026 00:01:27.535] [resourceLoad/WARN] [net.minecraft.client.resources.model.ModelManager/]: Missing model for variant: 'Block{pochimod:white_grape_juice_cauldron}[level=1]'
[173月2026 00:01:27.535] [resourceLoad/WARN] [net.minecraft.client.resources.model.ModelManager/]: Missing model for variant: 'Block{pochimod:white_grape_juice_cauldron}[level=2]'
[173月2026 00:01:27.535] [resourceLoad/WARN] [net.minecraft.client.resources.model.ModelManager/]: Missing model for variant: 'Block{pochimod:white_grape_juice_cauldron}[level=3]'
[173月2026 00:01:27.535] [resourceLoad/WARN] [net.minecraft.client.resources.model.ModelManager/]: Missing model for variant: 'Block{pochimod:white_grape_juice_cauldron}[level=4]'
[173月2026 00:01:27.536] [resourceLoad/WARN] [net.minecraft.client.resources.model.ModelManager/]: Missing model for variant: 'Block{pochimod:white_grape_juice_cauldron}[level=5]'
[173月2026 00:01:27.536] [resourceLoad/WARN] [net.minecraft.client.resources.model.ModelManager/]: Missing model for variant: 'Block{pochimod:white_grape_juice_cauldron}[level=6]'
[173月2026 00:01:27.536] [resourceLoad/WARN] [net.minecraft.client.resources.model.ModelManager/]: Missing model for variant: 'Block{pochimod:white_grape_juice_cauldron}[level=7]'
[173月2026 00:01:27.536] [resourceLoad/WARN] [net.minecraft.client.resources.model.ModelManager/]: Missing model for variant: 'Block{pochimod:white_grape_juice_cauldron}[level=8]'
[173月2026 00:01:27.536] [resourceLoad/WARN] [net.minecraft.client.resources.model.ModelManager/]: Missing model for variant: 'Block{pochimod:white_grape_juice_cauldron}[level=9]'
[173月2026 00:01:27.536] [resourceLoad/WARN] [net.minecraft.client.resources.model.ModelManager/]: Missing model for variant: 'Block{pochimod:white_grape_juice_cauldron}[level=10]'
[173月2026 00:01:27.536] [resourceLoad/WARN] [net.minecraft.client.resources.model.ModelManager/]: Missing model for variant: 'Block{pochimod:white_grape_juice_cauldron}[level=11]'
[173月2026 00:01:27.536] [resourceLoad/WARN] [net.minecraft.client.resources.model.ModelManager/]: Missing model for variant: 'Block{pochimod:white_grape_juice_cauldron}[level=12]'
[173月2026 00:01:27.536] [resourceLoad/WARN] [net.minecraft.client.resources.model.ModelManager/]: Missing model for variant: 'Block{pochimod:potters_wheel}'
[173月2026 00:01:27.536] [resourceLoad/WARN] [net.minecraft.client.resources.model.ModelManager/]: Missing model for variant: 'Block{pochimod:bubble}'
[173月2026 00:01:27.917] [Render thread/ERROR] [net.minecraft.client.sounds.SoundManager/]: Missing subtitle translation{key='sounds.pochimod.cicada_hurt', args=[]} for sound event: pochimod:cicada_hurt
[173月2026 00:01:27.918] [Render thread/ERROR] [net.minecraft.client.sounds.SoundManager/]: Missing subtitle translation{key='sounds.pochimod.cicada_death', args=[]} for sound event: pochimod:cicada_death
[173月2026 00:01:27.918] [Render thread/ERROR] [net.minecraft.client.sounds.SoundManager/]: Missing subtitle translation{key='sounds.pochimod.cicada_ambient', args=[]} for sound event: pochimod:cicada_ambient
[173月2026 00:01:27.945] [Render thread/INFO] [com.mojang.blaze3d.audio.Library/]: OpenAL initialized on device OpenAL Soft on Line (MG-XU)
[173月2026 00:01:27.945] [Render thread/INFO] [net.minecraft.client.sounds.SoundEngine/SOUNDS]: Sound engine started
[173月2026 00:01:27.946] [Render thread/INFO] [net.minecraft.client.renderer.texture.TextureAtlas/]: Created: 512x256x0 minecraft:textures/atlas/particles.png-atlas
[173月2026 00:01:27.968] [Render thread/INFO] [net.minecraft.client.renderer.texture.TextureAtlas/]: Created: 128x128x0 minecraft:textures/atlas/decorated_pot.png-atlas
[173月2026 00:01:27.973] [Render thread/INFO] [net.minecraft.client.renderer.texture.TextureAtlas/]: Created: 2048x1024x0 minecraft:textures/atlas/armor_trims.png-atlas
[173月2026 00:01:27.991] [Render thread/INFO] [net.minecraft.client.renderer.texture.TextureAtlas/]: Created: 512x256x0 minecraft:textures/atlas/paintings.png-atlas
[173月2026 00:01:28.008] [Render thread/INFO] [net.minecraft.client.renderer.texture.TextureAtlas/]: Created: 1024x512x0 minecraft:textures/atlas/shield_patterns.png-atlas
[173月2026 00:01:28.011] [Render thread/INFO] [net.minecraft.client.renderer.texture.TextureAtlas/]: Created: 1024x1024x0 minecraft:textures/atlas/blocks.png-atlas
[173月2026 00:01:28.070] [Render thread/INFO] [net.minecraft.client.renderer.texture.TextureAtlas/]: Created: 512x512x0 minecraft:textures/atlas/chest.png-atlas
[173月2026 00:01:28.089] [Render thread/INFO] [net.minecraft.client.renderer.texture.TextureAtlas/]: Created: 256x128x0 minecraft:textures/atlas/celestials.png-atlas
[173月2026 00:01:28.091] [Render thread/INFO] [net.minecraft.client.renderer.texture.TextureAtlas/]: Created: 1024x512x0 minecraft:textures/atlas/banner_patterns.png-atlas
[173月2026 00:01:28.092] [Render thread/INFO] [net.minecraft.client.renderer.texture.TextureAtlas/]: Created: 512x512x0 minecraft:textures/atlas/beds.png-atlas
[173月2026 00:01:28.099] [Render thread/INFO] [net.minecraft.client.renderer.texture.TextureAtlas/]: Created: 1024x1024x0 minecraft:textures/atlas/items.png-atlas
[173月2026 00:01:28.122] [Render thread/INFO] [net.minecraft.client.renderer.texture.TextureAtlas/]: Created: 1024x1024x0 minecraft:textures/atlas/gui.png-atlas
[173月2026 00:01:28.154] [Render thread/INFO] [net.minecraft.client.renderer.texture.TextureAtlas/]: Created: 128x64x0 minecraft:textures/atlas/map_decorations.png-atlas
[173月2026 00:01:28.163] [Render thread/INFO] [net.minecraft.client.renderer.texture.TextureAtlas/]: Created: 512x256x0 minecraft:textures/atlas/signs.png-atlas
[173月2026 00:01:28.163] [Render thread/INFO] [net.minecraft.client.renderer.texture.TextureAtlas/]: Created: 512x512x0 minecraft:textures/atlas/shulker_boxes.png-atlas
[173月2026 00:01:28.311] [Render thread/WARN] [net.minecraft.client.resources.model.ModelManager/]: No model loaded for default item model ID pochimod:mineral_sword of pochimod:mineral_sword
[173月2026 00:01:28.311] [Render thread/WARN] [net.minecraft.client.resources.model.ModelManager/]: No model loaded for default item model ID pochimod:mineral_pickaxe of pochimod:mineral_pickaxe
[173月2026 00:01:28.311] [Render thread/WARN] [net.minecraft.client.resources.model.ModelManager/]: No model loaded for default item model ID pochimod:mineral_shovel of pochimod:mineral_shovel
[173月2026 00:01:28.311] [Render thread/WARN] [net.minecraft.client.resources.model.ModelManager/]: No model loaded for default item model ID pochimod:mineral_axe of pochimod:mineral_axe
[173月2026 00:01:28.311] [Render thread/WARN] [net.minecraft.client.resources.model.ModelManager/]: No model loaded for default item model ID pochimod:mineral_helmet of pochimod:mineral_helmet
[173月2026 00:01:28.311] [Render thread/WARN] [net.minecraft.client.resources.model.ModelManager/]: No model loaded for default item model ID pochimod:mineral_chestplate of pochimod:mineral_chestplate
[173月2026 00:01:28.311] [Render thread/WARN] [net.minecraft.client.resources.model.ModelManager/]: No model loaded for default item model ID pochimod:mineral_leggings of pochimod:mineral_leggings
[173月2026 00:01:28.311] [Render thread/WARN] [net.minecraft.client.resources.model.ModelManager/]: No model loaded for default item model ID pochimod:mineral_boots of pochimod:mineral_boots
[173月2026 00:01:28.311] [Render thread/WARN] [net.minecraft.client.resources.model.ModelManager/]: No model loaded for default item model ID pochimod:mineral_ring of pochimod:mineral_ring
[173月2026 00:01:28.311] [Render thread/WARN] [net.minecraft.client.resources.model.ModelManager/]: No model loaded for default item model ID pochimod:mineral_chunk of pochimod:mineral_chunk
[173月2026 00:01:28.311] [Render thread/WARN] [net.minecraft.client.resources.model.ModelManager/]: No model loaded for default item model ID pochimod:river_brush of pochimod:river_brush
[173月2026 00:01:28.311] [Render thread/WARN] [net.minecraft.client.resources.model.ModelManager/]: No model loaded for default item model ID pochimod:compost of pochimod:compost
[173月2026 00:01:28.311] [Render thread/WARN] [net.minecraft.client.resources.model.ModelManager/]: No model loaded for default item model ID pochimod:baked_alum of pochimod:baked_alum
[173月2026 00:01:28.312] [Render thread/WARN] [net.minecraft.client.resources.model.ModelManager/]: No model loaded for default item model ID pochimod:dragonfly_wings of pochimod:dragonfly_wings
[173月2026 00:01:28.312] [Render thread/WARN] [net.minecraft.client.resources.model.ModelManager/]: No model loaded for default item model ID pochimod:salt of pochimod:salt
[173月2026 00:01:28.312] [Render thread/WARN] [net.minecraft.client.resources.model.ModelManager/]: No model loaded for default item model ID pochimod:habu of pochimod:habu
[173月2026 00:01:28.312] [Render thread/WARN] [net.minecraft.client.resources.model.ModelManager/]: No model loaded for default item model ID pochimod:fly_boat of pochimod:fly_boat
[173月2026 00:01:28.312] [Render thread/WARN] [net.minecraft.client.resources.model.ModelManager/]: No model loaded for default item model ID pochimod:fly_chest_boat of pochimod:fly_chest_boat
[173月2026 00:01:28.312] [Render thread/WARN] [net.minecraft.client.resources.model.ModelManager/]: No model loaded for default item model ID pochimod:chromite_ingot of pochimod:chromite_ingot
[173月2026 00:01:28.312] [Render thread/WARN] [net.minecraft.client.resources.model.ModelManager/]: No model loaded for default item model ID pochimod:aluminium_ingot of pochimod:aluminium_ingot
[173月2026 00:01:28.312] [Render thread/WARN] [net.minecraft.client.resources.model.ModelManager/]: No model loaded for default item model ID pochimod:titanium_ingot of pochimod:titanium_ingot
[173月2026 00:01:28.312] [Render thread/WARN] [net.minecraft.client.resources.model.ModelManager/]: No model loaded for default item model ID pochimod:magunesium_ingot of pochimod:magunesium_ingot
[173月2026 00:01:28.312] [Render thread/WARN] [net.minecraft.client.resources.model.ModelManager/]: No model loaded for default item model ID pochimod:vanadium_ingot of pochimod:vanadium_ingot
[173月2026 00:01:28.312] [Render thread/WARN] [net.minecraft.client.resources.model.ModelManager/]: No model loaded for default item model ID pochimod:stainless of pochimod:stainless
[173月2026 00:01:28.312] [Render thread/WARN] [net.minecraft.client.resources.model.ModelManager/]: No model loaded for default item model ID pochimod:duralumin of pochimod:duralumin
[173月2026 00:01:28.312] [Render thread/WARN] [net.minecraft.client.resources.model.ModelManager/]: No model loaded for default item model ID pochimod:titan_alloy of pochimod:titan_alloy
[173月2026 00:01:28.312] [Render thread/WARN] [net.minecraft.client.resources.model.ModelManager/]: No model loaded for default item model ID pochimod:electron of pochimod:electron
[173月2026 00:01:28.312] [Render thread/WARN] [net.minecraft.client.resources.model.ModelManager/]: No model loaded for default item model ID pochimod:vanadium_alloy of pochimod:vanadium_alloy
[173月2026 00:01:28.312] [Render thread/WARN] [net.minecraft.client.resources.model.ModelManager/]: No model loaded for default item model ID pochimod:row_chromite of pochimod:row_chromite
[173月2026 00:01:28.312] [Render thread/WARN] [net.minecraft.client.resources.model.ModelManager/]: No model loaded for default item model ID pochimod:row_fluorite of pochimod:row_fluorite
[173月2026 00:01:28.312] [Render thread/WARN] [net.minecraft.client.resources.model.ModelManager/]: No model loaded for default item model ID pochimod:row_alunite of pochimod:row_alunite
[173月2026 00:01:28.312] [Render thread/WARN] [net.minecraft.client.resources.model.ModelManager/]: No model loaded for default item model ID pochimod:row_bauxite of pochimod:row_bauxite
[173月2026 00:01:28.312] [Render thread/WARN] [net.minecraft.client.resources.model.ModelManager/]: No model loaded for default item model ID pochimod:row_titanium of pochimod:row_titanium
[173月2026 00:01:28.312] [Render thread/WARN] [net.minecraft.client.resources.model.ModelManager/]: No model loaded for default item model ID pochimod:row_magunesium of pochimod:row_magunesium
[173月2026 00:01:28.312] [Render thread/WARN] [net.minecraft.client.resources.model.ModelManager/]: No model loaded for default item model ID pochimod:row_vanadium of pochimod:row_vanadium
[173月2026 00:01:28.313] [Render thread/WARN] [net.minecraft.client.resources.model.ModelManager/]: No model loaded for default item model ID pochimod:hammer_head of pochimod:hammer_head
[173月2026 00:01:28.313] [Render thread/WARN] [net.minecraft.client.resources.model.ModelManager/]: No model loaded for default item model ID pochimod:hammer_head_pickaxe of pochimod:hammer_head_pickaxe
[173月2026 00:01:28.313] [Render thread/WARN] [net.minecraft.client.resources.model.ModelManager/]: No model loaded for default item model ID pochimod:chromite_sword of pochimod:chromite_sword
[173月2026 00:01:28.313] [Render thread/WARN] [net.minecraft.client.resources.model.ModelManager/]: No model loaded for default item model ID pochimod:chromite_pickaxe of pochimod:chromite_pickaxe
[173月2026 00:01:28.313] [Render thread/WARN] [net.minecraft.client.resources.model.ModelManager/]: No model loaded for default item model ID pochimod:chromite_shovel of pochimod:chromite_shovel
[173月2026 00:01:28.313] [Render thread/WARN] [net.minecraft.client.resources.model.ModelManager/]: No model loaded for default item model ID pochimod:chromite_axe of pochimod:chromite_axe
[173月2026 00:01:28.313] [Render thread/WARN] [net.minecraft.client.resources.model.ModelManager/]: No model loaded for default item model ID pochimod:chromite_hoe of pochimod:chromite_hoe
[173月2026 00:01:28.313] [Render thread/WARN] [net.minecraft.client.resources.model.ModelManager/]: No model loaded for default item model ID pochimod:fluorite_sword of pochimod:fluorite_sword
[173月2026 00:01:28.313] [Render thread/WARN] [net.minecraft.client.resources.model.ModelManager/]: No model loaded for default item model ID pochimod:fluorite_pickaxe of pochimod:fluorite_pickaxe
[173月2026 00:01:28.313] [Render thread/WARN] [net.minecraft.client.resources.model.ModelManager/]: No model loaded for default item model ID pochimod:fluorite_shovel of pochimod:fluorite_shovel
[173月2026 00:01:28.313] [Render thread/WARN] [net.minecraft.client.resources.model.ModelManager/]: No model loaded for default item model ID pochimod:fluorite_axe of pochimod:fluorite_axe
[173月2026 00:01:28.313] [Render thread/WARN] [net.minecraft.client.resources.model.ModelManager/]: No model loaded for default item model ID pochimod:fluorite_hoe of pochimod:fluorite_hoe
[173月2026 00:01:28.313] [Render thread/WARN] [net.minecraft.client.resources.model.ModelManager/]: No model loaded for default item model ID pochimod:alunite_sword of pochimod:alunite_sword
[173月2026 00:01:28.313] [Render thread/WARN] [net.minecraft.client.resources.model.ModelManager/]: No model loaded for default item model ID pochimod:alunite_pickaxe of pochimod:alunite_pickaxe
[173月2026 00:01:28.313] [Render thread/WARN] [net.minecraft.client.resources.model.ModelManager/]: No model loaded for default item model ID pochimod:alunite_shovel of pochimod:alunite_shovel
[173月2026 00:01:28.313] [Render thread/WARN] [net.minecraft.client.resources.model.ModelManager/]: No model loaded for default item model ID pochimod:alunite_axe of pochimod:alunite_axe
[173月2026 00:01:28.313] [Render thread/WARN] [net.minecraft.client.resources.model.ModelManager/]: No model loaded for default item model ID pochimod:alunite_hoe of pochimod:alunite_hoe
[173月2026 00:01:28.314] [Render thread/WARN] [net.minecraft.client.resources.model.ModelManager/]: No model loaded for default item model ID pochimod:stainless_sword of pochimod:stainless_sword
[173月2026 00:01:28.314] [Render thread/WARN] [net.minecraft.client.resources.model.ModelManager/]: No model loaded for default item model ID pochimod:stainless_pickaxe of pochimod:stainless_pickaxe
[173月2026 00:01:28.314] [Render thread/WARN] [net.minecraft.client.resources.model.ModelManager/]: No model loaded for default item model ID pochimod:stainless_shovel of pochimod:stainless_shovel
[173月2026 00:01:28.314] [Render thread/WARN] [net.minecraft.client.resources.model.ModelManager/]: No model loaded for default item model ID pochimod:stainless_axe of pochimod:stainless_axe
[173月2026 00:01:28.314] [Render thread/WARN] [net.minecraft.client.resources.model.ModelManager/]: No model loaded for default item model ID pochimod:stainless_hoe of pochimod:stainless_hoe
[173月2026 00:01:28.314] [Render thread/WARN] [net.minecraft.client.resources.model.ModelManager/]: No model loaded for default item model ID pochimod:aluminium_sword of pochimod:aluminium_sword
[173月2026 00:01:28.314] [Render thread/WARN] [net.minecraft.client.resources.model.ModelManager/]: No model loaded for default item model ID pochimod:aluminium_pickaxe of pochimod:aluminium_pickaxe
[173月2026 00:01:28.314] [Render thread/WARN] [net.minecraft.client.resources.model.ModelManager/]: No model loaded for default item model ID pochimod:aluminium_shovel of pochimod:aluminium_shovel
[173月2026 00:01:28.314] [Render thread/WARN] [net.minecraft.client.resources.model.ModelManager/]: No model loaded for default item model ID pochimod:aluminium_axe of pochimod:aluminium_axe
[173月2026 00:01:28.314] [Render thread/WARN] [net.minecraft.client.resources.model.ModelManager/]: No model loaded for default item model ID pochimod:aluminium_hoe of pochimod:aluminium_hoe
[173月2026 00:01:28.314] [Render thread/WARN] [net.minecraft.client.resources.model.ModelManager/]: No model loaded for default item model ID pochimod:titanium_sword of pochimod:titanium_sword
[173月2026 00:01:28.314] [Render thread/WARN] [net.minecraft.client.resources.model.ModelManager/]: No model loaded for default item model ID pochimod:titanium_pickaxe of pochimod:titanium_pickaxe
[173月2026 00:01:28.314] [Render thread/WARN] [net.minecraft.client.resources.model.ModelManager/]: No model loaded for default item model ID pochimod:titanium_shovel of pochimod:titanium_shovel
[173月2026 00:01:28.314] [Render thread/WARN] [net.minecraft.client.resources.model.ModelManager/]: No model loaded for default item model ID pochimod:titanium_axe of pochimod:titanium_axe
[173月2026 00:01:28.314] [Render thread/WARN] [net.minecraft.client.resources.model.ModelManager/]: No model loaded for default item model ID pochimod:titanium_hoe of pochimod:titanium_hoe
[173月2026 00:01:28.314] [Render thread/WARN] [net.minecraft.client.resources.model.ModelManager/]: No model loaded for default item model ID pochimod:magunesium_sword of pochimod:magunesium_sword
[173月2026 00:01:28.314] [Render thread/WARN] [net.minecraft.client.resources.model.ModelManager/]: No model loaded for default item model ID pochimod:magunesium_pickaxe of pochimod:magunesium_pickaxe
[173月2026 00:01:28.314] [Render thread/WARN] [net.minecraft.client.resources.model.ModelManager/]: No model loaded for default item model ID pochimod:magunesium_shovel of pochimod:magunesium_shovel
[173月2026 00:01:28.315] [Render thread/WARN] [net.minecraft.client.resources.model.ModelManager/]: No model loaded for default item model ID pochimod:magunesium_axe of pochimod:magunesium_axe
[173月2026 00:01:28.315] [Render thread/WARN] [net.minecraft.client.resources.model.ModelManager/]: No model loaded for default item model ID pochimod:magunesium_hoe of pochimod:magunesium_hoe
[173月2026 00:01:28.315] [Render thread/WARN] [net.minecraft.client.resources.model.ModelManager/]: No model loaded for default item model ID pochimod:vanadium_sword of pochimod:vanadium_sword
[173月2026 00:01:28.315] [Render thread/WARN] [net.minecraft.client.resources.model.ModelManager/]: No model loaded for default item model ID pochimod:vanadium_pickaxe of pochimod:vanadium_pickaxe
[173月2026 00:01:28.315] [Render thread/WARN] [net.minecraft.client.resources.model.ModelManager/]: No model loaded for default item model ID pochimod:vanadium_shovel of pochimod:vanadium_shovel
[173月2026 00:01:28.315] [Render thread/WARN] [net.minecraft.client.resources.model.ModelManager/]: No model loaded for default item model ID pochimod:vanadium_axe of pochimod:vanadium_axe
[173月2026 00:01:28.315] [Render thread/WARN] [net.minecraft.client.resources.model.ModelManager/]: No model loaded for default item model ID pochimod:vanadium_hoe of pochimod:vanadium_hoe
[173月2026 00:01:28.315] [Render thread/WARN] [net.minecraft.client.resources.model.ModelManager/]: No model loaded for default item model ID pochimod:duralumin_sword of pochimod:duralumin_sword
[173月2026 00:01:28.315] [Render thread/WARN] [net.minecraft.client.resources.model.ModelManager/]: No model loaded for default item model ID pochimod:duralumin_pickaxe of pochimod:duralumin_pickaxe
[173月2026 00:01:28.315] [Render thread/WARN] [net.minecraft.client.resources.model.ModelManager/]: No model loaded for default item model ID pochimod:duralumin_shovel of pochimod:duralumin_shovel
[173月2026 00:01:28.315] [Render thread/WARN] [net.minecraft.client.resources.model.ModelManager/]: No model loaded for default item model ID pochimod:duralumin_axe of pochimod:duralumin_axe
[173月2026 00:01:28.315] [Render thread/WARN] [net.minecraft.client.resources.model.ModelManager/]: No model loaded for default item model ID pochimod:duralumin_hoe of pochimod:duralumin_hoe
[173月2026 00:01:28.315] [Render thread/WARN] [net.minecraft.client.resources.model.ModelManager/]: No model loaded for default item model ID pochimod:titan_alloy_sword of pochimod:titan_alloy_sword
[173月2026 00:01:28.315] [Render thread/WARN] [net.minecraft.client.resources.model.ModelManager/]: No model loaded for default item model ID pochimod:titan_alloy_pickaxe of pochimod:titan_alloy_pickaxe
[173月2026 00:01:28.315] [Render thread/WARN] [net.minecraft.client.resources.model.ModelManager/]: No model loaded for default item model ID pochimod:titan_alloy_shovel of pochimod:titan_alloy_shovel
[173月2026 00:01:28.315] [Render thread/WARN] [net.minecraft.client.resources.model.ModelManager/]: No model loaded for default item model ID pochimod:titan_alloy_axe of pochimod:titan_alloy_axe
[173月2026 00:01:28.315] [Render thread/WARN] [net.minecraft.client.resources.model.ModelManager/]: No model loaded for default item model ID pochimod:titan_alloy_hoe of pochimod:titan_alloy_hoe
[173月2026 00:01:28.315] [Render thread/WARN] [net.minecraft.client.resources.model.ModelManager/]: No model loaded for default item model ID pochimod:electron_sword of pochimod:electron_sword
[173月2026 00:01:28.315] [Render thread/WARN] [net.minecraft.client.resources.model.ModelManager/]: No model loaded for default item model ID pochimod:electron_pickaxe of pochimod:electron_pickaxe
[173月2026 00:01:28.315] [Render thread/WARN] [net.minecraft.client.resources.model.ModelManager/]: No model loaded for default item model ID pochimod:electron_shovel of pochimod:electron_shovel
[173月2026 00:01:28.315] [Render thread/WARN] [net.minecraft.client.resources.model.ModelManager/]: No model loaded for default item model ID pochimod:electron_axe of pochimod:electron_axe
[173月2026 00:01:28.315] [Render thread/WARN] [net.minecraft.client.resources.model.ModelManager/]: No model loaded for default item model ID pochimod:electron_hoe of pochimod:electron_hoe
[173月2026 00:01:28.315] [Render thread/WARN] [net.minecraft.client.resources.model.ModelManager/]: No model loaded for default item model ID pochimod:vanadium_alloy_sword of pochimod:vanadium_alloy_sword
[173月2026 00:01:28.315] [Render thread/WARN] [net.minecraft.client.resources.model.ModelManager/]: No model loaded for default item model ID pochimod:vanadium_alloy_pickaxe of pochimod:vanadium_alloy_pickaxe
[173月2026 00:01:28.316] [Render thread/WARN] [net.minecraft.client.resources.model.ModelManager/]: No model loaded for default item model ID pochimod:vanadium_alloy_shovel of pochimod:vanadium_alloy_shovel
[173月2026 00:01:28.316] [Render thread/WARN] [net.minecraft.client.resources.model.ModelManager/]: No model loaded for default item model ID pochimod:vanadium_alloy_axe of pochimod:vanadium_alloy_axe
[173月2026 00:01:28.316] [Render thread/WARN] [net.minecraft.client.resources.model.ModelManager/]: No model loaded for default item model ID pochimod:vanadium_alloy_hoe of pochimod:vanadium_alloy_hoe
[173月2026 00:01:28.316] [Render thread/WARN] [net.minecraft.client.resources.model.ModelManager/]: No model loaded for default item model ID pochimod:crocodile_jaw_chain of pochimod:crocodile_jaw_chain
[173月2026 00:01:28.316] [Render thread/WARN] [net.minecraft.client.resources.model.ModelManager/]: No model loaded for default item model ID pochimod:lunar_claw_blade of pochimod:lunar_claw_blade
[173月2026 00:01:28.316] [Render thread/WARN] [net.minecraft.client.resources.model.ModelManager/]: No model loaded for default item model ID pochimod:flower_staff of pochimod:flower_staff
[173月2026 00:01:28.316] [Render thread/WARN] [net.minecraft.client.resources.model.ModelManager/]: No model loaded for default item model ID pochimod:clione_staff of pochimod:clione_staff
[173月2026 00:01:28.316] [Render thread/WARN] [net.minecraft.client.resources.model.ModelManager/]: No model loaded for default item model ID pochimod:shield_cast of pochimod:shield_cast
[173月2026 00:01:28.316] [Render thread/WARN] [net.minecraft.client.resources.model.ModelManager/]: No model loaded for default item model ID pochimod:reversal of pochimod:reversal
[173月2026 00:01:28.316] [Render thread/WARN] [net.minecraft.client.resources.model.ModelManager/]: No model loaded for default item model ID pochimod:golem_summon of pochimod:golem_summon
[173月2026 00:01:28.316] [Render thread/WARN] [net.minecraft.client.resources.model.ModelManager/]: No model loaded for default item model ID pochimod:ender_spell of pochimod:ender_spell
[173月2026 00:01:28.316] [Render thread/WARN] [net.minecraft.client.resources.model.ModelManager/]: No model loaded for default item model ID pochimod:soul_spell of pochimod:soul_spell
[173月2026 00:01:28.316] [Render thread/WARN] [net.minecraft.client.resources.model.ModelManager/]: No model loaded for default item model ID pochimod:hook_shot of pochimod:hook_shot
[173月2026 00:01:28.316] [Render thread/WARN] [net.minecraft.client.resources.model.ModelManager/]: No model loaded for default item model ID pochimod:grappling of pochimod:grappling
[173月2026 00:01:28.316] [Render thread/WARN] [net.minecraft.client.resources.model.ModelManager/]: No model loaded for default item model ID pochimod:tonbokiri of pochimod:tonbokiri
[173月2026 00:01:28.316] [Render thread/WARN] [net.minecraft.client.resources.model.ModelManager/]: No model loaded for default item model ID pochimod:mantis_grab of pochimod:mantis_grab
[173月2026 00:01:28.316] [Render thread/WARN] [net.minecraft.client.resources.model.ModelManager/]: No model loaded for default item model ID pochimod:pickaxe_rod of pochimod:pickaxe_rod
[173月2026 00:01:28.316] [Render thread/WARN] [net.minecraft.client.resources.model.ModelManager/]: No model loaded for default item model ID pochimod:pickaxe_stick of pochimod:pickaxe_stick
[173月2026 00:01:28.316] [Render thread/WARN] [net.minecraft.client.resources.model.ModelManager/]: No model loaded for default item model ID pochimod:wooden_net of pochimod:wooden_net
[173月2026 00:01:28.316] [Render thread/WARN] [net.minecraft.client.resources.model.ModelManager/]: No model loaded for default item model ID pochimod:iron_net of pochimod:iron_net
[173月2026 00:01:28.316] [Render thread/WARN] [net.minecraft.client.resources.model.ModelManager/]: No model loaded for default item model ID pochimod:diamond_net of pochimod:diamond_net
[173月2026 00:01:28.317] [Render thread/WARN] [net.minecraft.client.resources.model.ModelManager/]: No model loaded for default item model ID pochimod:chromite_helmet of pochimod:chromite_helmet
[173月2026 00:01:28.317] [Render thread/WARN] [net.minecraft.client.resources.model.ModelManager/]: No model loaded for default item model ID pochimod:chromite_chestplate of pochimod:chromite_chestplate
[173月2026 00:01:28.317] [Render thread/WARN] [net.minecraft.client.resources.model.ModelManager/]: No model loaded for default item model ID pochimod:chromite_leggings of pochimod:chromite_leggings
[173月2026 00:01:28.317] [Render thread/WARN] [net.minecraft.client.resources.model.ModelManager/]: No model loaded for default item model ID pochimod:chromite_boots of pochimod:chromite_boots
[173月2026 00:01:28.317] [Render thread/WARN] [net.minecraft.client.resources.model.ModelManager/]: No model loaded for default item model ID pochimod:fluorite_helmet of pochimod:fluorite_helmet
[173月2026 00:01:28.317] [Render thread/WARN] [net.minecraft.client.resources.model.ModelManager/]: No model loaded for default item model ID pochimod:fluorite_chestplate of pochimod:fluorite_chestplate
[173月2026 00:01:28.317] [Render thread/WARN] [net.minecraft.client.resources.model.ModelManager/]: No model loaded for default item model ID pochimod:fluorite_leggings of pochimod:fluorite_leggings
[173月2026 00:01:28.317] [Render thread/WARN] [net.minecraft.client.resources.model.ModelManager/]: No model loaded for default item model ID pochimod:fluorite_boots of pochimod:fluorite_boots
[173月2026 00:01:28.317] [Render thread/WARN] [net.minecraft.client.resources.model.ModelManager/]: No model loaded for default item model ID pochimod:stainless_helmet of pochimod:stainless_helmet
[173月2026 00:01:28.317] [Render thread/WARN] [net.minecraft.client.resources.model.ModelManager/]: No model loaded for default item model ID pochimod:stainless_chestplate of pochimod:stainless_chestplate
[173月2026 00:01:28.317] [Render thread/WARN] [net.minecraft.client.resources.model.ModelManager/]: No model loaded for default item model ID pochimod:stainless_leggings of pochimod:stainless_leggings
[173月2026 00:01:28.317] [Render thread/WARN] [net.minecraft.client.resources.model.ModelManager/]: No model loaded for default item model ID pochimod:stainless_boots of pochimod:stainless_boots
[173月2026 00:01:28.317] [Render thread/WARN] [net.minecraft.client.resources.model.ModelManager/]: No model loaded for default item model ID pochimod:aluminium_helmet of pochimod:aluminium_helmet
[173月2026 00:01:28.317] [Render thread/WARN] [net.minecraft.client.resources.model.ModelManager/]: No model loaded for default item model ID pochimod:aluminium_chestplate of pochimod:aluminium_chestplate
[173月2026 00:01:28.317] [Render thread/WARN] [net.minecraft.client.resources.model.ModelManager/]: No model loaded for default item model ID pochimod:aluminium_leggings of pochimod:aluminium_leggings
[173月2026 00:01:28.317] [Render thread/WARN] [net.minecraft.client.resources.model.ModelManager/]: No model loaded for default item model ID pochimod:aluminium_boots of pochimod:aluminium_boots
[173月2026 00:01:28.317] [Render thread/WARN] [net.minecraft.client.resources.model.ModelManager/]: No model loaded for default item model ID pochimod:titanium_helmet of pochimod:titanium_helmet
[173月2026 00:01:28.317] [Render thread/WARN] [net.minecraft.client.resources.model.ModelManager/]: No model loaded for default item model ID pochimod:titanium_chestplate of pochimod:titanium_chestplate
[173月2026 00:01:28.317] [Render thread/WARN] [net.minecraft.client.resources.model.ModelManager/]: No model loaded for default item model ID pochimod:titanium_leggings of pochimod:titanium_leggings
[173月2026 00:01:28.317] [Render thread/WARN] [net.minecraft.client.resources.model.ModelManager/]: No model loaded for default item model ID pochimod:titanium_boots of pochimod:titanium_boots
[173月2026 00:01:28.318] [Render thread/WARN] [net.minecraft.client.resources.model.ModelManager/]: No model loaded for default item model ID pochimod:magunesium_helmet of pochimod:magunesium_helmet
[173月2026 00:01:28.318] [Render thread/WARN] [net.minecraft.client.resources.model.ModelManager/]: No model loaded for default item model ID pochimod:magunesium_chestplate of pochimod:magunesium_chestplate
[173月2026 00:01:28.318] [Render thread/WARN] [net.minecraft.client.resources.model.ModelManager/]: No model loaded for default item model ID pochimod:magunesium_leggings of pochimod:magunesium_leggings
[173月2026 00:01:28.318] [Render thread/WARN] [net.minecraft.client.resources.model.ModelManager/]: No model loaded for default item model ID pochimod:magunesium_boots of pochimod:magunesium_boots
[173月2026 00:01:28.318] [Render thread/WARN] [net.minecraft.client.resources.model.ModelManager/]: No model loaded for default item model ID pochimod:vanadium_helmet of pochimod:vanadium_helmet
[173月2026 00:01:28.318] [Render thread/WARN] [net.minecraft.client.resources.model.ModelManager/]: No model loaded for default item model ID pochimod:vanadium_chestplate of pochimod:vanadium_chestplate
[173月2026 00:01:28.318] [Render thread/WARN] [net.minecraft.client.resources.model.ModelManager/]: No model loaded for default item model ID pochimod:vanadium_leggings of pochimod:vanadium_leggings
[173月2026 00:01:28.318] [Render thread/WARN] [net.minecraft.client.resources.model.ModelManager/]: No model loaded for default item model ID pochimod:vanadium_boots of pochimod:vanadium_boots
[173月2026 00:01:28.318] [Render thread/WARN] [net.minecraft.client.resources.model.ModelManager/]: No model loaded for default item model ID pochimod:duralumin_helmet of pochimod:duralumin_helmet
[173月2026 00:01:28.318] [Render thread/WARN] [net.minecraft.client.resources.model.ModelManager/]: No model loaded for default item model ID pochimod:duralumin_chestplate of pochimod:duralumin_chestplate
[173月2026 00:01:28.318] [Render thread/WARN] [net.minecraft.client.resources.model.ModelManager/]: No model loaded for default item model ID pochimod:duralumin_leggings of pochimod:duralumin_leggings
[173月2026 00:01:28.318] [Render thread/WARN] [net.minecraft.client.resources.model.ModelManager/]: No model loaded for default item model ID pochimod:duralumin_boots of pochimod:duralumin_boots
[173月2026 00:01:28.318] [Render thread/WARN] [net.minecraft.client.resources.model.ModelManager/]: No model loaded for default item model ID pochimod:titan_alloy_helmet of pochimod:titan_alloy_helmet
[173月2026 00:01:28.318] [Render thread/WARN] [net.minecraft.client.resources.model.ModelManager/]: No model loaded for default item model ID pochimod:titan_alloy_chestplate of pochimod:titan_alloy_chestplate
[173月2026 00:01:28.318] [Render thread/WARN] [net.minecraft.client.resources.model.ModelManager/]: No model loaded for default item model ID pochimod:titan_alloy_leggings of pochimod:titan_alloy_leggings
[173月2026 00:01:28.318] [Render thread/WARN] [net.minecraft.client.resources.model.ModelManager/]: No model loaded for default item model ID pochimod:titan_alloy_boots of pochimod:titan_alloy_boots
[173月2026 00:01:28.318] [Render thread/WARN] [net.minecraft.client.resources.model.ModelManager/]: No model loaded for default item model ID pochimod:electron_helmet of pochimod:electron_helmet
[173月2026 00:01:28.318] [Render thread/WARN] [net.minecraft.client.resources.model.ModelManager/]: No model loaded for default item model ID pochimod:electron_chestplate of pochimod:electron_chestplate
[173月2026 00:01:28.318] [Render thread/WARN] [net.minecraft.client.resources.model.ModelManager/]: No model loaded for default item model ID pochimod:electron_leggings of pochimod:electron_leggings
[173月2026 00:01:28.318] [Render thread/WARN] [net.minecraft.client.resources.model.ModelManager/]: No model loaded for default item model ID pochimod:electron_boots of pochimod:electron_boots
[173月2026 00:01:28.318] [Render thread/WARN] [net.minecraft.client.resources.model.ModelManager/]: No model loaded for default item model ID pochimod:vanadium_alloy_helmet of pochimod:vanadium_alloy_helmet
[173月2026 00:01:28.319] [Render thread/WARN] [net.minecraft.client.resources.model.ModelManager/]: No model loaded for default item model ID pochimod:vanadium_alloy_chestplate of pochimod:vanadium_alloy_chestplate
[173月2026 00:01:28.319] [Render thread/WARN] [net.minecraft.client.resources.model.ModelManager/]: No model loaded for default item model ID pochimod:vanadium_alloy_leggings of pochimod:vanadium_alloy_leggings
[173月2026 00:01:28.319] [Render thread/WARN] [net.minecraft.client.resources.model.ModelManager/]: No model loaded for default item model ID pochimod:vanadium_alloy_boots of pochimod:vanadium_alloy_boots
[173月2026 00:01:28.319] [Render thread/WARN] [net.minecraft.client.resources.model.ModelManager/]: No model loaded for default item model ID pochimod:periso_helmet of pochimod:periso_helmet
[173月2026 00:01:28.319] [Render thread/WARN] [net.minecraft.client.resources.model.ModelManager/]: No model loaded for default item model ID pochimod:rock_penguin_boots of pochimod:rock_penguin_boots
[173月2026 00:01:28.319] [Render thread/WARN] [net.minecraft.client.resources.model.ModelManager/]: No model loaded for default item model ID pochimod:emu_boots of pochimod:emu_boots
[173月2026 00:01:28.320] [Render thread/WARN] [net.minecraft.client.resources.model.ModelManager/]: No model loaded for default item model ID pochimod:cassowary_boots of pochimod:cassowary_boots
[173月2026 00:01:28.320] [Render thread/WARN] [net.minecraft.client.resources.model.ModelManager/]: No model loaded for default item model ID pochimod:ancient_lizard_boots of pochimod:ancient_lizard_boots
[173月2026 00:01:28.320] [Render thread/WARN] [net.minecraft.client.resources.model.ModelManager/]: No model loaded for default item model ID pochimod:leopard_gecko_tail_belt of pochimod:leopard_gecko_tail_belt
[173月2026 00:01:28.320] [Render thread/WARN] [net.minecraft.client.resources.model.ModelManager/]: No model loaded for default item model ID pochimod:caviar of pochimod:caviar
[173月2026 00:01:28.320] [Render thread/WARN] [net.minecraft.client.resources.model.ModelManager/]: No model loaded for default item model ID pochimod:cabbage of pochimod:cabbage
[173月2026 00:01:28.320] [Render thread/WARN] [net.minecraft.client.resources.model.ModelManager/]: No model loaded for default item model ID pochimod:asparagus of pochimod:asparagus
[173月2026 00:01:28.320] [Render thread/WARN] [net.minecraft.client.resources.model.ModelManager/]: No model loaded for default item model ID pochimod:grape of pochimod:grape
[173月2026 00:01:28.320] [Render thread/WARN] [net.minecraft.client.resources.model.ModelManager/]: No model loaded for default item model ID pochimod:lemon of pochimod:lemon
[173月2026 00:01:28.320] [Render thread/WARN] [net.minecraft.client.resources.model.ModelManager/]: No model loaded for default item model ID pochimod:cinnamon of pochimod:cinnamon
[173月2026 00:01:28.320] [Render thread/WARN] [net.minecraft.client.resources.model.ModelManager/]: No model loaded for default item model ID pochimod:row_rice of pochimod:row_rice
[173月2026 00:01:28.320] [Render thread/WARN] [net.minecraft.client.resources.model.ModelManager/]: No model loaded for default item model ID pochimod:rice of pochimod:rice
[173月2026 00:01:28.320] [Render thread/WARN] [net.minecraft.client.resources.model.ModelManager/]: No model loaded for default item model ID pochimod:mint of pochimod:mint
[173月2026 00:01:28.320] [Render thread/WARN] [net.minecraft.client.resources.model.ModelManager/]: No model loaded for default item model ID pochimod:cola of pochimod:cola
[173月2026 00:01:28.320] [Render thread/WARN] [net.minecraft.client.resources.model.ModelManager/]: No model loaded for default item model ID pochimod:tomato of pochimod:tomato
[173月2026 00:01:28.320] [Render thread/WARN] [net.minecraft.client.resources.model.ModelManager/]: No model loaded for default item model ID pochimod:corn of pochimod:corn
[173月2026 00:01:28.320] [Render thread/WARN] [net.minecraft.client.resources.model.ModelManager/]: No model loaded for default item model ID pochimod:onion of pochimod:onion
[173月2026 00:01:28.320] [Render thread/WARN] [net.minecraft.client.resources.model.ModelManager/]: No model loaded for default item model ID pochimod:ginger of pochimod:ginger
[173月2026 00:01:28.320] [Render thread/WARN] [net.minecraft.client.resources.model.ModelManager/]: No model loaded for default item model ID pochimod:green_pepper of pochimod:green_pepper
[173月2026 00:01:28.320] [Render thread/WARN] [net.minecraft.client.resources.model.ModelManager/]: No model loaded for default item model ID pochimod:paprika of pochimod:paprika
[173月2026 00:01:28.320] [Render thread/WARN] [net.minecraft.client.resources.model.ModelManager/]: No model loaded for default item model ID pochimod:eggplant of pochimod:eggplant
[173月2026 00:01:28.320] [Render thread/WARN] [net.minecraft.client.resources.model.ModelManager/]: No model loaded for default item model ID pochimod:white_radish of pochimod:white_radish
[173月2026 00:01:28.320] [Render thread/WARN] [net.minecraft.client.resources.model.ModelManager/]: No model loaded for default item model ID pochimod:plum of pochimod:plum
[173月2026 00:01:28.320] [Render thread/WARN] [net.minecraft.client.resources.model.ModelManager/]: No model loaded for default item model ID pochimod:cherry of pochimod:cherry
[173月2026 00:01:28.320] [Render thread/WARN] [net.minecraft.client.resources.model.ModelManager/]: No model loaded for default item model ID pochimod:banana of pochimod:banana
[173月2026 00:01:28.320] [Render thread/WARN] [net.minecraft.client.resources.model.ModelManager/]: No model loaded for default item model ID pochimod:coconut of pochimod:coconut
[173月2026 00:01:28.320] [Render thread/WARN] [net.minecraft.client.resources.model.ModelManager/]: No model loaded for default item model ID pochimod:peach of pochimod:peach
[173月2026 00:01:28.320] [Render thread/WARN] [net.minecraft.client.resources.model.ModelManager/]: No model loaded for default item model ID pochimod:kiwi of pochimod:kiwi
[173月2026 00:01:28.321] [Render thread/WARN] [net.minecraft.client.resources.model.ModelManager/]: No model loaded for default item model ID pochimod:almond of pochimod:almond
[173月2026 00:01:28.321] [Render thread/WARN] [net.minecraft.client.resources.model.ModelManager/]: No model loaded for default item model ID pochimod:durian of pochimod:durian
[173月2026 00:01:28.321] [Render thread/WARN] [net.minecraft.client.resources.model.ModelManager/]: No model loaded for default item model ID pochimod:olive of pochimod:olive
[173月2026 00:01:28.321] [Render thread/WARN] [net.minecraft.client.resources.model.ModelManager/]: No model loaded for default item model ID pochimod:blue_berry of pochimod:blue_berry
[173月2026 00:01:28.321] [Render thread/WARN] [net.minecraft.client.resources.model.ModelManager/]: No model loaded for default item model ID pochimod:chili_pepper of pochimod:chili_pepper
[173月2026 00:01:28.321] [Render thread/WARN] [net.minecraft.client.resources.model.ModelManager/]: No model loaded for default item model ID pochimod:basil of pochimod:basil
[173月2026 00:01:28.321] [Render thread/WARN] [net.minecraft.client.resources.model.ModelManager/]: No model loaded for default item model ID pochimod:lotus_root of pochimod:lotus_root
[173月2026 00:01:28.321] [Render thread/WARN] [net.minecraft.client.resources.model.ModelManager/]: No model loaded for default item model ID pochimod:tomato_sand of pochimod:tomato_sand
[173月2026 00:01:28.321] [Render thread/WARN] [net.minecraft.client.resources.model.ModelManager/]: No model loaded for default item model ID pochimod:banana_sand of pochimod:banana_sand
[173月2026 00:01:28.321] [Render thread/WARN] [net.minecraft.client.resources.model.ModelManager/]: No model loaded for default item model ID pochimod:peach_sand of pochimod:peach_sand
[173月2026 00:01:28.321] [Render thread/WARN] [net.minecraft.client.resources.model.ModelManager/]: No model loaded for default item model ID pochimod:apple_sand of pochimod:apple_sand
[173月2026 00:01:28.321] [Render thread/WARN] [net.minecraft.client.resources.model.ModelManager/]: No model loaded for default item model ID pochimod:grape_sand of pochimod:grape_sand
[173月2026 00:01:28.321] [Render thread/WARN] [net.minecraft.client.resources.model.ModelManager/]: No model loaded for default item model ID pochimod:asparagus_bacon of pochimod:asparagus_bacon
[173月2026 00:01:28.321] [Render thread/WARN] [net.minecraft.client.resources.model.ModelManager/]: No model loaded for default item model ID pochimod:ginger_pork of pochimod:ginger_pork
[173月2026 00:01:28.321] [Render thread/WARN] [net.minecraft.client.resources.model.ModelManager/]: No model loaded for default item model ID pochimod:fried_eggplant of pochimod:fried_eggplant
[173月2026 00:01:28.321] [Render thread/WARN] [net.minecraft.client.resources.model.ModelManager/]: No model loaded for default item model ID pochimod:chinjaolose of pochimod:chinjaolose
[173月2026 00:01:28.321] [Render thread/WARN] [net.minecraft.client.resources.model.ModelManager/]: No model loaded for default item model ID pochimod:popcorn of pochimod:popcorn
[173月2026 00:01:28.321] [Render thread/WARN] [net.minecraft.client.resources.model.ModelManager/]: No model loaded for default item model ID pochimod:pizza_bread of pochimod:pizza_bread
[173月2026 00:01:28.321] [Render thread/WARN] [net.minecraft.client.resources.model.ModelManager/]: No model loaded for default item model ID pochimod:boiled_fish of pochimod:boiled_fish
[173月2026 00:01:28.321] [Render thread/WARN] [net.minecraft.client.resources.model.ModelManager/]: No model loaded for default item model ID pochimod:corn_soup of pochimod:corn_soup
[173月2026 00:01:28.321] [Render thread/WARN] [net.minecraft.client.resources.model.ModelManager/]: No model loaded for default item model ID pochimod:hamburger of pochimod:hamburger
[173月2026 00:01:28.321] [Render thread/WARN] [net.minecraft.client.resources.model.ModelManager/]: No model loaded for default item model ID pochimod:peperoncino of pochimod:peperoncino
[173月2026 00:01:28.322] [Render thread/WARN] [net.minecraft.client.resources.model.ModelManager/]: No model loaded for default item model ID pochimod:mabo_nasu of pochimod:mabo_nasu
[173月2026 00:01:28.322] [Render thread/WARN] [net.minecraft.client.resources.model.ModelManager/]: No model loaded for default item model ID pochimod:baked_corn of pochimod:baked_corn
[173月2026 00:01:28.322] [Render thread/WARN] [net.minecraft.client.resources.model.ModelManager/]: No model loaded for default item model ID pochimod:radish_minced_meat of pochimod:radish_minced_meat
[173月2026 00:01:28.322] [Render thread/WARN] [net.minecraft.client.resources.model.ModelManager/]: No model loaded for default item model ID pochimod:chicken_egg of pochimod:chicken_egg
[173月2026 00:01:28.322] [Render thread/WARN] [net.minecraft.client.resources.model.ModelManager/]: No model loaded for default item model ID pochimod:genovese of pochimod:genovese
[173月2026 00:01:28.322] [Render thread/WARN] [net.minecraft.client.resources.model.ModelManager/]: No model loaded for default item model ID pochimod:fried_almond of pochimod:fried_almond
[173月2026 00:01:28.322] [Render thread/WARN] [net.minecraft.client.resources.model.ModelManager/]: No model loaded for default item model ID pochimod:green_carry of pochimod:green_carry
[173月2026 00:01:28.322] [Render thread/WARN] [net.minecraft.client.resources.model.ModelManager/]: No model loaded for default item model ID pochimod:green_pepper_minced_meat of pochimod:green_pepper_minced_meat
[173月2026 00:01:28.322] [Render thread/WARN] [net.minecraft.client.resources.model.ModelManager/]: No model loaded for default item model ID pochimod:pepe_cabbage of pochimod:pepe_cabbage
[173月2026 00:01:28.322] [Render thread/WARN] [net.minecraft.client.resources.model.ModelManager/]: No model loaded for default item model ID pochimod:fried_lotus_root of pochimod:fried_lotus_root
[173月2026 00:01:28.322] [Render thread/WARN] [net.minecraft.client.resources.model.ModelManager/]: No model loaded for default item model ID pochimod:lotus_root_minced_meat of pochimod:lotus_root_minced_meat
[173月2026 00:01:28.322] [Render thread/WARN] [net.minecraft.client.resources.model.ModelManager/]: No model loaded for default item model ID pochimod:gaprao of pochimod:gaprao
[173月2026 00:01:28.322] [Render thread/WARN] [net.minecraft.client.resources.model.ModelManager/]: No model loaded for default item model ID pochimod:tacos of pochimod:tacos
[173月2026 00:01:28.322] [Render thread/WARN] [net.minecraft.client.resources.model.ModelManager/]: No model loaded for default item model ID pochimod:tea of pochimod:tea
[173月2026 00:01:28.322] [Render thread/WARN] [net.minecraft.client.resources.model.ModelManager/]: No model loaded for default item model ID pochimod:hop of pochimod:hop
[173月2026 00:01:28.322] [Render thread/WARN] [net.minecraft.client.resources.model.ModelManager/]: No model loaded for default item model ID pochimod:pepper of pochimod:pepper
[173月2026 00:01:28.322] [Render thread/WARN] [net.minecraft.client.resources.model.ModelManager/]: No model loaded for default item model ID pochimod:row_coffee_beans of pochimod:row_coffee_beans
[173月2026 00:01:28.322] [Render thread/WARN] [net.minecraft.client.resources.model.ModelManager/]: No model loaded for default item model ID pochimod:coffee_beans of pochimod:coffee_beans
[173月2026 00:01:28.322] [Render thread/WARN] [net.minecraft.client.resources.model.ModelManager/]: No model loaded for default item model ID pochimod:musk_coffee_beans of pochimod:musk_coffee_beans
[173月2026 00:01:28.322] [Render thread/WARN] [net.minecraft.client.resources.model.ModelManager/]: No model loaded for default item model ID pochimod:fire_wood of pochimod:fire_wood
[173月2026 00:01:28.322] [Render thread/WARN] [net.minecraft.client.resources.model.ModelManager/]: No model loaded for default item model ID pochimod:filtered_water of pochimod:filtered_water
[173月2026 00:01:28.322] [Render thread/WARN] [net.minecraft.client.resources.model.ModelManager/]: No model loaded for default item model ID pochimod:bottle_of_milk of pochimod:bottle_of_milk
[173月2026 00:01:28.322] [Render thread/WARN] [net.minecraft.client.resources.model.ModelManager/]: No model loaded for default item model ID pochimod:maple_water of pochimod:maple_water
[173月2026 00:01:28.322] [Render thread/WARN] [net.minecraft.client.resources.model.ModelManager/]: No model loaded for default item model ID pochimod:maple_syrup of pochimod:maple_syrup
[173月2026 00:01:28.323] [Render thread/WARN] [net.minecraft.client.resources.model.ModelManager/]: No model loaded for default item model ID pochimod:coffe of pochimod:coffe
[173月2026 00:01:28.323] [Render thread/WARN] [net.minecraft.client.resources.model.ModelManager/]: No model loaded for default item model ID pochimod:musk_coffe of pochimod:musk_coffe
[173月2026 00:01:28.323] [Render thread/WARN] [net.minecraft.client.resources.model.ModelManager/]: No model loaded for default item model ID pochimod:bottle_of_whiskey of pochimod:bottle_of_whiskey
[173月2026 00:01:28.323] [Render thread/WARN] [net.minecraft.client.resources.model.ModelManager/]: No model loaded for default item model ID pochimod:bottle_of_white_liquor of pochimod:bottle_of_white_liquor
[173月2026 00:01:28.323] [Render thread/WARN] [net.minecraft.client.resources.model.ModelManager/]: No model loaded for default item model ID pochimod:bottle_of_cola of pochimod:bottle_of_cola
[173月2026 00:01:28.323] [Render thread/WARN] [net.minecraft.client.resources.model.ModelManager/]: No model loaded for default item model ID pochimod:bottle_of_red_wine of pochimod:bottle_of_red_wine
[173月2026 00:01:28.323] [Render thread/WARN] [net.minecraft.client.resources.model.ModelManager/]: No model loaded for default item model ID pochimod:bottle_of_white_wine of pochimod:bottle_of_white_wine
[173月2026 00:01:28.323] [Render thread/WARN] [net.minecraft.client.resources.model.ModelManager/]: No model loaded for default item model ID pochimod:bottle_of_sake of pochimod:bottle_of_sake
[173月2026 00:01:28.323] [Render thread/WARN] [net.minecraft.client.resources.model.ModelManager/]: No model loaded for default item model ID pochimod:peach_liqueur of pochimod:peach_liqueur
[173月2026 00:01:28.323] [Render thread/WARN] [net.minecraft.client.resources.model.ModelManager/]: No model loaded for default item model ID pochimod:plum_liqueur of pochimod:plum_liqueur
[173月2026 00:01:28.323] [Render thread/WARN] [net.minecraft.client.resources.model.ModelManager/]: No model loaded for default item model ID pochimod:lemon_liqueur of pochimod:lemon_liqueur
[173月2026 00:01:28.323] [Render thread/WARN] [net.minecraft.client.resources.model.ModelManager/]: No model loaded for default item model ID pochimod:mint_liqueur of pochimod:mint_liqueur
[173月2026 00:01:28.323] [Render thread/WARN] [net.minecraft.client.resources.model.ModelManager/]: No model loaded for default item model ID pochimod:apple_liqueur of pochimod:apple_liqueur
[173月2026 00:01:28.323] [Render thread/WARN] [net.minecraft.client.resources.model.ModelManager/]: No model loaded for default item model ID pochimod:habu_liqueur of pochimod:habu_liqueur
[173月2026 00:01:28.323] [Render thread/WARN] [net.minecraft.client.resources.model.ModelManager/]: No model loaded for default item model ID pochimod:aspergillus of pochimod:aspergillus
[173月2026 00:01:28.323] [Render thread/WARN] [net.minecraft.client.resources.model.ModelManager/]: No model loaded for default item model ID pochimod:japanese_yeast of pochimod:japanese_yeast
[173月2026 00:01:28.323] [Render thread/WARN] [net.minecraft.client.resources.model.ModelManager/]: No model loaded for default item model ID pochimod:grape_juice of pochimod:grape_juice
[173月2026 00:01:28.323] [Render thread/WARN] [net.minecraft.client.resources.model.ModelManager/]: No model loaded for default item model ID pochimod:apple_juice of pochimod:apple_juice
[173月2026 00:01:28.323] [Render thread/WARN] [net.minecraft.client.resources.model.ModelManager/]: No model loaded for default item model ID pochimod:lemon_juice of pochimod:lemon_juice
[173月2026 00:01:28.323] [Render thread/WARN] [net.minecraft.client.resources.model.ModelManager/]: No model loaded for default item model ID pochimod:peach_juice of pochimod:peach_juice
[173月2026 00:01:28.323] [Render thread/WARN] [net.minecraft.client.resources.model.ModelManager/]: No model loaded for default item model ID pochimod:plum_juice of pochimod:plum_juice
[173月2026 00:01:28.323] [Render thread/WARN] [net.minecraft.client.resources.model.ModelManager/]: No model loaded for default item model ID pochimod:banana_juice of pochimod:banana_juice
[173月2026 00:01:28.323] [Render thread/WARN] [net.minecraft.client.resources.model.ModelManager/]: No model loaded for default item model ID pochimod:almond_juice of pochimod:almond_juice
[173月2026 00:01:28.323] [Render thread/WARN] [net.minecraft.client.resources.model.ModelManager/]: No model loaded for default item model ID pochimod:coconut_milk of pochimod:coconut_milk
[173月2026 00:01:28.323] [Render thread/WARN] [net.minecraft.client.resources.model.ModelManager/]: No model loaded for default item model ID pochimod:smoothie of pochimod:smoothie
[173月2026 00:01:28.323] [Render thread/WARN] [net.minecraft.client.resources.model.ModelManager/]: No model loaded for default item model ID pochimod:mix_juice of pochimod:mix_juice
[173月2026 00:01:28.324] [Render thread/WARN] [net.minecraft.client.resources.model.ModelManager/]: No model loaded for default item model ID pochimod:mix_au_lait of pochimod:mix_au_lait
[173月2026 00:01:28.324] [Render thread/WARN] [net.minecraft.client.resources.model.ModelManager/]: No model loaded for default item model ID pochimod:chocolate of pochimod:chocolate
[173月2026 00:01:28.324] [Render thread/WARN] [net.minecraft.client.resources.model.ModelManager/]: No model loaded for default item model ID pochimod:choco_mint of pochimod:choco_mint
[173月2026 00:01:28.324] [Render thread/WARN] [net.minecraft.client.resources.model.ModelManager/]: No model loaded for default item model ID pochimod:asparagus_seeds of pochimod:asparagus_seeds
[173月2026 00:01:28.324] [Render thread/WARN] [net.minecraft.client.resources.model.ModelManager/]: No model loaded for default item model ID pochimod:cabbage_seeds of pochimod:cabbage_seeds
[173月2026 00:01:28.324] [Render thread/WARN] [net.minecraft.client.resources.model.ModelManager/]: No model loaded for default item model ID pochimod:rice_seeds of pochimod:rice_seeds
[173月2026 00:01:28.324] [Render thread/WARN] [net.minecraft.client.resources.model.ModelManager/]: No model loaded for default item model ID pochimod:mint_seeds of pochimod:mint_seeds
[173月2026 00:01:28.324] [Render thread/WARN] [net.minecraft.client.resources.model.ModelManager/]: No model loaded for default item model ID pochimod:cola_seeds of pochimod:cola_seeds
[173月2026 00:01:28.324] [Render thread/WARN] [net.minecraft.client.resources.model.ModelManager/]: No model loaded for default item model ID pochimod:tomato_seeds of pochimod:tomato_seeds
[173月2026 00:01:28.324] [Render thread/WARN] [net.minecraft.client.resources.model.ModelManager/]: No model loaded for default item model ID pochimod:corn_seeds of pochimod:corn_seeds
[173月2026 00:01:28.324] [Render thread/WARN] [net.minecraft.client.resources.model.ModelManager/]: No model loaded for default item model ID pochimod:onion_seeds of pochimod:onion_seeds
[173月2026 00:01:28.324] [Render thread/WARN] [net.minecraft.client.resources.model.ModelManager/]: No model loaded for default item model ID pochimod:ginger_seeds of pochimod:ginger_seeds
[173月2026 00:01:28.324] [Render thread/WARN] [net.minecraft.client.resources.model.ModelManager/]: No model loaded for default item model ID pochimod:green_pepper_seeds of pochimod:green_pepper_seeds
[173月2026 00:01:28.324] [Render thread/WARN] [net.minecraft.client.resources.model.ModelManager/]: No model loaded for default item model ID pochimod:paprika_seeds of pochimod:paprika_seeds
[173月2026 00:01:28.324] [Render thread/WARN] [net.minecraft.client.resources.model.ModelManager/]: No model loaded for default item model ID pochimod:eggplant_seeds of pochimod:eggplant_seeds
[173月2026 00:01:28.324] [Render thread/WARN] [net.minecraft.client.resources.model.ModelManager/]: No model loaded for default item model ID pochimod:white_radish_seeds of pochimod:white_radish_seeds
[173月2026 00:01:28.324] [Render thread/WARN] [net.minecraft.client.resources.model.ModelManager/]: No model loaded for default item model ID pochimod:chili_pepper_seeds of pochimod:chili_pepper_seeds
[173月2026 00:01:28.324] [Render thread/WARN] [net.minecraft.client.resources.model.ModelManager/]: No model loaded for default item model ID pochimod:basil_seeds of pochimod:basil_seeds
[173月2026 00:01:28.324] [Render thread/WARN] [net.minecraft.client.resources.model.ModelManager/]: No model loaded for default item model ID pochimod:lotus_root_seeds of pochimod:lotus_root_seeds
[173月2026 00:01:28.324] [Render thread/WARN] [net.minecraft.client.resources.model.ModelManager/]: No model loaded for default item model ID pochimod:filtered_water_bucket of pochimod:filtered_water_bucket
[173月2026 00:01:28.324] [Render thread/WARN] [net.minecraft.client.resources.model.ModelManager/]: No model loaded for default item model ID pochimod:whiskey_bucket of pochimod:whiskey_bucket
[173月2026 00:01:28.324] [Render thread/WARN] [net.minecraft.client.resources.model.ModelManager/]: No model loaded for default item model ID pochimod:maple_bucket of pochimod:maple_bucket
[173月2026 00:01:28.324] [Render thread/WARN] [net.minecraft.client.resources.model.ModelManager/]: No model loaded for default item model ID pochimod:sake_bucket of pochimod:sake_bucket
[173月2026 00:01:28.324] [Render thread/WARN] [net.minecraft.client.resources.model.ModelManager/]: No model loaded for default item model ID pochimod:wine_bucket of pochimod:wine_bucket
[173月2026 00:01:28.324] [Render thread/WARN] [net.minecraft.client.resources.model.ModelManager/]: No model loaded for default item model ID pochimod:white_wine_bucket of pochimod:white_wine_bucket
[173月2026 00:01:28.324] [Render thread/WARN] [net.minecraft.client.resources.model.ModelManager/]: No model loaded for default item model ID pochimod:j_malt_bucket of pochimod:j_malt_bucket
[173月2026 00:01:28.324] [Render thread/WARN] [net.minecraft.client.resources.model.ModelManager/]: No model loaded for default item model ID pochimod:rice_bucket of pochimod:rice_bucket
[173月2026 00:01:28.324] [Render thread/WARN] [net.minecraft.client.resources.model.ModelManager/]: No model loaded for default item model ID pochimod:mash_bucket of pochimod:mash_bucket
[173月2026 00:01:28.324] [Render thread/WARN] [net.minecraft.client.resources.model.ModelManager/]: No model loaded for default item model ID pochimod:yeast_bucket of pochimod:yeast_bucket
[173月2026 00:01:28.324] [Render thread/WARN] [net.minecraft.client.resources.model.ModelManager/]: No model loaded for default item model ID pochimod:sparrow_spawn_egg of pochimod:sparrow_spawn_egg
[173月2026 00:01:28.325] [Render thread/WARN] [net.minecraft.client.resources.model.ModelManager/]: No model loaded for default item model ID pochimod:deer_spawn_egg of pochimod:deer_spawn_egg
[173月2026 00:01:28.325] [Render thread/WARN] [net.minecraft.client.resources.model.ModelManager/]: No model loaded for default item model ID pochimod:doe_spawn_egg of pochimod:doe_spawn_egg
[173月2026 00:01:28.325] [Render thread/WARN] [net.minecraft.client.resources.model.ModelManager/]: No model loaded for default item model ID pochimod:sakaban_spawn_egg of pochimod:sakaban_spawn_egg
[173月2026 00:01:28.325] [Render thread/WARN] [net.minecraft.client.resources.model.ModelManager/]: No model loaded for default item model ID pochimod:cicada_spawn_egg of pochimod:cicada_spawn_egg
[173月2026 00:01:28.325] [Render thread/WARN] [net.minecraft.client.resources.model.ModelManager/]: No model loaded for default item model ID pochimod:dragonfly_spawn_egg of pochimod:dragonfly_spawn_egg
[173月2026 00:01:28.325] [Render thread/WARN] [net.minecraft.client.resources.model.ModelManager/]: No model loaded for default item model ID pochimod:butterfly_spawn_egg of pochimod:butterfly_spawn_egg
[173月2026 00:01:28.325] [Render thread/WARN] [net.minecraft.client.resources.model.ModelManager/]: No model loaded for default item model ID pochimod:long_tit_spawn_egg of pochimod:long_tit_spawn_egg
[173月2026 00:01:28.325] [Render thread/WARN] [net.minecraft.client.resources.model.ModelManager/]: No model loaded for default item model ID pochimod:seal_spawn_egg of pochimod:seal_spawn_egg
[173月2026 00:01:28.325] [Render thread/WARN] [net.minecraft.client.resources.model.ModelManager/]: No model loaded for default item model ID pochimod:hermit_crab_spawn_egg of pochimod:hermit_crab_spawn_egg
[173月2026 00:01:28.325] [Render thread/WARN] [net.minecraft.client.resources.model.ModelManager/]: No model loaded for default item model ID pochimod:mini_hipo_spawn_egg of pochimod:mini_hipo_spawn_egg
[173月2026 00:01:28.325] [Render thread/WARN] [net.minecraft.client.resources.model.ModelManager/]: No model loaded for default item model ID pochimod:mongoose_spawn_egg of pochimod:mongoose_spawn_egg
[173月2026 00:01:28.325] [Render thread/WARN] [net.minecraft.client.resources.model.ModelManager/]: No model loaded for default item model ID pochimod:ant_spawn_egg of pochimod:ant_spawn_egg
[173月2026 00:01:28.325] [Render thread/WARN] [net.minecraft.client.resources.model.ModelManager/]: No model loaded for default item model ID pochimod:etupirka_spawn_egg of pochimod:etupirka_spawn_egg
[173月2026 00:01:28.325] [Render thread/WARN] [net.minecraft.client.resources.model.ModelManager/]: No model loaded for default item model ID pochimod:snake_spawn_egg of pochimod:snake_spawn_egg
[173月2026 00:01:28.325] [Render thread/WARN] [net.minecraft.client.resources.model.ModelManager/]: No model loaded for default item model ID pochimod:peacock_spawn_egg of pochimod:peacock_spawn_egg
[173月2026 00:01:28.325] [Render thread/WARN] [net.minecraft.client.resources.model.ModelManager/]: No model loaded for default item model ID pochimod:burrowing_spawn_egg of pochimod:burrowing_spawn_egg
[173月2026 00:01:28.325] [Render thread/WARN] [net.minecraft.client.resources.model.ModelManager/]: No model loaded for default item model ID pochimod:folivore_spawn_egg of pochimod:folivore_spawn_egg
[173月2026 00:01:28.325] [Render thread/WARN] [net.minecraft.client.resources.model.ModelManager/]: No model loaded for default item model ID pochimod:giant_otter_spawn_egg of pochimod:giant_otter_spawn_egg
[173月2026 00:01:28.325] [Render thread/WARN] [net.minecraft.client.resources.model.ModelManager/]: No model loaded for default item model ID pochimod:guyana_rupicola_spawn_egg of pochimod:guyana_rupicola_spawn_egg
[173月2026 00:01:28.325] [Render thread/WARN] [net.minecraft.client.resources.model.ModelManager/]: No model loaded for default item model ID pochimod:harpy_eagle_spawn_egg of pochimod:harpy_eagle_spawn_egg
[173月2026 00:01:28.325] [Render thread/WARN] [net.minecraft.client.resources.model.ModelManager/]: No model loaded for default item model ID pochimod:musk_cat_spawn_egg of pochimod:musk_cat_spawn_egg
[173月2026 00:01:28.325] [Render thread/WARN] [net.minecraft.client.resources.model.ModelManager/]: No model loaded for default item model ID pochimod:perisso_spawn_egg of pochimod:perisso_spawn_egg
[173月2026 00:01:28.325] [Render thread/WARN] [net.minecraft.client.resources.model.ModelManager/]: No model loaded for default item model ID pochimod:ratel_spawn_egg of pochimod:ratel_spawn_egg
[173月2026 00:01:28.325] [Render thread/WARN] [net.minecraft.client.resources.model.ModelManager/]: No model loaded for default item model ID pochimod:wombat_spawn_egg of pochimod:wombat_spawn_egg
[173月2026 00:01:28.325] [Render thread/WARN] [net.minecraft.client.resources.model.ModelManager/]: No model loaded for default item model ID pochimod:beaver_spawn_egg of pochimod:beaver_spawn_egg
[173月2026 00:01:28.325] [Render thread/WARN] [net.minecraft.client.resources.model.ModelManager/]: No model loaded for default item model ID pochimod:hammer_head_spawn_egg of pochimod:hammer_head_spawn_egg
[173月2026 00:01:28.325] [Render thread/WARN] [net.minecraft.client.resources.model.ModelManager/]: No model loaded for default item model ID pochimod:leafy_sea_spawn_egg of pochimod:leafy_sea_spawn_egg
[173月2026 00:01:28.325] [Render thread/WARN] [net.minecraft.client.resources.model.ModelManager/]: No model loaded for default item model ID pochimod:kiwi_spawn_egg of pochimod:kiwi_spawn_egg
[173月2026 00:01:28.325] [Render thread/WARN] [net.minecraft.client.resources.model.ModelManager/]: No model loaded for default item model ID pochimod:rock_penguin_spawn_egg of pochimod:rock_penguin_spawn_egg
[173月2026 00:01:28.325] [Render thread/WARN] [net.minecraft.client.resources.model.ModelManager/]: No model loaded for default item model ID pochimod:skunk_spawn_egg of pochimod:skunk_spawn_egg
[173月2026 00:01:28.326] [Render thread/WARN] [net.minecraft.client.resources.model.ModelManager/]: No model loaded for default item model ID pochimod:sturgeon_spawn_egg of pochimod:sturgeon_spawn_egg
[173月2026 00:01:28.326] [Render thread/WARN] [net.minecraft.client.resources.model.ModelManager/]: No model loaded for default item model ID pochimod:quokka_spawn_egg of pochimod:quokka_spawn_egg
[173月2026 00:01:28.326] [Render thread/WARN] [net.minecraft.client.resources.model.ModelManager/]: No model loaded for default item model ID pochimod:wood_pecker_spawn_egg of pochimod:wood_pecker_spawn_egg
[173月2026 00:01:28.326] [Render thread/WARN] [net.minecraft.client.resources.model.ModelManager/]: No model loaded for default item model ID pochimod:felis_spawn_egg of pochimod:felis_spawn_egg
[173月2026 00:01:28.326] [Render thread/WARN] [net.minecraft.client.resources.model.ModelManager/]: No model loaded for default item model ID pochimod:fruit_fly_spawn_egg of pochimod:fruit_fly_spawn_egg
[173月2026 00:01:28.326] [Render thread/WARN] [net.minecraft.client.resources.model.ModelManager/]: No model loaded for default item model ID pochimod:indicate_idae_spawn_egg of pochimod:indicate_idae_spawn_egg
[173月2026 00:01:28.326] [Render thread/WARN] [net.minecraft.client.resources.model.ModelManager/]: No model loaded for default item model ID pochimod:mantis_shrimp_spawn_egg of pochimod:mantis_shrimp_spawn_egg
[173月2026 00:01:28.326] [Render thread/WARN] [net.minecraft.client.resources.model.ModelManager/]: No model loaded for default item model ID pochimod:meerkat_spawn_egg of pochimod:meerkat_spawn_egg
[173月2026 00:01:28.326] [Render thread/WARN] [net.minecraft.client.resources.model.ModelManager/]: No model loaded for default item model ID pochimod:pallas_cat_spawn_egg of pochimod:pallas_cat_spawn_egg
[173月2026 00:01:28.326] [Render thread/WARN] [net.minecraft.client.resources.model.ModelManager/]: No model loaded for default item model ID pochimod:pangolin_spawn_egg of pochimod:pangolin_spawn_egg
[173月2026 00:01:28.326] [Render thread/WARN] [net.minecraft.client.resources.model.ModelManager/]: No model loaded for default item model ID pochimod:porcupine_spawn_egg of pochimod:porcupine_spawn_egg
[173月2026 00:01:28.326] [Render thread/WARN] [net.minecraft.client.resources.model.ModelManager/]: No model loaded for default item model ID pochimod:tapir_spawn_egg of pochimod:tapir_spawn_egg
[173月2026 00:01:28.326] [Render thread/WARN] [net.minecraft.client.resources.model.ModelManager/]: No model loaded for default item model ID pochimod:every_egg of pochimod:every_egg
[173月2026 00:01:28.326] [Render thread/WARN] [net.minecraft.client.resources.model.ModelManager/]: No model loaded for default item model ID pochimod:potters_wheel of pochimod:potters_wheel
[173月2026 00:01:28.326] [Render thread/WARN] [net.minecraft.client.resources.model.ModelManager/]: No model loaded for default item model ID pochimod:unfired_pottery of pochimod:unfired_pottery
[173月2026 00:01:28.326] [Render thread/WARN] [net.minecraft.client.resources.model.ModelManager/]: No model loaded for default item model ID pochimod:fired_pottery of pochimod:fired_pottery
[173月2026 00:01:28.326] [Render thread/WARN] [net.minecraft.client.resources.model.ModelManager/]: No model loaded for default item model ID pochimod:glaze_white of pochimod:glaze_white
[173月2026 00:01:28.326] [Render thread/WARN] [net.minecraft.client.resources.model.ModelManager/]: No model loaded for default item model ID pochimod:glaze_black of pochimod:glaze_black
[173月2026 00:01:28.326] [Render thread/WARN] [net.minecraft.client.resources.model.ModelManager/]: No model loaded for default item model ID pochimod:glaze_red of pochimod:glaze_red
[173月2026 00:01:28.326] [Render thread/WARN] [net.minecraft.client.resources.model.ModelManager/]: No model loaded for default item model ID pochimod:glaze_blue of pochimod:glaze_blue
[173月2026 00:01:28.326] [Render thread/WARN] [net.minecraft.client.resources.model.ModelManager/]: No model loaded for default item model ID pochimod:glaze_green of pochimod:glaze_green
[173月2026 00:01:28.326] [Render thread/WARN] [net.minecraft.client.resources.model.ModelManager/]: No model loaded for default item model ID pochimod:glaze_yellow of pochimod:glaze_yellow
[173月2026 00:01:28.326] [Render thread/WARN] [net.minecraft.client.resources.model.ModelManager/]: No model loaded for default item model ID pochimod:glaze_orange of pochimod:glaze_orange
[173月2026 00:01:28.326] [Render thread/WARN] [net.minecraft.client.resources.model.ModelManager/]: No model loaded for default item model ID pochimod:glaze_purple of pochimod:glaze_purple
[173月2026 00:01:28.326] [Render thread/WARN] [net.minecraft.client.resources.model.ModelManager/]: No model loaded for default item model ID pochimod:glaze_pink of pochimod:glaze_pink
[173月2026 00:01:28.326] [Render thread/WARN] [net.minecraft.client.resources.model.ModelManager/]: No model loaded for default item model ID pochimod:glaze_brown of pochimod:glaze_brown
[173月2026 00:01:28.326] [Render thread/WARN] [net.minecraft.client.resources.model.ModelManager/]: No model loaded for default item model ID pochimod:glaze_gray of pochimod:glaze_gray
[173月2026 00:01:28.326] [Render thread/WARN] [net.minecraft.client.resources.model.ModelManager/]: No model loaded for default item model ID pochimod:glaze_cyan of pochimod:glaze_cyan
[173月2026 00:01:28.326] [Render thread/WARN] [net.minecraft.client.resources.model.ModelManager/]: No model loaded for default item model ID pochimod:stamp_stripes of pochimod:stamp_stripes
[173月2026 00:01:28.327] [Render thread/WARN] [net.minecraft.client.resources.model.ModelManager/]: No model loaded for default item model ID pochimod:stamp_dots of pochimod:stamp_dots
[173月2026 00:01:28.327] [Render thread/WARN] [net.minecraft.client.resources.model.ModelManager/]: No model loaded for default item model ID pochimod:stamp_waves of pochimod:stamp_waves
[173月2026 00:01:28.327] [Render thread/WARN] [net.minecraft.client.resources.model.ModelManager/]: No model loaded for default item model ID pochimod:stamp_flowers of pochimod:stamp_flowers
[173月2026 00:01:28.327] [Render thread/WARN] [net.minecraft.client.resources.model.ModelManager/]: No model loaded for default item model ID pochimod:stamp_geometric of pochimod:stamp_geometric
[173月2026 00:01:28.327] [Render thread/WARN] [net.minecraft.client.resources.model.ModelManager/]: No model loaded for default item model ID pochimod:vital_check of pochimod:vital_check
[173月2026 00:01:28.327] [Render thread/WARN] [net.minecraft.client.resources.model.ModelManager/]: No model loaded for default item model ID pochimod:solidified_lava of pochimod:solidified_lava
[173月2026 00:01:28.327] [Render thread/WARN] [net.minecraft.client.resources.model.ModelManager/]: No model loaded for default item model ID pochimod:cinnabar_block of pochimod:cinnabar_block
[173月2026 00:01:28.327] [Render thread/WARN] [net.minecraft.client.resources.model.ModelManager/]: No model loaded for default item model ID pochimod:budding_cinnabar of pochimod:budding_cinnabar
[173月2026 00:01:28.327] [Render thread/WARN] [net.minecraft.client.resources.model.ModelManager/]: No model loaded for default item model ID pochimod:cinnabar_cluster of pochimod:cinnabar_cluster
[173月2026 00:01:28.327] [Render thread/WARN] [net.minecraft.client.resources.model.ModelManager/]: No model loaded for default item model ID pochimod:large_cinnabar_bud of pochimod:large_cinnabar_bud
[173月2026 00:01:28.327] [Render thread/WARN] [net.minecraft.client.resources.model.ModelManager/]: No model loaded for default item model ID pochimod:medium_cinnabar_bud of pochimod:medium_cinnabar_bud
[173月2026 00:01:28.327] [Render thread/WARN] [net.minecraft.client.resources.model.ModelManager/]: No model loaded for default item model ID pochimod:small_cinnabar_bud of pochimod:small_cinnabar_bud
[173月2026 00:01:28.327] [Render thread/WARN] [net.minecraft.client.resources.model.ModelManager/]: No model loaded for default item model ID pochimod:black_diamond_block of pochimod:black_diamond_block
[173月2026 00:01:28.327] [Render thread/WARN] [net.minecraft.client.resources.model.ModelManager/]: No model loaded for default item model ID pochimod:budding_black_diamond of pochimod:budding_black_diamond
[173月2026 00:01:28.327] [Render thread/WARN] [net.minecraft.client.resources.model.ModelManager/]: No model loaded for default item model ID pochimod:black_diamond_cluster of pochimod:black_diamond_cluster
[173月2026 00:01:28.327] [Render thread/WARN] [net.minecraft.client.resources.model.ModelManager/]: No model loaded for default item model ID pochimod:large_black_diamond_bud of pochimod:large_black_diamond_bud
[173月2026 00:01:28.327] [Render thread/WARN] [net.minecraft.client.resources.model.ModelManager/]: No model loaded for default item model ID pochimod:medium_black_diamond_bud of pochimod:medium_black_diamond_bud
[173月2026 00:01:28.327] [Render thread/WARN] [net.minecraft.client.resources.model.ModelManager/]: No model loaded for default item model ID pochimod:small_black_diamond_bud of pochimod:small_black_diamond_bud
[173月2026 00:01:28.327] [Render thread/WARN] [net.minecraft.client.resources.model.ModelManager/]: No model loaded for default item model ID pochimod:yellow_diamond_block of pochimod:yellow_diamond_block
[173月2026 00:01:28.327] [Render thread/WARN] [net.minecraft.client.resources.model.ModelManager/]: No model loaded for default item model ID pochimod:budding_yellow_diamond of pochimod:budding_yellow_diamond
[173月2026 00:01:28.327] [Render thread/WARN] [net.minecraft.client.resources.model.ModelManager/]: No model loaded for default item model ID pochimod:yellow_diamond_cluster of pochimod:yellow_diamond_cluster
[173月2026 00:01:28.327] [Render thread/WARN] [net.minecraft.client.resources.model.ModelManager/]: No model loaded for default item model ID pochimod:large_yellow_diamond_bud of pochimod:large_yellow_diamond_bud
[173月2026 00:01:28.327] [Render thread/WARN] [net.minecraft.client.resources.model.ModelManager/]: No model loaded for default item model ID pochimod:medium_yellow_diamond_bud of pochimod:medium_yellow_diamond_bud
[173月2026 00:01:28.327] [Render thread/WARN] [net.minecraft.client.resources.model.ModelManager/]: No model loaded for default item model ID pochimod:small_yellow_diamond_bud of pochimod:small_yellow_diamond_bud
[173月2026 00:01:28.327] [Render thread/WARN] [net.minecraft.client.resources.model.ModelManager/]: No model loaded for default item model ID pochimod:morganite_block of pochimod:morganite_block
[173月2026 00:01:28.327] [Render thread/WARN] [net.minecraft.client.resources.model.ModelManager/]: No model loaded for default item model ID pochimod:budding_morganite of pochimod:budding_morganite
[173月2026 00:01:28.327] [Render thread/WARN] [net.minecraft.client.resources.model.ModelManager/]: No model loaded for default item model ID pochimod:morganite_cluster of pochimod:morganite_cluster
[173月2026 00:01:28.327] [Render thread/WARN] [net.minecraft.client.resources.model.ModelManager/]: No model loaded for default item model ID pochimod:large_morganite_bud of pochimod:large_morganite_bud
[173月2026 00:01:28.327] [Render thread/WARN] [net.minecraft.client.resources.model.ModelManager/]: No model loaded for default item model ID pochimod:medium_morganite_bud of pochimod:medium_morganite_bud
[173月2026 00:01:28.327] [Render thread/WARN] [net.minecraft.client.resources.model.ModelManager/]: No model loaded for default item model ID pochimod:small_morganite_bud of pochimod:small_morganite_bud
[173月2026 00:01:28.329] [Render thread/WARN] [net.minecraft.client.resources.model.ModelManager/]: No model loaded for default item model ID pochimod:goshenite_block of pochimod:goshenite_block
[173月2026 00:01:28.329] [Render thread/WARN] [net.minecraft.client.resources.model.ModelManager/]: No model loaded for default item model ID pochimod:budding_goshenite of pochimod:budding_goshenite
[173月2026 00:01:28.329] [Render thread/WARN] [net.minecraft.client.resources.model.ModelManager/]: No model loaded for default item model ID pochimod:goshenite_cluster of pochimod:goshenite_cluster
[173月2026 00:01:28.329] [Render thread/WARN] [net.minecraft.client.resources.model.ModelManager/]: No model loaded for default item model ID pochimod:large_goshenite_bud of pochimod:large_goshenite_bud
[173月2026 00:01:28.329] [Render thread/WARN] [net.minecraft.client.resources.model.ModelManager/]: No model loaded for default item model ID pochimod:medium_goshenite_bud of pochimod:medium_goshenite_bud
[173月2026 00:01:28.329] [Render thread/WARN] [net.minecraft.client.resources.model.ModelManager/]: No model loaded for default item model ID pochimod:small_goshenite_bud of pochimod:small_goshenite_bud
[173月2026 00:01:28.329] [Render thread/WARN] [net.minecraft.client.resources.model.ModelManager/]: No model loaded for default item model ID pochimod:rutile_block of pochimod:rutile_block
[173月2026 00:01:28.329] [Render thread/WARN] [net.minecraft.client.resources.model.ModelManager/]: No model loaded for default item model ID pochimod:budding_rutile of pochimod:budding_rutile
[173月2026 00:01:28.329] [Render thread/WARN] [net.minecraft.client.resources.model.ModelManager/]: No model loaded for default item model ID pochimod:rutile_cluster of pochimod:rutile_cluster
[173月2026 00:01:28.329] [Render thread/WARN] [net.minecraft.client.resources.model.ModelManager/]: No model loaded for default item model ID pochimod:large_rutile_bud of pochimod:large_rutile_bud
[173月2026 00:01:28.329] [Render thread/WARN] [net.minecraft.client.resources.model.ModelManager/]: No model loaded for default item model ID pochimod:medium_rutile_bud of pochimod:medium_rutile_bud
[173月2026 00:01:28.329] [Render thread/WARN] [net.minecraft.client.resources.model.ModelManager/]: No model loaded for default item model ID pochimod:small_rutile_bud of pochimod:small_rutile_bud
[173月2026 00:01:28.329] [Render thread/WARN] [net.minecraft.client.resources.model.ModelManager/]: No model loaded for default item model ID pochimod:jade_block of pochimod:jade_block
[173月2026 00:01:28.329] [Render thread/WARN] [net.minecraft.client.resources.model.ModelManager/]: No model loaded for default item model ID pochimod:budding_jade of pochimod:budding_jade
[173月2026 00:01:28.329] [Render thread/WARN] [net.minecraft.client.resources.model.ModelManager/]: No model loaded for default item model ID pochimod:jade_cluster of pochimod:jade_cluster
[173月2026 00:01:28.329] [Render thread/WARN] [net.minecraft.client.resources.model.ModelManager/]: No model loaded for default item model ID pochimod:large_jade_bud of pochimod:large_jade_bud
[173月2026 00:01:28.329] [Render thread/WARN] [net.minecraft.client.resources.model.ModelManager/]: No model loaded for default item model ID pochimod:medium_jade_bud of pochimod:medium_jade_bud
[173月2026 00:01:28.329] [Render thread/WARN] [net.minecraft.client.resources.model.ModelManager/]: No model loaded for default item model ID pochimod:small_jade_bud of pochimod:small_jade_bud
[173月2026 00:01:28.329] [Render thread/WARN] [net.minecraft.client.resources.model.ModelManager/]: No model loaded for default item model ID pochimod:euclase_block of pochimod:euclase_block
[173月2026 00:01:28.329] [Render thread/WARN] [net.minecraft.client.resources.model.ModelManager/]: No model loaded for default item model ID pochimod:budding_euclase of pochimod:budding_euclase
[173月2026 00:01:28.329] [Render thread/WARN] [net.minecraft.client.resources.model.ModelManager/]: No model loaded for default item model ID pochimod:euclase_cluster of pochimod:euclase_cluster
[173月2026 00:01:28.329] [Render thread/WARN] [net.minecraft.client.resources.model.ModelManager/]: No model loaded for default item model ID pochimod:large_euclase_bud of pochimod:large_euclase_bud
[173月2026 00:01:28.329] [Render thread/WARN] [net.minecraft.client.resources.model.ModelManager/]: No model loaded for default item model ID pochimod:medium_euclase_bud of pochimod:medium_euclase_bud
[173月2026 00:01:28.329] [Render thread/WARN] [net.minecraft.client.resources.model.ModelManager/]: No model loaded for default item model ID pochimod:small_euclase_bud of pochimod:small_euclase_bud
[173月2026 00:01:28.329] [Render thread/WARN] [net.minecraft.client.resources.model.ModelManager/]: No model loaded for default item model ID pochimod:alexandrite_block of pochimod:alexandrite_block
[173月2026 00:01:28.329] [Render thread/WARN] [net.minecraft.client.resources.model.ModelManager/]: No model loaded for default item model ID pochimod:budding_alexandrite of pochimod:budding_alexandrite
[173月2026 00:01:28.329] [Render thread/WARN] [net.minecraft.client.resources.model.ModelManager/]: No model loaded for default item model ID pochimod:alexandrite_cluster of pochimod:alexandrite_cluster
[173月2026 00:01:28.329] [Render thread/WARN] [net.minecraft.client.resources.model.ModelManager/]: No model loaded for default item model ID pochimod:large_alexandrite_bud of pochimod:large_alexandrite_bud
[173月2026 00:01:28.329] [Render thread/WARN] [net.minecraft.client.resources.model.ModelManager/]: No model loaded for default item model ID pochimod:medium_alexandrite_bud of pochimod:medium_alexandrite_bud
[173月2026 00:01:28.329] [Render thread/WARN] [net.minecraft.client.resources.model.ModelManager/]: No model loaded for default item model ID pochimod:small_alexandrite_bud of pochimod:small_alexandrite_bud
[173月2026 00:01:28.329] [Render thread/WARN] [net.minecraft.client.resources.model.ModelManager/]: No model loaded for default item model ID pochimod:phosphophylite_block of pochimod:phosphophylite_block
[173月2026 00:01:28.329] [Render thread/WARN] [net.minecraft.client.resources.model.ModelManager/]: No model loaded for default item model ID pochimod:budding_phosphophylite of pochimod:budding_phosphophylite
[173月2026 00:01:28.329] [Render thread/WARN] [net.minecraft.client.resources.model.ModelManager/]: No model loaded for default item model ID pochimod:phosphophylite_cluster of pochimod:phosphophylite_cluster
[173月2026 00:01:28.329] [Render thread/WARN] [net.minecraft.client.resources.model.ModelManager/]: No model loaded for default item model ID pochimod:large_phosphophylite_bud of pochimod:large_phosphophylite_bud
[173月2026 00:01:28.329] [Render thread/WARN] [net.minecraft.client.resources.model.ModelManager/]: No model loaded for default item model ID pochimod:medium_phosphophylite_bud of pochimod:medium_phosphophylite_bud
[173月2026 00:01:28.329] [Render thread/WARN] [net.minecraft.client.resources.model.ModelManager/]: No model loaded for default item model ID pochimod:small_phosphophylite_bud of pochimod:small_phosphophylite_bud
[173月2026 00:01:28.329] [Render thread/WARN] [net.minecraft.client.resources.model.ModelManager/]: No model loaded for default item model ID pochimod:salt_block of pochimod:salt_block
[173月2026 00:01:28.329] [Render thread/WARN] [net.minecraft.client.resources.model.ModelManager/]: No model loaded for default item model ID pochimod:rainbow_wood of pochimod:rainbow_wood
[173月2026 00:01:28.329] [Render thread/WARN] [net.minecraft.client.resources.model.ModelManager/]: No model loaded for default item model ID pochimod:chromite_ore of pochimod:chromite_ore
[173月2026 00:01:28.330] [Render thread/WARN] [net.minecraft.client.resources.model.ModelManager/]: No model loaded for default item model ID pochimod:deepslate_chromite_ore of pochimod:deepslate_chromite_ore
[173月2026 00:01:28.330] [Render thread/WARN] [net.minecraft.client.resources.model.ModelManager/]: No model loaded for default item model ID pochimod:netherrack_chromite_ore of pochimod:netherrack_chromite_ore
[173月2026 00:01:28.330] [Render thread/WARN] [net.minecraft.client.resources.model.ModelManager/]: No model loaded for default item model ID pochimod:fluorite_ore of pochimod:fluorite_ore
[173月2026 00:01:28.330] [Render thread/WARN] [net.minecraft.client.resources.model.ModelManager/]: No model loaded for default item model ID pochimod:deepslate_fluorite_ore of pochimod:deepslate_fluorite_ore
[173月2026 00:01:28.330] [Render thread/WARN] [net.minecraft.client.resources.model.ModelManager/]: No model loaded for default item model ID pochimod:netherrack_fluorite_ore of pochimod:netherrack_fluorite_ore
[173月2026 00:01:28.330] [Render thread/WARN] [net.minecraft.client.resources.model.ModelManager/]: No model loaded for default item model ID pochimod:alunite_ore of pochimod:alunite_ore
[173月2026 00:01:28.330] [Render thread/WARN] [net.minecraft.client.resources.model.ModelManager/]: No model loaded for default item model ID pochimod:deepslate_alunite_ore of pochimod:deepslate_alunite_ore
[173月2026 00:01:28.330] [Render thread/WARN] [net.minecraft.client.resources.model.ModelManager/]: No model loaded for default item model ID pochimod:netherrack_alunite_ore of pochimod:netherrack_alunite_ore
[173月2026 00:01:28.330] [Render thread/WARN] [net.minecraft.client.resources.model.ModelManager/]: No model loaded for default item model ID pochimod:bauxite_ore of pochimod:bauxite_ore
[173月2026 00:01:28.330] [Render thread/WARN] [net.minecraft.client.resources.model.ModelManager/]: No model loaded for default item model ID pochimod:deepslate_bauxite_ore of pochimod:deepslate_bauxite_ore
[173月2026 00:01:28.330] [Render thread/WARN] [net.minecraft.client.resources.model.ModelManager/]: No model loaded for default item model ID pochimod:netherrack_bauxite_ore of pochimod:netherrack_bauxite_ore
[173月2026 00:01:28.330] [Render thread/WARN] [net.minecraft.client.resources.model.ModelManager/]: No model loaded for default item model ID pochimod:titanium_ore of pochimod:titanium_ore
[173月2026 00:01:28.330] [Render thread/WARN] [net.minecraft.client.resources.model.ModelManager/]: No model loaded for default item model ID pochimod:deepslate_titanium_ore of pochimod:deepslate_titanium_ore
[173月2026 00:01:28.330] [Render thread/WARN] [net.minecraft.client.resources.model.ModelManager/]: No model loaded for default item model ID pochimod:netherrack_titanium_ore of pochimod:netherrack_titanium_ore
[173月2026 00:01:28.330] [Render thread/WARN] [net.minecraft.client.resources.model.ModelManager/]: No model loaded for default item model ID pochimod:magunesium_ore of pochimod:magunesium_ore
[173月2026 00:01:28.330] [Render thread/WARN] [net.minecraft.client.resources.model.ModelManager/]: No model loaded for default item model ID pochimod:deepslate_magunesium_ore of pochimod:deepslate_magunesium_ore
[173月2026 00:01:28.330] [Render thread/WARN] [net.minecraft.client.resources.model.ModelManager/]: No model loaded for default item model ID pochimod:netherrack_magunesium_ore of pochimod:netherrack_magunesium_ore
[173月2026 00:01:28.330] [Render thread/WARN] [net.minecraft.client.resources.model.ModelManager/]: No model loaded for default item model ID pochimod:vanadium_ore of pochimod:vanadium_ore
[173月2026 00:01:28.330] [Render thread/WARN] [net.minecraft.client.resources.model.ModelManager/]: No model loaded for default item model ID pochimod:deepslate_vanadium_ore of pochimod:deepslate_vanadium_ore
[173月2026 00:01:28.330] [Render thread/WARN] [net.minecraft.client.resources.model.ModelManager/]: No model loaded for default item model ID pochimod:netherrack_vanadium_ore of pochimod:netherrack_vanadium_ore
[173月2026 00:01:28.330] [Render thread/WARN] [net.minecraft.client.resources.model.ModelManager/]: No model loaded for default item model ID pochimod:chromite_block of pochimod:chromite_block
[173月2026 00:01:28.330] [Render thread/WARN] [net.minecraft.client.resources.model.ModelManager/]: No model loaded for default item model ID pochimod:stainless_block of pochimod:stainless_block
[173月2026 00:01:28.330] [Render thread/WARN] [net.minecraft.client.resources.model.ModelManager/]: No model loaded for default item model ID pochimod:fluorite_block of pochimod:fluorite_block
[173月2026 00:01:28.330] [Render thread/WARN] [net.minecraft.client.resources.model.ModelManager/]: No model loaded for default item model ID pochimod:alunite_block of pochimod:alunite_block
[173月2026 00:01:28.330] [Render thread/WARN] [net.minecraft.client.resources.model.ModelManager/]: No model loaded for default item model ID pochimod:aluminum_block of pochimod:aluminum_block
[173月2026 00:01:28.330] [Render thread/WARN] [net.minecraft.client.resources.model.ModelManager/]: No model loaded for default item model ID pochimod:titanium_block of pochimod:titanium_block
[173月2026 00:01:28.330] [Render thread/WARN] [net.minecraft.client.resources.model.ModelManager/]: No model loaded for default item model ID pochimod:magunesium_block of pochimod:magunesium_block
[173月2026 00:01:28.330] [Render thread/WARN] [net.minecraft.client.resources.model.ModelManager/]: No model loaded for default item model ID pochimod:vanadium_block of pochimod:vanadium_block
[173月2026 00:01:28.330] [Render thread/WARN] [net.minecraft.client.resources.model.ModelManager/]: No model loaded for default item model ID pochimod:pammukale_block of pochimod:pammukale_block
[173月2026 00:01:28.330] [Render thread/WARN] [net.minecraft.client.resources.model.ModelManager/]: No model loaded for default item model ID pochimod:sanitary_block of pochimod:sanitary_block
[173月2026 00:01:28.330] [Render thread/WARN] [net.minecraft.client.resources.model.ModelManager/]: No model loaded for default item model ID pochimod:bfurnace_block of pochimod:bfurnace_block
[173月2026 00:01:28.330] [Render thread/WARN] [net.minecraft.client.resources.model.ModelManager/]: No model loaded for default item model ID pochimod:distiller_block of pochimod:distiller_block
[173月2026 00:01:28.330] [Render thread/WARN] [net.minecraft.client.resources.model.ModelManager/]: No model loaded for default item model ID pochimod:sakedaru_block of pochimod:sakedaru_block
[173月2026 00:01:28.330] [Render thread/WARN] [net.minecraft.client.resources.model.ModelManager/]: No model loaded for default item model ID pochimod:mixer_block of pochimod:mixer_block
[173月2026 00:01:28.330] [Render thread/WARN] [net.minecraft.client.resources.model.ModelManager/]: No model loaded for default item model ID pochimod:frypan_block of pochimod:frypan_block
[173月2026 00:01:28.330] [Render thread/WARN] [net.minecraft.client.resources.model.ModelManager/]: No model loaded for default item model ID pochimod:cabernet_sauvignon_log of pochimod:cabernet_sauvignon_log
[173月2026 00:01:28.331] [Render thread/WARN] [net.minecraft.client.resources.model.ModelManager/]: No model loaded for default item model ID pochimod:cabernet_sauvignon_wood of pochimod:cabernet_sauvignon_wood
[173月2026 00:01:28.331] [Render thread/WARN] [net.minecraft.client.resources.model.ModelManager/]: No model loaded for default item model ID pochimod:stripped_cabernet_sauvignon_log of pochimod:stripped_cabernet_sauvignon_log
[173月2026 00:01:28.331] [Render thread/WARN] [net.minecraft.client.resources.model.ModelManager/]: No model loaded for default item model ID pochimod:stripped_cabernet_sauvignon_wood of pochimod:stripped_cabernet_sauvignon_wood
[173月2026 00:01:28.331] [Render thread/WARN] [net.minecraft.client.resources.model.ModelManager/]: No model loaded for default item model ID pochimod:cabernet_sauvignon_planks of pochimod:cabernet_sauvignon_planks
[173月2026 00:01:28.331] [Render thread/WARN] [net.minecraft.client.resources.model.ModelManager/]: No model loaded for default item model ID pochimod:cabernet_sauvignon_leaves of pochimod:cabernet_sauvignon_leaves
[173月2026 00:01:28.331] [Render thread/WARN] [net.minecraft.client.resources.model.ModelManager/]: No model loaded for default item model ID pochimod:cabernet_sauvignon_sapling of pochimod:cabernet_sauvignon_sapling
[173月2026 00:01:28.331] [Render thread/WARN] [net.minecraft.client.resources.model.ModelManager/]: No model loaded for default item model ID pochimod:maple_log of pochimod:maple_log
[173月2026 00:01:28.331] [Render thread/WARN] [net.minecraft.client.resources.model.ModelManager/]: No model loaded for default item model ID pochimod:maple_wood of pochimod:maple_wood
[173月2026 00:01:28.331] [Render thread/WARN] [net.minecraft.client.resources.model.ModelManager/]: No model loaded for default item model ID pochimod:stripped_maple_log of pochimod:stripped_maple_log
[173月2026 00:01:28.331] [Render thread/WARN] [net.minecraft.client.resources.model.ModelManager/]: No model loaded for default item model ID pochimod:stripped_maple_wood of pochimod:stripped_maple_wood
[173月2026 00:01:28.331] [Render thread/WARN] [net.minecraft.client.resources.model.ModelManager/]: No model loaded for default item model ID pochimod:maple_planks of pochimod:maple_planks
[173月2026 00:01:28.331] [Render thread/WARN] [net.minecraft.client.resources.model.ModelManager/]: No model loaded for default item model ID pochimod:maple_leaves of pochimod:maple_leaves
[173月2026 00:01:28.331] [Render thread/WARN] [net.minecraft.client.resources.model.ModelManager/]: No model loaded for default item model ID pochimod:maple_sapling of pochimod:maple_sapling
[173月2026 00:01:28.331] [Render thread/WARN] [net.minecraft.client.resources.model.ModelManager/]: No model loaded for default item model ID pochimod:cinnamon_log of pochimod:cinnamon_log
[173月2026 00:01:28.331] [Render thread/WARN] [net.minecraft.client.resources.model.ModelManager/]: No model loaded for default item model ID pochimod:cinnamon_wood of pochimod:cinnamon_wood
[173月2026 00:01:28.331] [Render thread/WARN] [net.minecraft.client.resources.model.ModelManager/]: No model loaded for default item model ID pochimod:stripped_cinnamon_log of pochimod:stripped_cinnamon_log
[173月2026 00:01:28.331] [Render thread/WARN] [net.minecraft.client.resources.model.ModelManager/]: No model loaded for default item model ID pochimod:stripped_cinnamon_wood of pochimod:stripped_cinnamon_wood
[173月2026 00:01:28.331] [Render thread/WARN] [net.minecraft.client.resources.model.ModelManager/]: No model loaded for default item model ID pochimod:cinnamon_planks of pochimod:cinnamon_planks
[173月2026 00:01:28.331] [Render thread/WARN] [net.minecraft.client.resources.model.ModelManager/]: No model loaded for default item model ID pochimod:cinnamon_leaves of pochimod:cinnamon_leaves
[173月2026 00:01:28.331] [Render thread/WARN] [net.minecraft.client.resources.model.ModelManager/]: No model loaded for default item model ID pochimod:cinnamon_sapling of pochimod:cinnamon_sapling
[173月2026 00:01:28.331] [Render thread/WARN] [net.minecraft.client.resources.model.ModelManager/]: No model loaded for default item model ID pochimod:cola_log of pochimod:cola_log
[173月2026 00:01:28.331] [Render thread/WARN] [net.minecraft.client.resources.model.ModelManager/]: No model loaded for default item model ID pochimod:cola_wood of pochimod:cola_wood
[173月2026 00:01:28.331] [Render thread/WARN] [net.minecraft.client.resources.model.ModelManager/]: No model loaded for default item model ID pochimod:stripped_cola_log of pochimod:stripped_cola_log
[173月2026 00:01:28.331] [Render thread/WARN] [net.minecraft.client.resources.model.ModelManager/]: No model loaded for default item model ID pochimod:stripped_cola_wood of pochimod:stripped_cola_wood
[173月2026 00:01:28.331] [Render thread/WARN] [net.minecraft.client.resources.model.ModelManager/]: No model loaded for default item model ID pochimod:cola_planks of pochimod:cola_planks
[173月2026 00:01:28.331] [Render thread/WARN] [net.minecraft.client.resources.model.ModelManager/]: No model loaded for default item model ID pochimod:cola_leaves of pochimod:cola_leaves
[173月2026 00:01:28.331] [Render thread/WARN] [net.minecraft.client.resources.model.ModelManager/]: No model loaded for default item model ID pochimod:cola_sapling of pochimod:cola_sapling
[173月2026 00:01:28.331] [Render thread/WARN] [net.minecraft.client.resources.model.ModelManager/]: No model loaded for default item model ID pochimod:lemon_log of pochimod:lemon_log
[173月2026 00:01:28.331] [Render thread/WARN] [net.minecraft.client.resources.model.ModelManager/]: No model loaded for default item model ID pochimod:lemon_wood of pochimod:lemon_wood
[173月2026 00:01:28.331] [Render thread/WARN] [net.minecraft.client.resources.model.ModelManager/]: No model loaded for default item model ID pochimod:stripped_lemon_log of pochimod:stripped_lemon_log
[173月2026 00:01:28.331] [Render thread/WARN] [net.minecraft.client.resources.model.ModelManager/]: No model loaded for default item model ID pochimod:stripped_lemon_wood of pochimod:stripped_lemon_wood
[173月2026 00:01:28.331] [Render thread/WARN] [net.minecraft.client.resources.model.ModelManager/]: No model loaded for default item model ID pochimod:lemon_planks of pochimod:lemon_planks
[173月2026 00:01:28.332] [Render thread/WARN] [net.minecraft.client.resources.model.ModelManager/]: No model loaded for default item model ID pochimod:lemon_leaves of pochimod:lemon_leaves
[173月2026 00:01:28.332] [Render thread/WARN] [net.minecraft.client.resources.model.ModelManager/]: No model loaded for default item model ID pochimod:lemon_sapling of pochimod:lemon_sapling
[173月2026 00:01:28.332] [Render thread/WARN] [net.minecraft.client.resources.model.ModelManager/]: No model loaded for default item model ID pochimod:plum_log of pochimod:plum_log
[173月2026 00:01:28.332] [Render thread/WARN] [net.minecraft.client.resources.model.ModelManager/]: No model loaded for default item model ID pochimod:plum_wood of pochimod:plum_wood
[173月2026 00:01:28.332] [Render thread/WARN] [net.minecraft.client.resources.model.ModelManager/]: No model loaded for default item model ID pochimod:stripped_plum_log of pochimod:stripped_plum_log
[173月2026 00:01:28.332] [Render thread/WARN] [net.minecraft.client.resources.model.ModelManager/]: No model loaded for default item model ID pochimod:stripped_plum_wood of pochimod:stripped_plum_wood
[173月2026 00:01:28.332] [Render thread/WARN] [net.minecraft.client.resources.model.ModelManager/]: No model loaded for default item model ID pochimod:plum_planks of pochimod:plum_planks
[173月2026 00:01:28.332] [Render thread/WARN] [net.minecraft.client.resources.model.ModelManager/]: No model loaded for default item model ID pochimod:plum_leaves of pochimod:plum_leaves
[173月2026 00:01:28.332] [Render thread/WARN] [net.minecraft.client.resources.model.ModelManager/]: No model loaded for default item model ID pochimod:plum_sapling of pochimod:plum_sapling
[173月2026 00:01:28.332] [Render thread/WARN] [net.minecraft.client.resources.model.ModelManager/]: No model loaded for default item model ID pochimod:cherry_log of pochimod:cherry_log
[173月2026 00:01:28.332] [Render thread/WARN] [net.minecraft.client.resources.model.ModelManager/]: No model loaded for default item model ID pochimod:cherry_wood of pochimod:cherry_wood
[173月2026 00:01:28.332] [Render thread/WARN] [net.minecraft.client.resources.model.ModelManager/]: No model loaded for default item model ID pochimod:stripped_cherry_log of pochimod:stripped_cherry_log
[173月2026 00:01:28.332] [Render thread/WARN] [net.minecraft.client.resources.model.ModelManager/]: No model loaded for default item model ID pochimod:stripped_cherry_wood of pochimod:stripped_cherry_wood
[173月2026 00:01:28.332] [Render thread/WARN] [net.minecraft.client.resources.model.ModelManager/]: No model loaded for default item model ID pochimod:cherry_planks of pochimod:cherry_planks
[173月2026 00:01:28.332] [Render thread/WARN] [net.minecraft.client.resources.model.ModelManager/]: No model loaded for default item model ID pochimod:cherry_leaves of pochimod:cherry_leaves
[173月2026 00:01:28.332] [Render thread/WARN] [net.minecraft.client.resources.model.ModelManager/]: No model loaded for default item model ID pochimod:cherry_sapling of pochimod:cherry_sapling
[173月2026 00:01:28.332] [Render thread/WARN] [net.minecraft.client.resources.model.ModelManager/]: No model loaded for default item model ID pochimod:banana_log of pochimod:banana_log
[173月2026 00:01:28.332] [Render thread/WARN] [net.minecraft.client.resources.model.ModelManager/]: No model loaded for default item model ID pochimod:banana_wood of pochimod:banana_wood
[173月2026 00:01:28.332] [Render thread/WARN] [net.minecraft.client.resources.model.ModelManager/]: No model loaded for default item model ID pochimod:stripped_banana_log of pochimod:stripped_banana_log
[173月2026 00:01:28.332] [Render thread/WARN] [net.minecraft.client.resources.model.ModelManager/]: No model loaded for default item model ID pochimod:stripped_banana_wood of pochimod:stripped_banana_wood
[173月2026 00:01:28.332] [Render thread/WARN] [net.minecraft.client.resources.model.ModelManager/]: No model loaded for default item model ID pochimod:banana_planks of pochimod:banana_planks
[173月2026 00:01:28.332] [Render thread/WARN] [net.minecraft.client.resources.model.ModelManager/]: No model loaded for default item model ID pochimod:banana_leaves of pochimod:banana_leaves
[173月2026 00:01:28.332] [Render thread/WARN] [net.minecraft.client.resources.model.ModelManager/]: No model loaded for default item model ID pochimod:banana_sapling of pochimod:banana_sapling
[173月2026 00:01:28.332] [Render thread/WARN] [net.minecraft.client.resources.model.ModelManager/]: No model loaded for default item model ID pochimod:peach_log of pochimod:peach_log
[173月2026 00:01:28.332] [Render thread/WARN] [net.minecraft.client.resources.model.ModelManager/]: No model loaded for default item model ID pochimod:peach_wood of pochimod:peach_wood
[173月2026 00:01:28.332] [Render thread/WARN] [net.minecraft.client.resources.model.ModelManager/]: No model loaded for default item model ID pochimod:stripped_peach_log of pochimod:stripped_peach_log
[173月2026 00:01:28.332] [Render thread/WARN] [net.minecraft.client.resources.model.ModelManager/]: No model loaded for default item model ID pochimod:stripped_peach_wood of pochimod:stripped_peach_wood
[173月2026 00:01:28.332] [Render thread/WARN] [net.minecraft.client.resources.model.ModelManager/]: No model loaded for default item model ID pochimod:peach_planks of pochimod:peach_planks
[173月2026 00:01:28.332] [Render thread/WARN] [net.minecraft.client.resources.model.ModelManager/]: No model loaded for default item model ID pochimod:peach_leaves of pochimod:peach_leaves
[173月2026 00:01:28.332] [Render thread/WARN] [net.minecraft.client.resources.model.ModelManager/]: No model loaded for default item model ID pochimod:peach_sapling of pochimod:peach_sapling
[173月2026 00:01:28.332] [Render thread/WARN] [net.minecraft.client.resources.model.ModelManager/]: No model loaded for default item model ID pochimod:coconut_log of pochimod:coconut_log
[173月2026 00:01:28.332] [Render thread/WARN] [net.minecraft.client.resources.model.ModelManager/]: No model loaded for default item model ID pochimod:coconut_wood of pochimod:coconut_wood
[173月2026 00:01:28.332] [Render thread/WARN] [net.minecraft.client.resources.model.ModelManager/]: No model loaded for default item model ID pochimod:stripped_coconut_log of pochimod:stripped_coconut_log
[173月2026 00:01:28.332] [Render thread/WARN] [net.minecraft.client.resources.model.ModelManager/]: No model loaded for default item model ID pochimod:stripped_coconut_wood of pochimod:stripped_coconut_wood
[173月2026 00:01:28.332] [Render thread/WARN] [net.minecraft.client.resources.model.ModelManager/]: No model loaded for default item model ID pochimod:coconut_planks of pochimod:coconut_planks
[173月2026 00:01:28.332] [Render thread/WARN] [net.minecraft.client.resources.model.ModelManager/]: No model loaded for default item model ID pochimod:coconut_leaves of pochimod:coconut_leaves
[173月2026 00:01:28.332] [Render thread/WARN] [net.minecraft.client.resources.model.ModelManager/]: No model loaded for default item model ID pochimod:coconut_sapling of pochimod:coconut_sapling
[173月2026 00:01:28.332] [Render thread/WARN] [net.minecraft.client.resources.model.ModelManager/]: No model loaded for default item model ID pochimod:almond_log of pochimod:almond_log
[173月2026 00:01:28.332] [Render thread/WARN] [net.minecraft.client.resources.model.ModelManager/]: No model loaded for default item model ID pochimod:almond_wood of pochimod:almond_wood
[173月2026 00:01:28.332] [Render thread/WARN] [net.minecraft.client.resources.model.ModelManager/]: No model loaded for default item model ID pochimod:stripped_almond_log of pochimod:stripped_almond_log
[173月2026 00:01:28.332] [Render thread/WARN] [net.minecraft.client.resources.model.ModelManager/]: No model loaded for default item model ID pochimod:stripped_almond_wood of pochimod:stripped_almond_wood
[173月2026 00:01:28.332] [Render thread/WARN] [net.minecraft.client.resources.model.ModelManager/]: No model loaded for default item model ID pochimod:almond_planks of pochimod:almond_planks
[173月2026 00:01:28.332] [Render thread/WARN] [net.minecraft.client.resources.model.ModelManager/]: No model loaded for default item model ID pochimod:almond_leaves of pochimod:almond_leaves
[173月2026 00:01:28.332] [Render thread/WARN] [net.minecraft.client.resources.model.ModelManager/]: No model loaded for default item model ID pochimod:almond_sapling of pochimod:almond_sapling
[173月2026 00:01:28.333] [Render thread/WARN] [net.minecraft.client.resources.model.ModelManager/]: No model loaded for default item model ID pochimod:durian_log of pochimod:durian_log
[173月2026 00:01:28.333] [Render thread/WARN] [net.minecraft.client.resources.model.ModelManager/]: No model loaded for default item model ID pochimod:durian_wood of pochimod:durian_wood
[173月2026 00:01:28.333] [Render thread/WARN] [net.minecraft.client.resources.model.ModelManager/]: No model loaded for default item model ID pochimod:stripped_durian_log of pochimod:stripped_durian_log
[173月2026 00:01:28.333] [Render thread/WARN] [net.minecraft.client.resources.model.ModelManager/]: No model loaded for default item model ID pochimod:stripped_durian_wood of pochimod:stripped_durian_wood
[173月2026 00:01:28.333] [Render thread/WARN] [net.minecraft.client.resources.model.ModelManager/]: No model loaded for default item model ID pochimod:durian_planks of pochimod:durian_planks
[173月2026 00:01:28.333] [Render thread/WARN] [net.minecraft.client.resources.model.ModelManager/]: No model loaded for default item model ID pochimod:durian_leaves of pochimod:durian_leaves
[173月2026 00:01:28.333] [Render thread/WARN] [net.minecraft.client.resources.model.ModelManager/]: No model loaded for default item model ID pochimod:durian_sapling of pochimod:durian_sapling
[173月2026 00:01:28.333] [Render thread/WARN] [net.minecraft.client.resources.model.ModelManager/]: No model loaded for default item model ID pochimod:coffee_log of pochimod:coffee_log
[173月2026 00:01:28.333] [Render thread/WARN] [net.minecraft.client.resources.model.ModelManager/]: No model loaded for default item model ID pochimod:coffee_wood of pochimod:coffee_wood
[173月2026 00:01:28.333] [Render thread/WARN] [net.minecraft.client.resources.model.ModelManager/]: No model loaded for default item model ID pochimod:stripped_coffee_log of pochimod:stripped_coffee_log
[173月2026 00:01:28.333] [Render thread/WARN] [net.minecraft.client.resources.model.ModelManager/]: No model loaded for default item model ID pochimod:stripped_coffee_wood of pochimod:stripped_coffee_wood
[173月2026 00:01:28.333] [Render thread/WARN] [net.minecraft.client.resources.model.ModelManager/]: No model loaded for default item model ID pochimod:coffee_planks of pochimod:coffee_planks
[173月2026 00:01:28.333] [Render thread/WARN] [net.minecraft.client.resources.model.ModelManager/]: No model loaded for default item model ID pochimod:coffee_leaves of pochimod:coffee_leaves
[173月2026 00:01:28.333] [Render thread/WARN] [net.minecraft.client.resources.model.ModelManager/]: No model loaded for default item model ID pochimod:coffee_sapling of pochimod:coffee_sapling
[173月2026 00:01:28.333] [Render thread/WARN] [net.minecraft.client.resources.model.ModelManager/]: No model loaded for default item model ID pochimod:kiwi_log of pochimod:kiwi_log
[173月2026 00:01:28.333] [Render thread/WARN] [net.minecraft.client.resources.model.ModelManager/]: No model loaded for default item model ID pochimod:kiwi_wood of pochimod:kiwi_wood
[173月2026 00:01:28.333] [Render thread/WARN] [net.minecraft.client.resources.model.ModelManager/]: No model loaded for default item model ID pochimod:stripped_kiwi_log of pochimod:stripped_kiwi_log
[173月2026 00:01:28.333] [Render thread/WARN] [net.minecraft.client.resources.model.ModelManager/]: No model loaded for default item model ID pochimod:stripped_kiwi_wood of pochimod:stripped_kiwi_wood
[173月2026 00:01:28.333] [Render thread/WARN] [net.minecraft.client.resources.model.ModelManager/]: No model loaded for default item model ID pochimod:kiwi_planks of pochimod:kiwi_planks
[173月2026 00:01:28.333] [Render thread/WARN] [net.minecraft.client.resources.model.ModelManager/]: No model loaded for default item model ID pochimod:kiwi_leaves of pochimod:kiwi_leaves
[173月2026 00:01:28.333] [Render thread/WARN] [net.minecraft.client.resources.model.ModelManager/]: No model loaded for default item model ID pochimod:kiwi_sapling of pochimod:kiwi_sapling
[173月2026 00:01:28.333] [Render thread/WARN] [net.minecraft.client.resources.model.ModelManager/]: No model loaded for default item model ID pochimod:tea_bush of pochimod:tea_bush
[173月2026 00:01:28.333] [Render thread/WARN] [net.minecraft.client.resources.model.ModelManager/]: No model loaded for default item model ID pochimod:olive_bush of pochimod:olive_bush
[173月2026 00:01:28.333] [Render thread/WARN] [net.minecraft.client.resources.model.ModelManager/]: No model loaded for default item model ID pochimod:blue_berry_bush of pochimod:blue_berry_bush
[173月2026 00:01:28.333] [Render thread/WARN] [net.minecraft.client.resources.model.ModelManager/]: No model loaded for default item model ID pochimod:hop_bush of pochimod:hop_bush
[173月2026 00:01:28.333] [Render thread/WARN] [net.minecraft.client.resources.model.ModelManager/]: No model loaded for default item model ID pochimod:pepper_bush of pochimod:pepper_bush
[173月2026 00:01:28.333] [Render thread/WARN] [net.minecraft.client.resources.model.ModelManager/]: No model loaded for default item model ID pochimod:cabernet_sauvignon_stairs of pochimod:cabernet_sauvignon_stairs
[173月2026 00:01:28.333] [Render thread/WARN] [net.minecraft.client.resources.model.ModelManager/]: No model loaded for default item model ID pochimod:cabernet_sauvignon_slab of pochimod:cabernet_sauvignon_slab
[173月2026 00:01:28.333] [Render thread/WARN] [net.minecraft.client.resources.model.ModelManager/]: No model loaded for default item model ID pochimod:cabernet_sauvignon_fence of pochimod:cabernet_sauvignon_fence
[173月2026 00:01:28.333] [Render thread/WARN] [net.minecraft.client.resources.model.ModelManager/]: No model loaded for default item model ID pochimod:cabernet_sauvignon_fence_gate of pochimod:cabernet_sauvignon_fence_gate
[173月2026 00:01:28.333] [Render thread/WARN] [net.minecraft.client.resources.model.ModelManager/]: No model loaded for default item model ID pochimod:cabernet_sauvignon_pressure_plate of pochimod:cabernet_sauvignon_pressure_plate
[173月2026 00:01:28.333] [Render thread/WARN] [net.minecraft.client.resources.model.ModelManager/]: No model loaded for default item model ID pochimod:cabernet_sauvignon_door of pochimod:cabernet_sauvignon_door
[173月2026 00:01:28.333] [Render thread/WARN] [net.minecraft.client.resources.model.ModelManager/]: No model loaded for default item model ID pochimod:cabernet_sauvignon_trapdoor of pochimod:cabernet_sauvignon_trapdoor
[173月2026 00:01:28.333] [Render thread/WARN] [net.minecraft.client.resources.model.ModelManager/]: No model loaded for default item model ID pochimod:maple_stairs of pochimod:maple_stairs
[173月2026 00:01:28.333] [Render thread/WARN] [net.minecraft.client.resources.model.ModelManager/]: No model loaded for default item model ID pochimod:maple_slab of pochimod:maple_slab
[173月2026 00:01:28.333] [Render thread/WARN] [net.minecraft.client.resources.model.ModelManager/]: No model loaded for default item model ID pochimod:maple_fence of pochimod:maple_fence
[173月2026 00:01:28.333] [Render thread/WARN] [net.minecraft.client.resources.model.ModelManager/]: No model loaded for default item model ID pochimod:maple_fence_gate of pochimod:maple_fence_gate
[173月2026 00:01:28.333] [Render thread/WARN] [net.minecraft.client.resources.model.ModelManager/]: No model loaded for default item model ID pochimod:maple_pressure_plate of pochimod:maple_pressure_plate
[173月2026 00:01:28.333] [Render thread/WARN] [net.minecraft.client.resources.model.ModelManager/]: No model loaded for default item model ID pochimod:maple_door of pochimod:maple_door
[173月2026 00:01:28.333] [Render thread/WARN] [net.minecraft.client.resources.model.ModelManager/]: No model loaded for default item model ID pochimod:maple_trapdoor of pochimod:maple_trapdoor
[173月2026 00:01:28.334] [Render thread/WARN] [net.minecraft.client.resources.model.ModelManager/]: No model loaded for default item model ID pochimod:cinnamon_stairs of pochimod:cinnamon_stairs
[173月2026 00:01:28.334] [Render thread/WARN] [net.minecraft.client.resources.model.ModelManager/]: No model loaded for default item model ID pochimod:cinnamon_slab of pochimod:cinnamon_slab
[173月2026 00:01:28.334] [Render thread/WARN] [net.minecraft.client.resources.model.ModelManager/]: No model loaded for default item model ID pochimod:cinnamon_fence of pochimod:cinnamon_fence
[173月2026 00:01:28.334] [Render thread/WARN] [net.minecraft.client.resources.model.ModelManager/]: No model loaded for default item model ID pochimod:cinnamon_fence_gate of pochimod:cinnamon_fence_gate
[173月2026 00:01:28.334] [Render thread/WARN] [net.minecraft.client.resources.model.ModelManager/]: No model loaded for default item model ID pochimod:cinnamon_pressure_plate of pochimod:cinnamon_pressure_plate
[173月2026 00:01:28.334] [Render thread/WARN] [net.minecraft.client.resources.model.ModelManager/]: No model loaded for default item model ID pochimod:cinnamon_door of pochimod:cinnamon_door
[173月2026 00:01:28.334] [Render thread/WARN] [net.minecraft.client.resources.model.ModelManager/]: No model loaded for default item model ID pochimod:cinnamon_trapdoor of pochimod:cinnamon_trapdoor
[173月2026 00:01:28.334] [Render thread/WARN] [net.minecraft.client.resources.model.ModelManager/]: No model loaded for default item model ID pochimod:cola_stairs of pochimod:cola_stairs
[173月2026 00:01:28.334] [Render thread/WARN] [net.minecraft.client.resources.model.ModelManager/]: No model loaded for default item model ID pochimod:cola_slab of pochimod:cola_slab
[173月2026 00:01:28.334] [Render thread/WARN] [net.minecraft.client.resources.model.ModelManager/]: No model loaded for default item model ID pochimod:cola_fence of pochimod:cola_fence
[173月2026 00:01:28.334] [Render thread/WARN] [net.minecraft.client.resources.model.ModelManager/]: No model loaded for default item model ID pochimod:cola_fence_gate of pochimod:cola_fence_gate
[173月2026 00:01:28.334] [Render thread/WARN] [net.minecraft.client.resources.model.ModelManager/]: No model loaded for default item model ID pochimod:cola_pressure_plate of pochimod:cola_pressure_plate
[173月2026 00:01:28.334] [Render thread/WARN] [net.minecraft.client.resources.model.ModelManager/]: No model loaded for default item model ID pochimod:cola_door of pochimod:cola_door
[173月2026 00:01:28.334] [Render thread/WARN] [net.minecraft.client.resources.model.ModelManager/]: No model loaded for default item model ID pochimod:cola_trapdoor of pochimod:cola_trapdoor
[173月2026 00:01:28.334] [Render thread/WARN] [net.minecraft.client.resources.model.ModelManager/]: No model loaded for default item model ID pochimod:lemon_stairs of pochimod:lemon_stairs
[173月2026 00:01:28.334] [Render thread/WARN] [net.minecraft.client.resources.model.ModelManager/]: No model loaded for default item model ID pochimod:lemon_slab of pochimod:lemon_slab
[173月2026 00:01:28.334] [Render thread/WARN] [net.minecraft.client.resources.model.ModelManager/]: No model loaded for default item model ID pochimod:lemon_fence of pochimod:lemon_fence
[173月2026 00:01:28.334] [Render thread/WARN] [net.minecraft.client.resources.model.ModelManager/]: No model loaded for default item model ID pochimod:lemon_fence_gate of pochimod:lemon_fence_gate
[173月2026 00:01:28.334] [Render thread/WARN] [net.minecraft.client.resources.model.ModelManager/]: No model loaded for default item model ID pochimod:lemon_pressure_plate of pochimod:lemon_pressure_plate
[173月2026 00:01:28.334] [Render thread/WARN] [net.minecraft.client.resources.model.ModelManager/]: No model loaded for default item model ID pochimod:lemon_door of pochimod:lemon_door
[173月2026 00:01:28.334] [Render thread/WARN] [net.minecraft.client.resources.model.ModelManager/]: No model loaded for default item model ID pochimod:lemon_trapdoor of pochimod:lemon_trapdoor
[173月2026 00:01:28.334] [Render thread/WARN] [net.minecraft.client.resources.model.ModelManager/]: No model loaded for default item model ID pochimod:plum_stairs of pochimod:plum_stairs
[173月2026 00:01:28.334] [Render thread/WARN] [net.minecraft.client.resources.model.ModelManager/]: No model loaded for default item model ID pochimod:plum_slab of pochimod:plum_slab
[173月2026 00:01:28.334] [Render thread/WARN] [net.minecraft.client.resources.model.ModelManager/]: No model loaded for default item model ID pochimod:plum_fence of pochimod:plum_fence
[173月2026 00:01:28.334] [Render thread/WARN] [net.minecraft.client.resources.model.ModelManager/]: No model loaded for default item model ID pochimod:plum_fence_gate of pochimod:plum_fence_gate
[173月2026 00:01:28.334] [Render thread/WARN] [net.minecraft.client.resources.model.ModelManager/]: No model loaded for default item model ID pochimod:plum_pressure_plate of pochimod:plum_pressure_plate
[173月2026 00:01:28.334] [Render thread/WARN] [net.minecraft.client.resources.model.ModelManager/]: No model loaded for default item model ID pochimod:plum_door of pochimod:plum_door
[173月2026 00:01:28.334] [Render thread/WARN] [net.minecraft.client.resources.model.ModelManager/]: No model loaded for default item model ID pochimod:plum_trapdoor of pochimod:plum_trapdoor
[173月2026 00:01:28.334] [Render thread/WARN] [net.minecraft.client.resources.model.ModelManager/]: No model loaded for default item model ID pochimod:cherry_stairs of pochimod:cherry_stairs
[173月2026 00:01:28.334] [Render thread/WARN] [net.minecraft.client.resources.model.ModelManager/]: No model loaded for default item model ID pochimod:cherry_slab of pochimod:cherry_slab
[173月2026 00:01:28.334] [Render thread/WARN] [net.minecraft.client.resources.model.ModelManager/]: No model loaded for default item model ID pochimod:cherry_fence of pochimod:cherry_fence
[173月2026 00:01:28.334] [Render thread/WARN] [net.minecraft.client.resources.model.ModelManager/]: No model loaded for default item model ID pochimod:cherry_fence_gate of pochimod:cherry_fence_gate
[173月2026 00:01:28.334] [Render thread/WARN] [net.minecraft.client.resources.model.ModelManager/]: No model loaded for default item model ID pochimod:cherry_pressure_plate of pochimod:cherry_pressure_plate
[173月2026 00:01:28.334] [Render thread/WARN] [net.minecraft.client.resources.model.ModelManager/]: No model loaded for default item model ID pochimod:cherry_door of pochimod:cherry_door
[173月2026 00:01:28.334] [Render thread/WARN] [net.minecraft.client.resources.model.ModelManager/]: No model loaded for default item model ID pochimod:cherry_trapdoor of pochimod:cherry_trapdoor
[173月2026 00:01:28.334] [Render thread/WARN] [net.minecraft.client.resources.model.ModelManager/]: No model loaded for default item model ID pochimod:banana_stairs of pochimod:banana_stairs
[173月2026 00:01:28.334] [Render thread/WARN] [net.minecraft.client.resources.model.ModelManager/]: No model loaded for default item model ID pochimod:banana_slab of pochimod:banana_slab
[173月2026 00:01:28.334] [Render thread/WARN] [net.minecraft.client.resources.model.ModelManager/]: No model loaded for default item model ID pochimod:banana_fence of pochimod:banana_fence
[173月2026 00:01:28.334] [Render thread/WARN] [net.minecraft.client.resources.model.ModelManager/]: No model loaded for default item model ID pochimod:banana_fence_gate of pochimod:banana_fence_gate
[173月2026 00:01:28.334] [Render thread/WARN] [net.minecraft.client.resources.model.ModelManager/]: No model loaded for default item model ID pochimod:banana_pressure_plate of pochimod:banana_pressure_plate
[173月2026 00:01:28.334] [Render thread/WARN] [net.minecraft.client.resources.model.ModelManager/]: No model loaded for default item model ID pochimod:banana_door of pochimod:banana_door
[173月2026 00:01:28.334] [Render thread/WARN] [net.minecraft.client.resources.model.ModelManager/]: No model loaded for default item model ID pochimod:banana_trapdoor of pochimod:banana_trapdoor
[173月2026 00:01:28.334] [Render thread/WARN] [net.minecraft.client.resources.model.ModelManager/]: No model loaded for default item model ID pochimod:coconut_stairs of pochimod:coconut_stairs
[173月2026 00:01:28.334] [Render thread/WARN] [net.minecraft.client.resources.model.ModelManager/]: No model loaded for default item model ID pochimod:coconut_slab of pochimod:coconut_slab
[173月2026 00:01:28.334] [Render thread/WARN] [net.minecraft.client.resources.model.ModelManager/]: No model loaded for default item model ID pochimod:coconut_fence of pochimod:coconut_fence
[173月2026 00:01:28.334] [Render thread/WARN] [net.minecraft.client.resources.model.ModelManager/]: No model loaded for default item model ID pochimod:coconut_fence_gate of pochimod:coconut_fence_gate
[173月2026 00:01:28.335] [Render thread/WARN] [net.minecraft.client.resources.model.ModelManager/]: No model loaded for default item model ID pochimod:coconut_pressure_plate of pochimod:coconut_pressure_plate
[173月2026 00:01:28.335] [Render thread/WARN] [net.minecraft.client.resources.model.ModelManager/]: No model loaded for default item model ID pochimod:coconut_door of pochimod:coconut_door
[173月2026 00:01:28.335] [Render thread/WARN] [net.minecraft.client.resources.model.ModelManager/]: No model loaded for default item model ID pochimod:coconut_trapdoor of pochimod:coconut_trapdoor
[173月2026 00:01:28.335] [Render thread/WARN] [net.minecraft.client.resources.model.ModelManager/]: No model loaded for default item model ID pochimod:peach_stairs of pochimod:peach_stairs
[173月2026 00:01:28.335] [Render thread/WARN] [net.minecraft.client.resources.model.ModelManager/]: No model loaded for default item model ID pochimod:peach_slab of pochimod:peach_slab
[173月2026 00:01:28.335] [Render thread/WARN] [net.minecraft.client.resources.model.ModelManager/]: No model loaded for default item model ID pochimod:peach_fence of pochimod:peach_fence
[173月2026 00:01:28.335] [Render thread/WARN] [net.minecraft.client.resources.model.ModelManager/]: No model loaded for default item model ID pochimod:peach_fence_gate of pochimod:peach_fence_gate
[173月2026 00:01:28.335] [Render thread/WARN] [net.minecraft.client.resources.model.ModelManager/]: No model loaded for default item model ID pochimod:peach_pressure_plate of pochimod:peach_pressure_plate
[173月2026 00:01:28.335] [Render thread/WARN] [net.minecraft.client.resources.model.ModelManager/]: No model loaded for default item model ID pochimod:peach_door of pochimod:peach_door
[173月2026 00:01:28.335] [Render thread/WARN] [net.minecraft.client.resources.model.ModelManager/]: No model loaded for default item model ID pochimod:peach_trapdoor of pochimod:peach_trapdoor
[173月2026 00:01:28.335] [Render thread/WARN] [net.minecraft.client.resources.model.ModelManager/]: No model loaded for default item model ID pochimod:almond_stairs of pochimod:almond_stairs
[173月2026 00:01:28.335] [Render thread/WARN] [net.minecraft.client.resources.model.ModelManager/]: No model loaded for default item model ID pochimod:almond_slab of pochimod:almond_slab
[173月2026 00:01:28.335] [Render thread/WARN] [net.minecraft.client.resources.model.ModelManager/]: No model loaded for default item model ID pochimod:almond_fence of pochimod:almond_fence
[173月2026 00:01:28.335] [Render thread/WARN] [net.minecraft.client.resources.model.ModelManager/]: No model loaded for default item model ID pochimod:almond_fence_gate of pochimod:almond_fence_gate
[173月2026 00:01:28.335] [Render thread/WARN] [net.minecraft.client.resources.model.ModelManager/]: No model loaded for default item model ID pochimod:almond_pressure_plate of pochimod:almond_pressure_plate
[173月2026 00:01:28.335] [Render thread/WARN] [net.minecraft.client.resources.model.ModelManager/]: No model loaded for default item model ID pochimod:almond_door of pochimod:almond_door
[173月2026 00:01:28.335] [Render thread/WARN] [net.minecraft.client.resources.model.ModelManager/]: No model loaded for default item model ID pochimod:almond_trapdoor of pochimod:almond_trapdoor
[173月2026 00:01:28.335] [Render thread/WARN] [net.minecraft.client.resources.model.ModelManager/]: No model loaded for default item model ID pochimod:durian_stairs of pochimod:durian_stairs
[173月2026 00:01:28.335] [Render thread/WARN] [net.minecraft.client.resources.model.ModelManager/]: No model loaded for default item model ID pochimod:durian_slab of pochimod:durian_slab
[173月2026 00:01:28.335] [Render thread/WARN] [net.minecraft.client.resources.model.ModelManager/]: No model loaded for default item model ID pochimod:durian_fence of pochimod:durian_fence
[173月2026 00:01:28.335] [Render thread/WARN] [net.minecraft.client.resources.model.ModelManager/]: No model loaded for default item model ID pochimod:durian_fence_gate of pochimod:durian_fence_gate
[173月2026 00:01:28.335] [Render thread/WARN] [net.minecraft.client.resources.model.ModelManager/]: No model loaded for default item model ID pochimod:durian_pressure_plate of pochimod:durian_pressure_plate
[173月2026 00:01:28.335] [Render thread/WARN] [net.minecraft.client.resources.model.ModelManager/]: No model loaded for default item model ID pochimod:durian_door of pochimod:durian_door
[173月2026 00:01:28.335] [Render thread/WARN] [net.minecraft.client.resources.model.ModelManager/]: No model loaded for default item model ID pochimod:durian_trapdoor of pochimod:durian_trapdoor
[173月2026 00:01:28.335] [Render thread/WARN] [net.minecraft.client.resources.model.ModelManager/]: No model loaded for default item model ID pochimod:coffee_stairs of pochimod:coffee_stairs
[173月2026 00:01:28.335] [Render thread/WARN] [net.minecraft.client.resources.model.ModelManager/]: No model loaded for default item model ID pochimod:coffee_slab of pochimod:coffee_slab
[173月2026 00:01:28.335] [Render thread/WARN] [net.minecraft.client.resources.model.ModelManager/]: No model loaded for default item model ID pochimod:coffee_fence of pochimod:coffee_fence
[173月2026 00:01:28.335] [Render thread/WARN] [net.minecraft.client.resources.model.ModelManager/]: No model loaded for default item model ID pochimod:coffee_fence_gate of pochimod:coffee_fence_gate
[173月2026 00:01:28.335] [Render thread/WARN] [net.minecraft.client.resources.model.ModelManager/]: No model loaded for default item model ID pochimod:coffee_pressure_plate of pochimod:coffee_pressure_plate
[173月2026 00:01:28.335] [Render thread/WARN] [net.minecraft.client.resources.model.ModelManager/]: No model loaded for default item model ID pochimod:coffee_door of pochimod:coffee_door
[173月2026 00:01:28.335] [Render thread/WARN] [net.minecraft.client.resources.model.ModelManager/]: No model loaded for default item model ID pochimod:coffee_trapdoor of pochimod:coffee_trapdoor
[173月2026 00:01:28.335] [Render thread/WARN] [net.minecraft.client.resources.model.ModelManager/]: No model loaded for default item model ID pochimod:raw_coffee_block of pochimod:raw_coffee_block
[173月2026 00:01:28.335] [Render thread/WARN] [net.minecraft.client.resources.model.ModelManager/]: No model loaded for default item model ID pochimod:coffee_block of pochimod:coffee_block
[173月2026 00:01:28.335] [Render thread/WARN] [net.minecraft.client.resources.model.ModelManager/]: No model loaded for default item model ID pochimod:musk_coffee_block of pochimod:musk_coffee_block
[173月2026 00:01:28.335] [Render thread/WARN] [net.minecraft.client.resources.model.ModelManager/]: No model loaded for default item model ID pochimod:kiwi_stairs of pochimod:kiwi_stairs
[173月2026 00:01:28.335] [Render thread/WARN] [net.minecraft.client.resources.model.ModelManager/]: No model loaded for default item model ID pochimod:kiwi_slab of pochimod:kiwi_slab
[173月2026 00:01:28.335] [Render thread/WARN] [net.minecraft.client.resources.model.ModelManager/]: No model loaded for default item model ID pochimod:kiwi_fence of pochimod:kiwi_fence
[173月2026 00:01:28.335] [Render thread/WARN] [net.minecraft.client.resources.model.ModelManager/]: No model loaded for default item model ID pochimod:kiwi_fence_gate of pochimod:kiwi_fence_gate
[173月2026 00:01:28.335] [Render thread/WARN] [net.minecraft.client.resources.model.ModelManager/]: No model loaded for default item model ID pochimod:kiwi_pressure_plate of pochimod:kiwi_pressure_plate
[173月2026 00:01:28.335] [Render thread/WARN] [net.minecraft.client.resources.model.ModelManager/]: No model loaded for default item model ID pochimod:kiwi_door of pochimod:kiwi_door
[173月2026 00:01:28.335] [Render thread/WARN] [net.minecraft.client.resources.model.ModelManager/]: No model loaded for default item model ID pochimod:kiwi_trapdoor of pochimod:kiwi_trapdoor
[173月2026 00:01:28.335] [Render thread/WARN] [net.minecraft.client.resources.model.ModelManager/]: No model loaded for default item model ID pochimod:queen_of_night of pochimod:queen_of_night
[173月2026 00:01:28.335] [Render thread/WARN] [net.minecraft.client.resources.model.ModelManager/]: No model loaded for default item model ID pochimod:rose of pochimod:rose
[173月2026 00:01:28.335] [Render thread/WARN] [net.minecraft.client.resources.model.ModelManager/]: No model loaded for default item model ID pochimod:camomile of pochimod:camomile
[173月2026 00:01:28.335] [Render thread/WARN] [net.minecraft.client.resources.model.ModelManager/]: No model loaded for default item model ID pochimod:thyme of pochimod:thyme
[173月2026 00:01:28.335] [Render thread/WARN] [net.minecraft.client.resources.model.ModelManager/]: No model loaded for default item model ID pochimod:oregano of pochimod:oregano
[173月2026 00:01:28.335] [Render thread/WARN] [net.minecraft.client.resources.model.ModelManager/]: No model loaded for default item model ID pochimod:seed_plain of pochimod:seed_plain
[173月2026 00:01:28.335] [Render thread/WARN] [net.minecraft.client.resources.model.ModelManager/]: No model loaded for default item model ID pochimod:seed_jungle of pochimod:seed_jungle
[173月2026 00:01:28.336] [Render thread/WARN] [net.minecraft.client.resources.model.ModelManager/]: No model loaded for default item model ID pochimod:seed_taiga of pochimod:seed_taiga
[173月2026 00:01:28.336] [Render thread/WARN] [net.minecraft.client.resources.model.ModelManager/]: No model loaded for default item model ID pochimod:seed_savanna of pochimod:seed_savanna
[173月2026 00:01:28.336] [Render thread/WARN] [net.minecraft.client.resources.model.ModelManager/]: No model loaded for default item model ID pochimod:boiled_rice_block of pochimod:boiled_rice_block
[173月2026 00:01:28.336] [Render thread/WARN] [net.minecraft.client.resources.model.ModelManager/]: No model loaded for default item model ID pochimod:japanese_malt_p of pochimod:japanese_malt_p
[173月2026 00:01:28.336] [Render thread/WARN] [net.minecraft.client.resources.model.ModelManager/]: No model loaded for default item model ID pochimod:japanese_malt_r of pochimod:japanese_malt_r
[173月2026 00:01:28.336] [Render thread/WARN] [net.minecraft.client.resources.model.ModelManager/]: No model loaded for default item model ID pochimod:bubble of pochimod:bubble
[173月2026 00:01:28.339] [Render thread/INFO] [net.neoforged.neoforge.client.entity.animation.json.AnimationLoader/]: Loaded 0 entity animations
[173月2026 00:01:28.434] [Render thread/INFO] [net.minecraft.client.renderer.texture.TextureAtlas/]: Created: 256x256x0 jei:textures/atlas/gui.png-atlas
[173月2026 00:01:28.438] [Render thread/DEBUG] [net.neoforged.fml.classloading.transformation.ClassTransformStatistics/]: Transformed/total loaded classes: 446/8386 (5.32%) and 185 parsed for mixin
[173月2026 00:01:33.746] [Render thread/DEBUG] [mixin/]: Mixing MixinWorldOpenFlows from terrablender.mixins.json into net.minecraft.client.gui.screens.worldselection.WorldOpenFlows
[173月2026 00:01:33.746] [Render thread/DEBUG] [mixin/]: terrablender.mixins.json:MixinWorldOpenFlows from mod terrablender: Class version 65 required is higher than the class version supported by the current version of Mixin (JAVA_17 supports class version 61)
[173月2026 00:01:33.755] [Render thread/DEBUG] [mixin/]: terrablender.mixins.json:MixinWorldOpenFlows from mod terrablender->@Inject::skipConfirmation(Lnet/minecraft/client/Minecraft;Lnet/minecraft/client/gui/screens/worldselection/CreateWorldScreen;Lcom/mojang/serialization/Lifecycle;Ljava/lang/Runnable;ZLorg/spongepowered/asm/mixin/injection/callback/CallbackInfo;)V does use it's CallbackInfo
[173月2026 00:01:34.122] [Render thread/WARN] [net.neoforged.neoforge.common.CommonHooks/WP]: The following mods have version differences that were not resolved:
geckolib (version 4.7.6 -> 5.4.2)
jei (version 19.21.1.312 -> 27.4.0.15)
neoforge (version 21.1.219 -> 21.11.38-beta)
playeranimator (version 2.0.4+1.21.1 -> MISSING)
pochimod (version 0.0.5-1.21.1 -> 0.0.5-1.21.11)
terrablender (version 4.1.0.8 -> 21.11.0.0)
Things may not work well.
[173月2026 00:01:34.926] [Render thread/ERROR] [net.minecraft.resources.RegistryDataLoader/]: Registry loading errors:
> Errors in registry minecraft:root:
>> Errors in element minecraft:worldgen/biome:
java.lang.IllegalStateException: Unbound values in registry ResourceKey[minecraft:root / minecraft:worldgen/biome]: [pochimod:guyana_biome, pochimod:zhangjia_biome]
	at TRANSFORMER/minecraft@1.21.11/net.minecraft.core.MappedRegistry.freeze(MappedRegistry.java:300)
	at TRANSFORMER/minecraft@1.21.11/net.minecraft.resources.RegistryDataLoader.lambda$load$8(RegistryDataLoader.java:208)
	at java.base/java.lang.Iterable.forEach(Iterable.java:75)
	at TRANSFORMER/minecraft@1.21.11/net.minecraft.resources.RegistryDataLoader.load(RegistryDataLoader.java:204)
	at TRANSFORMER/minecraft@1.21.11/net.minecraft.resources.RegistryDataLoader.load(RegistryDataLoader.java:166)
	at TRANSFORMER/minecraft@1.21.11/net.minecraft.server.WorldLoader.load(WorldLoader.java:45)
	at TRANSFORMER/minecraft@1.21.11/net.minecraft.client.gui.screens.worldselection.WorldOpenFlows.loadWorldDataBlocking(WorldOpenFlows.java:207)
	at TRANSFORMER/minecraft@1.21.11/net.minecraft.client.gui.screens.worldselection.WorldOpenFlows.loadWorldStem(WorldOpenFlows.java:143)
	at TRANSFORMER/minecraft@1.21.11/net.minecraft.client.gui.screens.worldselection.WorldOpenFlows.openWorldLoadLevelStem(WorldOpenFlows.java:352)
	at TRANSFORMER/minecraft@1.21.11/net.minecraft.client.gui.screens.worldselection.WorldOpenFlows.openWorldCheckVersionCompatibility(WorldOpenFlows.java:341)
	at TRANSFORMER/minecraft@1.21.11/net.minecraft.client.gui.screens.worldselection.WorldOpenFlows.openWorldLoadLevelData(WorldOpenFlows.java:303)
	at TRANSFORMER/minecraft@1.21.11/net.minecraft.client.gui.screens.worldselection.WorldOpenFlows.openWorld(WorldOpenFlows.java:268)
	at TRANSFORMER/minecraft@1.21.11/net.minecraft.client.gui.screens.worldselection.WorldSelectionList$WorldListEntry.joinWorld(WorldSelectionList.java:637)
	at TRANSFORMER/minecraft@1.21.11/net.minecraft.client.gui.screens.worldselection.WorldSelectionList$WorldListEntry.mouseClicked(WorldSelectionList.java:605)
	at TRANSFORMER/minecraft@1.21.11/net.minecraft.client.gui.components.events.ContainerEventHandler.mouseClicked(ContainerEventHandler.java:47)
	at TRANSFORMER/minecraft@1.21.11/net.minecraft.client.gui.components.AbstractContainerWidget.mouseClicked(AbstractContainerWidget.java:58)
	at TRANSFORMER/minecraft@1.21.11/net.minecraft.client.gui.components.events.ContainerEventHandler.mouseClicked(ContainerEventHandler.java:47)
	at TRANSFORMER/minecraft@1.21.11/net.minecraft.client.MouseHandler.onButton(MouseHandler.java:113)
	at TRANSFORMER/minecraft@1.21.11/net.minecraft.client.MouseHandler.lambda$setup$4(MouseHandler.java:271)
	at TRANSFORMER/minecraft@1.21.11/net.minecraft.util.thread.BlockableEventLoop.doRunTask(BlockableEventLoop.java:157)
	at TRANSFORMER/minecraft@1.21.11/net.minecraft.util.thread.ReentrantBlockableEventLoop.doRunTask(ReentrantBlockableEventLoop.java:24)
	at TRANSFORMER/minecraft@1.21.11/net.minecraft.util.thread.BlockableEventLoop.execute(BlockableEventLoop.java:103)
	at TRANSFORMER/minecraft@1.21.11/net.minecraft.client.MouseHandler.lambda$setup$5(MouseHandler.java:271)
	at org.lwjgl.glfw.GLFWMouseButtonCallbackI.callback(GLFWMouseButtonCallbackI.java:43)
	at org.lwjgl.system.JNI.invokeV(Native Method)
	at org.lwjgl.glfw.GLFW.glfwWaitEventsTimeout(GLFW.java:3509)
	at TRANSFORMER/minecraft@1.21.11/com.mojang.blaze3d.systems.RenderSystem.limitDisplayFPS(RenderSystem.java:139)
	at TRANSFORMER/minecraft@1.21.11/net.minecraft.client.Minecraft.runTick(Minecraft.java:1362)
	at TRANSFORMER/minecraft@1.21.11/net.minecraft.client.Minecraft.run(Minecraft.java:918)
	at TRANSFORMER/minecraft@1.21.11/net.minecraft.client.main.Main.main(Main.java:229)
	at net.neoforged.fml.startup.Client.main(Client.java:19)
>> Errors in element minecraft:worldgen/placed_feature:
java.lang.IllegalStateException: Unbound values in registry ResourceKey[minecraft:root / minecraft:worldgen/placed_feature]: [pochimod:alexandrite_geode_p, pochimod:almond_placed, pochimod:alunite_placed, pochimod:banana_placed, pochimod:bauxite_placed, pochimod:black_diamond_geode_p, pochimod:blue_berry_placed, pochimod:cabernet_sauvignon_placed, pochimod:camomile_placed, pochimod:cherry_placed, pochimod:chromite_placed, pochimod:cinnabar_geode_p, pochimod:cinnamon_placed, pochimod:coconut_placed, pochimod:coffee_placed, pochimod:cola_placed, pochimod:durian_placed, pochimod:euclase_geode_p, pochimod:fluorite_placed, pochimod:goshenite_geode_p, pochimod:hop_placed, pochimod:jade_geode_p, pochimod:jungle_placed, pochimod:lemon_placed, pochimod:magunesium_placed, pochimod:maple_placed, pochimod:morganite_geode_p, pochimod:olive_placed, pochimod:oregano_placed, pochimod:peach_placed, pochimod:pepper_placed, pochimod:phosphophylite_geode_p, pochimod:plain_placed, pochimod:plum_placed, pochimod:queen_of_night_placed, pochimod:rose_placed, pochimod:rutile_geode_p, pochimod:savanna_placed, pochimod:taiga_placed, pochimod:tea_placed, pochimod:thyme_placed, pochimod:titanium_placed, pochimod:vanadium_placed, pochimod:yellow_diamond_geode_p]
	at TRANSFORMER/minecraft@1.21.11/net.minecraft.core.MappedRegistry.freeze(MappedRegistry.java:300)
	at TRANSFORMER/minecraft@1.21.11/net.minecraft.resources.RegistryDataLoader.lambda$load$8(RegistryDataLoader.java:208)
	at java.base/java.lang.Iterable.forEach(Iterable.java:75)
	at TRANSFORMER/minecraft@1.21.11/net.minecraft.resources.RegistryDataLoader.load(RegistryDataLoader.java:204)
	at TRANSFORMER/minecraft@1.21.11/net.minecraft.resources.RegistryDataLoader.load(RegistryDataLoader.java:166)
	at TRANSFORMER/minecraft@1.21.11/net.minecraft.server.WorldLoader.load(WorldLoader.java:45)
	at TRANSFORMER/minecraft@1.21.11/net.minecraft.client.gui.screens.worldselection.WorldOpenFlows.loadWorldDataBlocking(WorldOpenFlows.java:207)
	at TRANSFORMER/minecraft@1.21.11/net.minecraft.client.gui.screens.worldselection.WorldOpenFlows.loadWorldStem(WorldOpenFlows.java:143)
	at TRANSFORMER/minecraft@1.21.11/net.minecraft.client.gui.screens.worldselection.WorldOpenFlows.openWorldLoadLevelStem(WorldOpenFlows.java:352)
	at TRANSFORMER/minecraft@1.21.11/net.minecraft.client.gui.screens.worldselection.WorldOpenFlows.openWorldCheckVersionCompatibility(WorldOpenFlows.java:341)
	at TRANSFORMER/minecraft@1.21.11/net.minecraft.client.gui.screens.worldselection.WorldOpenFlows.openWorldLoadLevelData(WorldOpenFlows.java:303)
	at TRANSFORMER/minecraft@1.21.11/net.minecraft.client.gui.screens.worldselection.WorldOpenFlows.openWorld(WorldOpenFlows.java:268)
	at TRANSFORMER/minecraft@1.21.11/net.minecraft.client.gui.screens.worldselection.WorldSelectionList$WorldListEntry.joinWorld(WorldSelectionList.java:637)
	at TRANSFORMER/minecraft@1.21.11/net.minecraft.client.gui.screens.worldselection.WorldSelectionList$WorldListEntry.mouseClicked(WorldSelectionList.java:605)
	at TRANSFORMER/minecraft@1.21.11/net.minecraft.client.gui.components.events.ContainerEventHandler.mouseClicked(ContainerEventHandler.java:47)
	at TRANSFORMER/minecraft@1.21.11/net.minecraft.client.gui.components.AbstractContainerWidget.mouseClicked(AbstractContainerWidget.java:58)
	at TRANSFORMER/minecraft@1.21.11/net.minecraft.client.gui.components.events.ContainerEventHandler.mouseClicked(ContainerEventHandler.java:47)
	at TRANSFORMER/minecraft@1.21.11/net.minecraft.client.MouseHandler.onButton(MouseHandler.java:113)
	at TRANSFORMER/minecraft@1.21.11/net.minecraft.client.MouseHandler.lambda$setup$4(MouseHandler.java:271)
	at TRANSFORMER/minecraft@1.21.11/net.minecraft.util.thread.BlockableEventLoop.doRunTask(BlockableEventLoop.java:157)
	at TRANSFORMER/minecraft@1.21.11/net.minecraft.util.thread.ReentrantBlockableEventLoop.doRunTask(ReentrantBlockableEventLoop.java:24)
	at TRANSFORMER/minecraft@1.21.11/net.minecraft.util.thread.BlockableEventLoop.execute(BlockableEventLoop.java:103)
	at TRANSFORMER/minecraft@1.21.11/net.minecraft.client.MouseHandler.lambda$setup$5(MouseHandler.java:271)
	at org.lwjgl.glfw.GLFWMouseButtonCallbackI.callback(GLFWMouseButtonCallbackI.java:43)
	at org.lwjgl.system.JNI.invokeV(Native Method)
	at org.lwjgl.glfw.GLFW.glfwWaitEventsTimeout(GLFW.java:3509)
	at TRANSFORMER/minecraft@1.21.11/com.mojang.blaze3d.systems.RenderSystem.limitDisplayFPS(RenderSystem.java:139)
	at TRANSFORMER/minecraft@1.21.11/net.minecraft.client.Minecraft.runTick(Minecraft.java:1362)
	at TRANSFORMER/minecraft@1.21.11/net.minecraft.client.Minecraft.run(Minecraft.java:918)
	at TRANSFORMER/minecraft@1.21.11/net.minecraft.client.main.Main.main(Main.java:229)
	at net.neoforged.fml.startup.Client.main(Client.java:19)

[173月2026 00:01:35.005] [Render thread/WARN] [net.minecraft.client.gui.screens.worldselection.WorldOpenFlows/]: Failed to load level data or datapacks, can't proceed with server load
java.util.concurrent.ExecutionException: net.minecraft.ReportedException: Registry Loading
	at java.base/java.util.concurrent.CompletableFuture.reportGet(CompletableFuture.java:396) ~[?:?]
	at java.base/java.util.concurrent.CompletableFuture.get(CompletableFuture.java:2073) ~[?:?]
	at TRANSFORMER/minecraft@1.21.11/net.minecraft.client.gui.screens.worldselection.WorldOpenFlows.loadWorldDataBlocking(WorldOpenFlows.java:209) ~[neoforge-21.11.38-beta.jar:?]
	at TRANSFORMER/minecraft@1.21.11/net.minecraft.client.gui.screens.worldselection.WorldOpenFlows.loadWorldStem(WorldOpenFlows.java:143) ~[neoforge-21.11.38-beta.jar:?]
	at TRANSFORMER/minecraft@1.21.11/net.minecraft.client.gui.screens.worldselection.WorldOpenFlows.openWorldLoadLevelStem(WorldOpenFlows.java:352) ~[neoforge-21.11.38-beta.jar:?]
	at TRANSFORMER/minecraft@1.21.11/net.minecraft.client.gui.screens.worldselection.WorldOpenFlows.openWorldCheckVersionCompatibility(WorldOpenFlows.java:341) ~[neoforge-21.11.38-beta.jar:?]
	at TRANSFORMER/minecraft@1.21.11/net.minecraft.client.gui.screens.worldselection.WorldOpenFlows.openWorldLoadLevelData(WorldOpenFlows.java:303) ~[neoforge-21.11.38-beta.jar:?]
	at TRANSFORMER/minecraft@1.21.11/net.minecraft.client.gui.screens.worldselection.WorldOpenFlows.openWorld(WorldOpenFlows.java:268) ~[neoforge-21.11.38-beta.jar:?]
	at TRANSFORMER/minecraft@1.21.11/net.minecraft.client.gui.screens.worldselection.WorldSelectionList$WorldListEntry.joinWorld(WorldSelectionList.java:637) ~[neoforge-21.11.38-beta.jar:?]
	at TRANSFORMER/minecraft@1.21.11/net.minecraft.client.gui.screens.worldselection.WorldSelectionList$WorldListEntry.mouseClicked(WorldSelectionList.java:605) ~[neoforge-21.11.38-beta.jar:?]
	at TRANSFORMER/minecraft@1.21.11/net.minecraft.client.gui.components.events.ContainerEventHandler.mouseClicked(ContainerEventHandler.java:47) ~[neoforge-21.11.38-beta.jar:?]
	at TRANSFORMER/minecraft@1.21.11/net.minecraft.client.gui.components.AbstractContainerWidget.mouseClicked(AbstractContainerWidget.java:58) ~[neoforge-21.11.38-beta.jar:?]
	at TRANSFORMER/minecraft@1.21.11/net.minecraft.client.gui.components.events.ContainerEventHandler.mouseClicked(ContainerEventHandler.java:47) ~[neoforge-21.11.38-beta.jar:?]
	at TRANSFORMER/minecraft@1.21.11/net.minecraft.client.MouseHandler.onButton(MouseHandler.java:113) ~[neoforge-21.11.38-beta.jar:?]
	at TRANSFORMER/minecraft@1.21.11/net.minecraft.client.MouseHandler.lambda$setup$4(MouseHandler.java:271) ~[neoforge-21.11.38-beta.jar:?]
	at TRANSFORMER/minecraft@1.21.11/net.minecraft.util.thread.BlockableEventLoop.doRunTask(BlockableEventLoop.java:157) ~[neoforge-21.11.38-beta.jar:?]
	at TRANSFORMER/minecraft@1.21.11/net.minecraft.util.thread.ReentrantBlockableEventLoop.doRunTask(ReentrantBlockableEventLoop.java:24) ~[neoforge-21.11.38-beta.jar:?]
	at TRANSFORMER/minecraft@1.21.11/net.minecraft.util.thread.BlockableEventLoop.execute(BlockableEventLoop.java:103) ~[neoforge-21.11.38-beta.jar:?]
	at TRANSFORMER/minecraft@1.21.11/net.minecraft.client.MouseHandler.lambda$setup$5(MouseHandler.java:271) ~[neoforge-21.11.38-beta.jar:?]
	at org.lwjgl.glfw.GLFWMouseButtonCallbackI.callback(GLFWMouseButtonCallbackI.java:43) ~[lwjgl-glfw-3.3.3.jar:build 5]
	at org.lwjgl.system.JNI.invokeV(Native Method) ~[lwjgl-3.3.3.jar:build 5]
	at org.lwjgl.glfw.GLFW.glfwWaitEventsTimeout(GLFW.java:3509) ~[lwjgl-glfw-3.3.3.jar:build 5]
	at TRANSFORMER/minecraft@1.21.11/com.mojang.blaze3d.systems.RenderSystem.limitDisplayFPS(RenderSystem.java:139) ~[neoforge-21.11.38-beta.jar:?]
	at TRANSFORMER/minecraft@1.21.11/net.minecraft.client.Minecraft.runTick(Minecraft.java:1362) [neoforge-21.11.38-beta.jar:?]
	at TRANSFORMER/minecraft@1.21.11/net.minecraft.client.Minecraft.run(Minecraft.java:918) [neoforge-21.11.38-beta.jar:?]
	at TRANSFORMER/minecraft@1.21.11/net.minecraft.client.main.Main.main(Main.java:229) [neoforge-21.11.38-beta.jar:?]
	at net.neoforged.fml.startup.Client.main(Client.java:19) [loader-10.0.36.jar:10.0]
Caused by: net.minecraft.ReportedException: Registry Loading
	at TRANSFORMER/minecraft@1.21.11/net.minecraft.resources.RegistryDataLoader.createReportWithBriefInfo(RegistryDataLoader.java:291) ~[neoforge-21.11.38-beta.jar:?]
	at TRANSFORMER/minecraft@1.21.11/net.minecraft.resources.RegistryDataLoader.logErrors(RegistryDataLoader.java:246) ~[neoforge-21.11.38-beta.jar:?]
	at TRANSFORMER/minecraft@1.21.11/net.minecraft.resources.RegistryDataLoader.load(RegistryDataLoader.java:218) ~[neoforge-21.11.38-beta.jar:?]
	at TRANSFORMER/minecraft@1.21.11/net.minecraft.resources.RegistryDataLoader.load(RegistryDataLoader.java:166) ~[neoforge-21.11.38-beta.jar:?]
	at TRANSFORMER/minecraft@1.21.11/net.minecraft.server.WorldLoader.load(WorldLoader.java:45) ~[neoforge-21.11.38-beta.jar:?]
	at TRANSFORMER/minecraft@1.21.11/net.minecraft.client.gui.screens.worldselection.WorldOpenFlows.loadWorldDataBlocking(WorldOpenFlows.java:207) ~[neoforge-21.11.38-beta.jar:?]
	... 24 more
Caused by: java.lang.IllegalStateException: Failed to load registries due to errors
	at TRANSFORMER/minecraft@1.21.11/net.minecraft.resources.RegistryDataLoader.createReportWithBriefInfo(RegistryDataLoader.java:271) ~[neoforge-21.11.38-beta.jar:?]
	... 29 more
[173月2026 00:01:45.166] [Render thread/DEBUG] [net.neoforged.fml.classloading.transformation.ClassTransformStatistics/]: Transformed/total loaded classes: 451/8611 (5.24%) and 187 parsed for mixin
[173月2026 00:01:45.181] [Render thread/INFO] [net.minecraft.client.Minecraft/]: Stopping!
