[173月2026 00:01:13.137] [main/INFO] [net.neoforged.fml.startup.Entrypoint/]: JVM Uptime at startup: 177ms
[173月2026 00:01:13.149] [main/INFO] [net.neoforged.fml.loading.FMLLoader/]: Starting FancyModLoader version 10.0.36 (CLIENT in DEV)
[173月2026 00:01:13.149] [main/INFO] [net.neoforged.fml.loading.FMLLoader/]: Game directory: E:\mod\PochiMod\runs\client
[173月2026 00:01:13.217] [main/INFO] [net.neoforged.fml.loading.EarlyServiceDiscovery/]: Found 2 early service jars (out of 111) in 27ms
[173月2026 00:01:13.218] [main/INFO] [net.neoforged.fml.loading.FMLLoader/]: Loading FML Early Services:
[173月2026 00:01:13.218] [main/INFO] [net.neoforged.fml.loading.FMLLoader/]:  - C:/Users/20171/.gradle/caches/modules-2/files-2.1/net.neoforged.fancymodloader/earlydisplay/10.0.36/dbd0e11d545443f602addede111c39d9639708f9/earlydisplay-10.0.36.jar
[173月2026 00:01:13.219] [main/INFO] [net.neoforged.fml.loading.FMLLoader/]:  - C:/Users/20171/.gradle/caches/modules-2/files-2.1/net.neoforged.fancymodloader/loader/10.0.36/f72ab4d3e755fe736829883d90430a281527aca/loader-10.0.36.jar
[173月2026 00:01:13.225] [main/INFO] [net.neoforged.fml.loading.ImmediateWindowHandler/]: Loading ImmediateWindowProvider fmlearlywindow
[173月2026 00:01:13.919] [ForkJoinPool.commonPool-worker-1/INFO] [net.neoforged.fml.loading.moddiscovery.locators.GameLocator/]: Detected a joined NeoForge and Minecraft configuration. Applying filtering...
[173月2026 00:01:14.080] [ForkJoinPool.commonPool-worker-1/INFO] [net.neoforged.fml.loading.moddiscovery.locators.InDevFolderLocator/CORE]: Got mod coordinates PochiMod%%E:\mod\PochiMod\build\resources\main;PochiMod%%E:\mod\PochiMod\build\classes\java\main from env
[173月2026 00:01:14.179] [fml-loadingscreen/INFO] [net.neoforged.fml.earlydisplay.render.LoadingScreenRenderer/]: GL info: NVIDIA GeForce GTX 1660 Ti/PCIe/SSE2 GL version 3.3.0 NVIDIA 581.57, NVIDIA Corporation
[173月2026 00:01:14.332] [ForkJoinPool.commonPool-worker-1/WARN] [net.neoforged.jarjar.selection.JarSelector/]: Attempted to select a dependency jar for JarJar which was passed in as source: library:mixinextras.neoforge. Using jar(C:/Users/20171/.gradle/caches/modules-2/files-2.1/io.github.llamalad7/mixinextras-neoforge/0.5.0/d734b83ce6542bb70ea31755c1595b88992dbe65/mixinextras-neoforge-0.5.0.jar)
[173月2026 00:01:14.332] [ForkJoinPool.commonPool-worker-1/INFO] [net.neoforged.fml.loading.moddiscovery.locators.JarInJarDependencyLocator/]: Found 1 dependencies adding them to mods collection
[173月2026 00:01:14.334] [ForkJoinPool.commonPool-worker-1/INFO] [net.neoforged.fml.loading.moddiscovery.ModDiscoverer/]: 
     Mod List:
		Name Version (Mod Id)

		Echoes of Eco 0.0.5-1.21.11 (pochimod)
		GeckoLib 5 5.4.2 (geckolib)
		Just Enough Items 27.4.0.15 (jei)
		Minecraft 1.21.11 (minecraft)
		NeoForge 21.11.38-beta (neoforge)
		TerraBlender 21.11.0.0 (terrablender)
[173月2026 00:01:14.677] [main/INFO] [mixin/]: SpongePowered MIXIN Subsystem Version=0.8.7 Source=file:/C:/Users/20171/.gradle/caches/modules-2/files-2.1/net.fabricmc/sponge-mixin/0.16.5+mixin.0.8.7/80fc3a9f592673cea87f4cd702f87991c6c9fe4d/sponge-mixin-0.16.5+mixin.0.8.7.jar Service=FML Env=CLIENT
[173月2026 00:01:14.712] [main/INFO] [net.neoforged.fml.loading.FMLLoader/]: Loading FML Plugins:
[173月2026 00:01:14.713] [main/INFO] [net.neoforged.fml.loading.FMLLoader/]:  - C:/Users/20171/.gradle/caches/modules-2/files-2.1/net.neoforged/neoforge/21.11.38-beta/3425b0afef02d6a90f7204843bd3cb774c48e372/neoforge-21.11.38-beta-universal.jar > net.neoforged.neoforge-coremods-21.11.38-beta.jar
[173月2026 00:01:14.925] [main/INFO] [net.neoforged.fml.loading.FMLLoader/]: Building game content classloader:
 - geckolib (jar(C:/Users/20171/.gradle/caches/modules-2/files-2.1/software.bernie.geckolib/geckolib-neoforge-1.21.11/5.4.2/2b07b44da0d5b8f4f4f19b69d23a96ff30477c3/geckolib-neoforge-1.21.11-5.4.2.jar))
 - jei (jar(C:/Users/20171/.gradle/caches/modules-2/files-2.1/mezz.jei/jei-1.21.11-neoforge/27.4.0.15/33991c003af7eaa7abe610641838256130be3a25/jei-1.21.11-neoforge-27.4.0.15.jar))
 - minecraft (composite(filtered(jar(E:/mod/PochiMod/.gradle/repositories/ng_dummy_ng/net/neoforged/neoforge/21.11.38-beta/neoforge-21.11.38-beta.jar)), filtered(jar(E:/mod/PochiMod/.gradle/repositories/ng_dummy_ng/net/neoforged/neoforge/21.11.38-beta/neoforge-21.11.38-beta.jar))))
 - mixinextras.neoforge (jar(C:/Users/20171/.gradle/caches/modules-2/files-2.1/io.github.llamalad7/mixinextras-neoforge/0.5.0/d734b83ce6542bb70ea31755c1595b88992dbe65/mixinextras-neoforge-0.5.0.jar))
 - neoforge (composite(filtered(jar(C:/Users/20171/.gradle/caches/modules-2/files-2.1/net.neoforged/neoforge/21.11.38-beta/3425b0afef02d6a90f7204843bd3cb774c48e372/neoforge-21.11.38-beta-universal.jar))))
 - net.neoforged.fml.generated (empty(VirtualJar/net.neoforged.fml.generated))
 - pochimod (composite(folder(E:/mod/PochiMod/build/resources/main), folder(E:/mod/PochiMod/build/classes/java/main)))
 - terrablender (jar(C:/Users/20171/.gradle/caches/modules-2/files-2.1/com.github.glitchfiend/TerraBlender-neoforge/1.21.11-21.11.0.0/ecd358337a0e0f2f27b3d2bef2a423691c601388/TerraBlender-neoforge-1.21.11-21.11.0.0.jar))
[173月2026 00:01:14.951] [main/INFO] [net.neoforged.fml.loading.FMLLoader/]: Built game content classloader in 59ms
[173月2026 00:01:15.080] [main/WARN] [mixin/]: Reference map 'terrablender.refmap.json' for terrablender.mixins.json could not be read. If this is a development environment you can ignore this message
[173月2026 00:01:15.081] [main/WARN] [mixin/]: Reference map 'terrablender.refmap.json' for terrablender_neoforge.mixins.json could not be read. If this is a development environment you can ignore this message
[173月2026 00:01:15.082] [main/WARN] [mixin/]: Reference map 'geckolib.refmap.json' for geckolib.mixins.json could not be read. If this is a development environment you can ignore this message
[173月2026 00:01:16.891] [Datafixer Bootstrap/INFO] [com.mojang.datafixers.DataFixerBuilder/]: 290 Datafixer optimizations took 553 milliseconds
[173月2026 00:01:16.984] [pool-11-thread-1/INFO] [MixinExtras|Service/]: Initializing MixinExtras via com.llamalad7.mixinextras.service.MixinExtrasServiceImpl(version=0.5.0).
[173月2026 00:01:23.231] [main/WARN] [net.minecraft.commands.Commands/]: Ambiguity between arguments [teleport, location] and [teleport, destination] with inputs: [0.1 -0.5 .9, 0 0 0]
[173月2026 00:01:23.232] [main/WARN] [net.minecraft.commands.Commands/]: Ambiguity between arguments [teleport, location] and [teleport, targets] with inputs: [0.1 -0.5 .9, 0 0 0]
[173月2026 00:01:23.236] [main/WARN] [net.minecraft.commands.Commands/]: Ambiguity between arguments [teleport, destination] and [teleport, targets] with inputs: [Player, 0123, @e, dd12be42-52a9-4a91-a8a1-11c01849e498]
[173月2026 00:01:23.238] [main/WARN] [net.minecraft.commands.Commands/]: Ambiguity between arguments [teleport, targets] and [teleport, destination] with inputs: [Player, 0123, dd12be42-52a9-4a91-a8a1-11c01849e498]
[173月2026 00:01:23.239] [main/WARN] [net.minecraft.commands.Commands/]: Ambiguity between arguments [teleport, targets, location] and [teleport, targets, destination] with inputs: [0.1 -0.5 .9, 0 0 0]
[173月2026 00:01:23.241] [main/WARN] [net.minecraft.commands.Commands/]: Ambiguity between arguments [waypoint, modify, waypoint, color, reset] and [waypoint, modify, waypoint, color, color] with inputs: [reset]
[173月2026 00:01:23.324] [modloading-worker-0/INFO] [net.neoforged.neoforge.common.NeoForgeMod/NEOFORGE-MOD]: NeoForge mod loading, version 21.11.38-beta, for MC 1.21.11
[173月2026 00:01:23.516] [modloading-worker-0/ERROR] [mezz.jei.common.config.file.ConfigSerializer/]: 'resourceLocationSearchMode' is not a valid config key for config category 'search'.
Valid keys: [modNameSearchMode, tagSearchMode, tooltipSearchMode, colorSearchMode, identifierSearchMode, creativeTabSearchMode, searchAdvancedTooltips, searchModIds, searchModAliases, searchShortModNames, searchIngredientAliases]
Skipping this key.
Config file: E:\mod\PochiMod\runs\client\config\jei\jei-client.ini
Line #177: "	resourceLocationSearchMode = DISABLED"
[173月2026 00:01:23.523] [modloading-worker-0/INFO] [mezz.jei.library.load.PluginCaller/]: Sending ConfigManager...
[173月2026 00:01:23.527] [modloading-worker-0/INFO] [mezz.jei.library.load.PluginCaller/]: Sending ConfigManager took 2.077 milliseconds
[173月2026 00:01:23.660] [modloading-worker-0/INFO] [terrablender/]: Registered region minecraft:overworld to index 0 for type OVERWORLD
[173月2026 00:01:23.661] [modloading-worker-0/INFO] [terrablender/]: Registered region minecraft:nether to index 0 for type NETHER
[173月2026 00:01:23.661] [modloading-worker-0/INFO] [terrablender/]: Registered region pochimod:overworld to index 1 for type OVERWORLD
[173月2026 00:01:23.661] [modloading-worker-0/INFO] [terrablender/]: Registered region pochimod:overworld_rare to index 2 for type OVERWORLD
[173月2026 00:01:24.697] [Render thread/INFO] [com.mojang.authlib.yggdrasil.YggdrasilAuthenticationService/]: Environment: Environment[sessionHost=https://sessionserver.mojang.com, servicesHost=https://api.minecraftservices.com, profilesHost=https://api.mojang.com, name=PROD]
[173月2026 00:01:24.718] [Render thread/INFO] [net.minecraft.client.Minecraft/]: Setting user: Dev
[173月2026 00:01:24.831] [Render thread/INFO] [net.minecraft.client.Minecraft/]: Backend library: LWJGL version 3.3.3+5
[173月2026 00:01:24.987] [Render thread/INFO] [net.minecraft.client.Minecraft/]: Using optional rendering extensions: GL_ARB_buffer_storage, GL_KHR_debug, GL_ARB_vertex_attrib_binding, GL_ARB_direct_state_access, GL_EXT_texture_filter_anisotropic
[173月2026 00:01:25.765] [Render thread/INFO] [net.minecraft.server.packs.resources.ReloadableResourceManager/]: Reloading ResourceManager: vanilla, mod_resources, mod/terrablender, mod/geckolib, mod/neoforge, mod/jei, mod/pochimod
[173月2026 00:01:25.988] [resourceLoad/WARN] [net.minecraft.client.sounds.SoundManager/]: File pochimod:sounds/cicada_hurt.ogg does not exist, cannot add it to event pochimod:cicada_hurt
[173月2026 00:01:25.988] [resourceLoad/WARN] [net.minecraft.client.sounds.SoundManager/]: File pochimod:sounds/cicada_death.ogg does not exist, cannot add it to event pochimod:cicada_death
[173月2026 00:01:26.110] [resourceLoad/WARN] [net.minecraft.client.renderer.texture.SpriteContents/]: Unused frames in sprite pochimod:block/medium_alexandrite_bud: [1, 3, 4, 5, 7, 8, 9, 11, 12, 13, 15, 16, 17, 19, 20, 21, 23, 24, 25, 27, 28, 29]
[173月2026 00:01:26.147] [resourceLoad/INFO] [net.minecraft.client.gui.font.providers.UnihexProvider/]: Found unifont_pua-17.0.01.hex, loading
[173月2026 00:01:26.147] [resourceLoad/INFO] [net.minecraft.client.gui.font.providers.UnihexProvider/]: Found unifont_all_no_pua-17.0.01.hex, loading
[173月2026 00:01:26.180] [resourceLoad/WARN] [net.minecraft.client.renderer.texture.SpriteContents/]: Unused frames in sprite pochimod:block/budding_alexandrite: [1, 3, 4, 5, 7, 8, 9, 11, 12, 13, 15, 16, 17, 19, 20, 21, 23, 24, 25, 27, 28, 29]
[173月2026 00:01:26.227] [resourceLoad/WARN] [net.minecraft.client.renderer.texture.SpriteContents/]: Unused frames in sprite pochimod:block/small_alexandrite_bud: [1, 3, 4, 5, 7, 8, 9, 11, 12, 13, 15, 16, 17, 19, 20, 21, 23, 24, 25, 27, 28, 29]
[173月2026 00:01:26.229] [resourceLoad/WARN] [net.minecraft.client.renderer.texture.SpriteContents/]: Unused frames in sprite pochimod:block/alexandrite_block: [1, 3, 4, 5, 7, 8, 9, 11, 12, 13, 15, 16, 17, 19, 20, 21, 23, 24, 25, 27, 28, 29]
[173月2026 00:01:26.277] [resourceLoad/INFO] [net.minecraft.client.gui.font.providers.UnihexProvider/]: Found unifont_jp_patch-17.0.01.hex, loading
[173月2026 00:01:26.289] [resourceLoad/WARN] [net.minecraft.client.renderer.texture.SpriteContents/]: Unused frames in sprite pochimod:block/large_alexandrite_bud: [1, 3, 4, 5, 7, 8, 9, 11, 12, 13, 15, 16, 17, 19, 20, 21, 23, 24, 25, 27, 28, 29]
[173月2026 00:01:26.305] [resourceLoad/WARN] [net.minecraft.client.renderer.texture.SpriteContents/]: Unused frames in sprite pochimod:block/alexandrite_cluster: [1, 3, 4, 5, 7, 8, 9, 11, 12, 13, 15, 16, 17, 19, 20, 21, 23, 24, 25, 27, 28, 29]
[173月2026 00:01:26.308] [resourceLoad/WARN] [net.minecraft.client.renderer.texture.SpriteLoader/]: Texture pochimod:block/asparagus_stage3 with size 27x27 limits mip level from 4 to 0
[173月2026 00:01:26.308] [resourceLoad/WARN] [net.minecraft.client.renderer.texture.SpriteLoader/]: minecraft:textures/atlas/blocks.png: dropping miplevel from 4 to 0, because of minimum power of two: 1
[173月2026 00:01:27.223] [resourceLoad/WARN] [net.minecraft.client.renderer.block.model.TextureSlots$Resolver/]: Unresolved texture references in pochimod:block/pottery_on_wheel_h9:
	#west-> #all
	#up-> #all
	#north-> #all
	#east-> #all
	#south-> #all
	#down-> #all

[173月2026 00:01:27.223] [resourceLoad/WARN] [net.minecraft.client.renderer.block.model.TextureSlots$Resolver/]: Unresolved texture references in pochimod:block/pottery_on_wheel_h3:
	#west-> #all
	#up-> #all
	#north-> #all
	#east-> #all
	#south-> #all
	#down-> #all

[173月2026 00:01:27.265] [resourceLoad/WARN] [net.minecraft.client.renderer.block.model.TextureSlots$Resolver/]: Unresolved texture references in pochimod:block/pottery_on_wheel_h6:
	#west-> #all
	#up-> #all
	#north-> #all
	#east-> #all
	#south-> #all
	#down-> #all

[173月2026 00:01:27.286] [resourceLoad/WARN] [net.minecraft.client.renderer.block.model.TextureSlots$Resolver/]: Unresolved texture references in pochimod:block/pottery_on_wheel_h4:
	#west-> #all
	#up-> #all
	#north-> #all
	#east-> #all
	#south-> #all
	#down-> #all

[173月2026 00:01:27.294] [resourceLoad/WARN] [net.minecraft.client.renderer.block.model.TextureSlots$Resolver/]: Unresolved texture references in pochimod:block/pottery_on_wheel_h10:
	#west-> #all
	#up-> #all
	#north-> #all
	#east-> #all
	#south-> #all
	#down-> #all

[173月2026 00:01:27.295] [resourceLoad/WARN] [net.minecraft.client.renderer.block.model.TextureSlots$Resolver/]: Unresolved texture references in pochimod:block/pottery_on_wheel_h1:
	#west-> #all
	#up-> #all
	#north-> #all
	#east-> #all
	#south-> #all
	#down-> #all

[173月2026 00:01:27.302] [resourceLoad/WARN] [net.minecraft.client.renderer.block.model.TextureSlots$Resolver/]: Unresolved texture references in pochimod:block/pottery_on_wheel_h5:
	#west-> #all
	#up-> #all
	#north-> #all
	#east-> #all
	#south-> #all
	#down-> #all

[173月2026 00:01:27.324] [resourceLoad/WARN] [net.minecraft.client.renderer.block.model.TextureSlots$Resolver/]: Unresolved texture references in pochimod:block/pottery_on_wheel_h7:
	#west-> #all
	#up-> #all
	#north-> #all
	#east-> #all
	#south-> #all
	#down-> #all

[173月2026 00:01:27.356] [resourceLoad/WARN] [net.minecraft.client.renderer.block.model.TextureSlots$Resolver/]: Unresolved texture references in pochimod:block/pottery_on_wheel_h8:
	#west-> #all
	#up-> #all
	#north-> #all
	#east-> #all
	#south-> #all
	#down-> #all

[173月2026 00:01:27.356] [resourceLoad/WARN] [net.minecraft.client.renderer.block.model.TextureSlots$Resolver/]: Unresolved texture references in pochimod:block/pottery_on_wheel_h2:
	#west-> #all
	#up-> #all
	#north-> #all
	#east-> #all
	#south-> #all
	#down-> #all

[173月2026 00:01:27.535] [resourceLoad/WARN] [net.minecraft.client.resources.model.ModelManager/]: Missing model for variant: 'Block{pochimod:white_grape_juice_cauldron}[level=1]'
[173月2026 00:01:27.535] [resourceLoad/WARN] [net.minecraft.client.resources.model.ModelManager/]: Missing model for variant: 'Block{pochimod:white_grape_juice_cauldron}[level=2]'
[173月2026 00:01:27.535] [resourceLoad/WARN] [net.minecraft.client.resources.model.ModelManager/]: Missing model for variant: 'Block{pochimod:white_grape_juice_cauldron}[level=3]'
[173月2026 00:01:27.535] [resourceLoad/WARN] [net.minecraft.client.resources.model.ModelManager/]: Missing model for variant: 'Block{pochimod:white_grape_juice_cauldron}[level=4]'
[173月2026 00:01:27.536] [resourceLoad/WARN] [net.minecraft.client.resources.model.ModelManager/]: Missing model for variant: 'Block{pochimod:white_grape_juice_cauldron}[level=5]'
[173月2026 00:01:27.536] [resourceLoad/WARN] [net.minecraft.client.resources.model.ModelManager/]: Missing model for variant: 'Block{pochimod:white_grape_juice_cauldron}[level=6]'
[173月2026 00:01:27.536] [resourceLoad/WARN] [net.minecraft.client.resources.model.ModelManager/]: Missing model for variant: 'Block{pochimod:white_grape_juice_cauldron}[level=7]'
[173月2026 00:01:27.536] [resourceLoad/WARN] [net.minecraft.client.resources.model.ModelManager/]: Missing model for variant: 'Block{pochimod:white_grape_juice_cauldron}[level=8]'
[173月2026 00:01:27.536] [resourceLoad/WARN] [net.minecraft.client.resources.model.ModelManager/]: Missing model for variant: 'Block{pochimod:white_grape_juice_cauldron}[level=9]'
[173月2026 00:01:27.536] [resourceLoad/WARN] [net.minecraft.client.resources.model.ModelManager/]: Missing model for variant: 'Block{pochimod:white_grape_juice_cauldron}[level=10]'
[173月2026 00:01:27.536] [resourceLoad/WARN] [net.minecraft.client.resources.model.ModelManager/]: Missing model for variant: 'Block{pochimod:white_grape_juice_cauldron}[level=11]'
[173月2026 00:01:27.536] [resourceLoad/WARN] [net.minecraft.client.resources.model.ModelManager/]: Missing model for variant: 'Block{pochimod:white_grape_juice_cauldron}[level=12]'
[173月2026 00:01:27.536] [resourceLoad/WARN] [net.minecraft.client.resources.model.ModelManager/]: Missing model for variant: 'Block{pochimod:potters_wheel}'
[173月2026 00:01:27.536] [resourceLoad/WARN] [net.minecraft.client.resources.model.ModelManager/]: Missing model for variant: 'Block{pochimod:bubble}'
[173月2026 00:01:27.917] [Render thread/ERROR] [net.minecraft.client.sounds.SoundManager/]: Missing subtitle translation{key='sounds.pochimod.cicada_hurt', args=[]} for sound event: pochimod:cicada_hurt
[173月2026 00:01:27.918] [Render thread/ERROR] [net.minecraft.client.sounds.SoundManager/]: Missing subtitle translation{key='sounds.pochimod.cicada_death', args=[]} for sound event: pochimod:cicada_death
[173月2026 00:01:27.918] [Render thread/ERROR] [net.minecraft.client.sounds.SoundManager/]: Missing subtitle translation{key='sounds.pochimod.cicada_ambient', args=[]} for sound event: pochimod:cicada_ambient
[173月2026 00:01:27.945] [Render thread/INFO] [com.mojang.blaze3d.audio.Library/]: OpenAL initialized on device OpenAL Soft on Line (MG-XU)
[173月2026 00:01:27.945] [Render thread/INFO] [net.minecraft.client.sounds.SoundEngine/SOUNDS]: Sound engine started
[173月2026 00:01:27.946] [Render thread/INFO] [net.minecraft.client.renderer.texture.TextureAtlas/]: Created: 512x256x0 minecraft:textures/atlas/particles.png-atlas
[173月2026 00:01:27.968] [Render thread/INFO] [net.minecraft.client.renderer.texture.TextureAtlas/]: Created: 128x128x0 minecraft:textures/atlas/decorated_pot.png-atlas
[173月2026 00:01:27.973] [Render thread/INFO] [net.minecraft.client.renderer.texture.TextureAtlas/]: Created: 2048x1024x0 minecraft:textures/atlas/armor_trims.png-atlas
[173月2026 00:01:27.991] [Render thread/INFO] [net.minecraft.client.renderer.texture.TextureAtlas/]: Created: 512x256x0 minecraft:textures/atlas/paintings.png-atlas
[173月2026 00:01:28.008] [Render thread/INFO] [net.minecraft.client.renderer.texture.TextureAtlas/]: Created: 1024x512x0 minecraft:textures/atlas/shield_patterns.png-atlas
[173月2026 00:01:28.011] [Render thread/INFO] [net.minecraft.client.renderer.texture.TextureAtlas/]: Created: 1024x1024x0 minecraft:textures/atlas/blocks.png-atlas
[173月2026 00:01:28.070] [Render thread/INFO] [net.minecraft.client.renderer.texture.TextureAtlas/]: Created: 512x512x0 minecraft:textures/atlas/chest.png-atlas
[173月2026 00:01:28.089] [Render thread/INFO] [net.minecraft.client.renderer.texture.TextureAtlas/]: Created: 256x128x0 minecraft:textures/atlas/celestials.png-atlas
[173月2026 00:01:28.091] [Render thread/INFO] [net.minecraft.client.renderer.texture.TextureAtlas/]: Created: 1024x512x0 minecraft:textures/atlas/banner_patterns.png-atlas
[173月2026 00:01:28.092] [Render thread/INFO] [net.minecraft.client.renderer.texture.TextureAtlas/]: Created: 512x512x0 minecraft:textures/atlas/beds.png-atlas
[173月2026 00:01:28.099] [Render thread/INFO] [net.minecraft.client.renderer.texture.TextureAtlas/]: Created: 1024x1024x0 minecraft:textures/atlas/items.png-atlas
[173月2026 00:01:28.122] [Render thread/INFO] [net.minecraft.client.renderer.texture.TextureAtlas/]: Created: 1024x1024x0 minecraft:textures/atlas/gui.png-atlas
[173月2026 00:01:28.154] [Render thread/INFO] [net.minecraft.client.renderer.texture.TextureAtlas/]: Created: 128x64x0 minecraft:textures/atlas/map_decorations.png-atlas
[173月2026 00:01:28.163] [Render thread/INFO] [net.minecraft.client.renderer.texture.TextureAtlas/]: Created: 512x256x0 minecraft:textures/atlas/signs.png-atlas
[173月2026 00:01:28.163] [Render thread/INFO] [net.minecraft.client.renderer.texture.TextureAtlas/]: Created: 512x512x0 minecraft:textures/atlas/shulker_boxes.png-atlas
[173月2026 00:01:28.311] [Render thread/WARN] [net.minecraft.client.resources.model.ModelManager/]: No model loaded for default item model ID pochimod:mineral_sword of pochimod:mineral_sword
[173月2026 00:01:28.311] [Render thread/WARN] [net.minecraft.client.resources.model.ModelManager/]: No model loaded for default item model ID pochimod:mineral_pickaxe of pochimod:mineral_pickaxe
[173月2026 00:01:28.311] [Render thread/WARN] [net.minecraft.client.resources.model.ModelManager/]: No model loaded for default item model ID pochimod:mineral_shovel of pochimod:mineral_shovel
[173月2026 00:01:28.311] [Render thread/WARN] [net.minecraft.client.resources.model.ModelManager/]: No model loaded for default item model ID pochimod:mineral_axe of pochimod:mineral_axe
[173月2026 00:01:28.311] [Render thread/WARN] [net.minecraft.client.resources.model.ModelManager/]: No model loaded for default item model ID pochimod:mineral_helmet of pochimod:mineral_helmet
[173月2026 00:01:28.311] [Render thread/WARN] [net.minecraft.client.resources.model.ModelManager/]: No model loaded for default item model ID pochimod:mineral_chestplate of pochimod:mineral_chestplate
[173月2026 00:01:28.311] [Render thread/WARN] [net.minecraft.client.resources.model.ModelManager/]: No model loaded for default item model ID pochimod:mineral_leggings of pochimod:mineral_leggings
[173月2026 00:01:28.311] [Render thread/WARN] [net.minecraft.client.resources.model.ModelManager/]: No model loaded for default item model ID pochimod:mineral_boots of pochimod:mineral_boots
[173月2026 00:01:28.311] [Render thread/WARN] [net.minecraft.client.resources.model.ModelManager/]: No model loaded for default item model ID pochimod:mineral_ring of pochimod:mineral_ring
[173月2026 00:01:28.311] [Render thread/WARN] [net.minecraft.client.resources.model.ModelManager/]: No model loaded for default item model ID pochimod:mineral_chunk of pochimod:mineral_chunk
[173月2026 00:01:28.311] [Render thread/WARN] [net.minecraft.client.resources.model.ModelManager/]: No model loaded for default item model ID pochimod:river_brush of pochimod:river_brush
[173月2026 00:01:28.311] [Render thread/WARN] [net.minecraft.client.resources.model.ModelManager/]: No model loaded for default item model ID pochimod:compost of pochimod:compost
[173月2026 00:01:28.311] [Render thread/WARN] [net.minecraft.client.resources.model.ModelManager/]: No model loaded for default item model ID pochimod:baked_alum of pochimod:baked_alum
[173月2026 00:01:28.312] [Render thread/WARN] [net.minecraft.client.resources.model.ModelManager/]: No model loaded for default item model ID pochimod:dragonfly_wings of pochimod:dragonfly_wings
[173月2026 00:01:28.312] [Render thread/WARN] [net.minecraft.client.resources.model.ModelManager/]: No model loaded for default item model ID pochimod:salt of pochimod:salt
[173月2026 00:01:28.312] [Render thread/WARN] [net.minecraft.client.resources.model.ModelManager/]: No model loaded for default item model ID pochimod:habu of pochimod:habu
[173月2026 00:01:28.312] [Render thread/WARN] [net.minecraft.client.resources.model.ModelManager/]: No model loaded for default item model ID pochimod:fly_boat of pochimod:fly_boat
[173月2026 00:01:28.312] [Render thread/WARN] [net.minecraft.client.resources.model.ModelManager/]: No model loaded for default item model ID pochimod:fly_chest_boat of pochimod:fly_chest_boat
[173月2026 00:01:28.312] [Render thread/WARN] [net.minecraft.client.resources.model.ModelManager/]: No model loaded for default item model ID pochimod:chromite_ingot of pochimod:chromite_ingot
[173月2026 00:01:28.312] [Render thread/WARN] [net.minecraft.client.resources.model.ModelManager/]: No model loaded for default item model ID pochimod:aluminium_ingot of pochimod:aluminium_ingot
[173月2026 00:01:28.312] [Render thread/WARN] [net.minecraft.client.resources.model.ModelManager/]: No model loaded for default item model ID pochimod:titanium_ingot of pochimod:titanium_ingot
[173月2026 00:01:28.312] [Render thread/WARN] [net.minecraft.client.resources.model.ModelManager/]: No model loaded for default item model ID pochimod:magunesium_ingot of pochimod:magunesium_ingot
[173月2026 00:01:28.312] [Render thread/WARN] [net.minecraft.client.resources.model.ModelManager/]: No model loaded for default item model ID pochimod:vanadium_ingot of pochimod:vanadium_ingot
[173月2026 00:01:28.312] [Render thread/WARN] [net.minecraft.client.resources.model.ModelManager/]: No model loaded for default item model ID pochimod:stainless of pochimod:stainless
[173月2026 00:01:28.312] [Render thread/WARN] [net.minecraft.client.resources.model.ModelManager/]: No model loaded for default item model ID pochimod:duralumin of pochimod:duralumin
[173月2026 00:01:28.312] [Render thread/WARN] [net.minecraft.client.resources.model.ModelManager/]: No model loaded for default item model ID pochimod:titan_alloy of pochimod:titan_alloy
[173月2026 00:01:28.312] [Render thread/WARN] [net.minecraft.client.resources.model.ModelManager/]: No model loaded for default item model ID pochimod:electron of pochimod:electron
[173月2026 00:01:28.312] [Render thread/WARN] [net.minecraft.client.resources.model.ModelManager/]: No model loaded for default item model ID pochimod:vanadium_alloy of pochimod:vanadium_alloy
[173月2026 00:01:28.312] [Render thread/WARN] [net.minecraft.client.resources.model.ModelManager/]: No model loaded for default item model ID pochimod:row_chromite of pochimod:row_chromite
[173月2026 00:01:28.312] [Render thread/WARN] [net.minecraft.client.resources.model.ModelManager/]: No model loaded for default item model ID pochimod:row_fluorite of pochimod:row_fluorite
[173月2026 00:01:28.312] [Render thread/WARN] [net.minecraft.client.resources.model.ModelManager/]: No model loaded for default item model ID pochimod:row_alunite of pochimod:row_alunite
[173月2026 00:01:28.312] [Render thread/WARN] [net.minecraft.client.resources.model.ModelManager/]: No model loaded for default item model ID pochimod:row_bauxite of pochimod:row_bauxite
[173月2026 00:01:28.312] [Render thread/WARN] [net.minecraft.client.resources.model.ModelManager/]: No model loaded for default item model ID pochimod:row_titanium of pochimod:row_titanium
[173月2026 00:01:28.312] [Render thread/WARN] [net.minecraft.client.resources.model.ModelManager/]: No model loaded for default item model ID pochimod:row_magunesium of pochimod:row_magunesium
[173月2026 00:01:28.312] [Render thread/WARN] [net.minecraft.client.resources.model.ModelManager/]: No model loaded for default item model ID pochimod:row_vanadium of pochimod:row_vanadium
[173月2026 00:01:28.313] [Render thread/WARN] [net.minecraft.client.resources.model.ModelManager/]: No model loaded for default item model ID pochimod:hammer_head of pochimod:hammer_head
[173月2026 00:01:28.313] [Render thread/WARN] [net.minecraft.client.resources.model.ModelManager/]: No model loaded for default item model ID pochimod:hammer_head_pickaxe of pochimod:hammer_head_pickaxe
[173月2026 00:01:28.313] [Render thread/WARN] [net.minecraft.client.resources.model.ModelManager/]: No model loaded for default item model ID pochimod:chromite_sword of pochimod:chromite_sword
[173月2026 00:01:28.313] [Render thread/WARN] [net.minecraft.client.resources.model.ModelManager/]: No model loaded for default item model ID pochimod:chromite_pickaxe of pochimod:chromite_pickaxe
[173月2026 00:01:28.313] [Render thread/WARN] [net.minecraft.client.resources.model.ModelManager/]: No model loaded for default item model ID pochimod:chromite_shovel of pochimod:chromite_shovel
[173月2026 00:01:28.313] [Render thread/WARN] [net.minecraft.client.resources.model.ModelManager/]: No model loaded for default item model ID pochimod:chromite_axe of pochimod:chromite_axe
[173月2026 00:01:28.313] [Render thread/WARN] [net.minecraft.client.resources.model.ModelManager/]: No model loaded for default item model ID pochimod:chromite_hoe of pochimod:chromite_hoe
[173月2026 00:01:28.313] [Render thread/WARN] [net.minecraft.client.resources.model.ModelManager/]: No model loaded for default item model ID pochimod:fluorite_sword of pochimod:fluorite_sword
[173月2026 00:01:28.313] [Render thread/WARN] [net.minecraft.client.resources.model.ModelManager/]: No model loaded for default item model ID pochimod:fluorite_pickaxe of pochimod:fluorite_pickaxe
[173月2026 00:01:28.313] [Render thread/WARN] [net.minecraft.client.resources.model.ModelManager/]: No model loaded for default item model ID pochimod:fluorite_shovel of pochimod:fluorite_shovel
[173月2026 00:01:28.313] [Render thread/WARN] [net.minecraft.client.resources.model.ModelManager/]: No model loaded for default item model ID pochimod:fluorite_axe of pochimod:fluorite_axe
[173月2026 00:01:28.313] [Render thread/WARN] [net.minecraft.client.resources.model.ModelManager/]: No model loaded for default item model ID pochimod:fluorite_hoe of pochimod:fluorite_hoe
[173月2026 00:01:28.313] [Render thread/WARN] [net.minecraft.client.resources.model.ModelManager/]: No model loaded for default item model ID pochimod:alunite_sword of pochimod:alunite_sword
[173月2026 00:01:28.313] [Render thread/WARN] [net.minecraft.client.resources.model.ModelManager/]: No model loaded for default item model ID pochimod:alunite_pickaxe of pochimod:alunite_pickaxe
[173月2026 00:01:28.313] [Render thread/WARN] [net.minecraft.client.resources.model.ModelManager/]: No model loaded for default item model ID pochimod:alunite_shovel of pochimod:alunite_shovel
[173月2026 00:01:28.313] [Render thread/WARN] [net.minecraft.client.resources.model.ModelManager/]: No model loaded for default item model ID pochimod:alunite_axe of pochimod:alunite_axe
[173月2026 00:01:28.313] [Render thread/WARN] [net.minecraft.client.resources.model.ModelManager/]: No model loaded for default item model ID pochimod:alunite_hoe of pochimod:alunite_hoe
[173月2026 00:01:28.314] [Render thread/WARN] [net.minecraft.client.resources.model.ModelManager/]: No model loaded for default item model ID pochimod:stainless_sword of pochimod:stainless_sword
[173月2026 00:01:28.314] [Render thread/WARN] [net.minecraft.client.resources.model.ModelManager/]: No model loaded for default item model ID pochimod:stainless_pickaxe of pochimod:stainless_pickaxe
[173月2026 00:01:28.314] [Render thread/WARN] [net.minecraft.client.resources.model.ModelManager/]: No model loaded for default item model ID pochimod:stainless_shovel of pochimod:stainless_shovel
[173月2026 00:01:28.314] [Render thread/WARN] [net.minecraft.client.resources.model.ModelManager/]: No model loaded for default item model ID pochimod:stainless_axe of pochimod:stainless_axe
[173月2026 00:01:28.314] [Render thread/WARN] [net.minecraft.client.resources.model.ModelManager/]: No model loaded for default item model ID pochimod:stainless_hoe of pochimod:stainless_hoe
[173月2026 00:01:28.314] [Render thread/WARN] [net.minecraft.client.resources.model.ModelManager/]: No model loaded for default item model ID pochimod:aluminium_sword of pochimod:aluminium_sword
[173月2026 00:01:28.314] [Render thread/WARN] [net.minecraft.client.resources.model.ModelManager/]: No model loaded for default item model ID pochimod:aluminium_pickaxe of pochimod:aluminium_pickaxe
[173月2026 00:01:28.314] [Render thread/WARN] [net.minecraft.client.resources.model.ModelManager/]: No model loaded for default item model ID pochimod:aluminium_shovel of pochimod:aluminium_shovel
[173月2026 00:01:28.314] [Render thread/WARN] [net.minecraft.client.resources.model.ModelManager/]: No model loaded for default item model ID pochimod:aluminium_axe of pochimod:aluminium_axe
[173月2026 00:01:28.314] [Render thread/WARN] [net.minecraft.client.resources.model.ModelManager/]: No model loaded for default item model ID pochimod:aluminium_hoe of pochimod:aluminium_hoe
[173月2026 00:01:28.314] [Render thread/WARN] [net.minecraft.client.resources.model.ModelManager/]: No model loaded for default item model ID pochimod:titanium_sword of pochimod:titanium_sword
[173月2026 00:01:28.314] [Render thread/WARN] [net.minecraft.client.resources.model.ModelManager/]: No model loaded for default item model ID pochimod:titanium_pickaxe of pochimod:titanium_pickaxe
[173月2026 00:01:28.314] [Render thread/WARN] [net.minecraft.client.resources.model.ModelManager/]: No model loaded for default item model ID pochimod:titanium_shovel of pochimod:titanium_shovel
[173月2026 00:01:28.314] [Render thread/WARN] [net.minecraft.client.resources.model.ModelManager/]: No model loaded for default item model ID pochimod:titanium_axe of pochimod:titanium_axe
[173月2026 00:01:28.314] [Render thread/WARN] [net.minecraft.client.resources.model.ModelManager/]: No model loaded for default item model ID pochimod:titanium_hoe of pochimod:titanium_hoe
[173月2026 00:01:28.314] [Render thread/WARN] [net.minecraft.client.resources.model.ModelManager/]: No model loaded for default item model ID pochimod:magunesium_sword of pochimod:magunesium_sword
[173月2026 00:01:28.314] [Render thread/WARN] [net.minecraft.client.resources.model.ModelManager/]: No model loaded for default item model ID pochimod:magunesium_pickaxe of pochimod:magunesium_pickaxe
[173月2026 00:01:28.314] [Render thread/WARN] [net.minecraft.client.resources.model.ModelManager/]: No model loaded for default item model ID pochimod:magunesium_shovel of pochimod:magunesium_shovel
[173月2026 00:01:28.315] [Render thread/WARN] [net.minecraft.client.resources.model.ModelManager/]: No model loaded for default item model ID pochimod:magunesium_axe of pochimod:magunesium_axe
[173月2026 00:01:28.315] [Render thread/WARN] [net.minecraft.client.resources.model.ModelManager/]: No model loaded for default item model ID pochimod:magunesium_hoe of pochimod:magunesium_hoe
[173月2026 00:01:28.315] [Render thread/WARN] [net.minecraft.client.resources.model.ModelManager/]: No model loaded for default item model ID pochimod:vanadium_sword of pochimod:vanadium_sword
[173月2026 00:01:28.315] [Render thread/WARN] [net.minecraft.client.resources.model.ModelManager/]: No model loaded for default item model ID pochimod:vanadium_pickaxe of pochimod:vanadium_pickaxe
[173月2026 00:01:28.315] [Render thread/WARN] [net.minecraft.client.resources.model.ModelManager/]: No model loaded for default item model ID pochimod:vanadium_shovel of pochimod:vanadium_shovel
[173月2026 00:01:28.315] [Render thread/WARN] [net.minecraft.client.resources.model.ModelManager/]: No model loaded for default item model ID pochimod:vanadium_axe of pochimod:vanadium_axe
[173月2026 00:01:28.315] [Render thread/WARN] [net.minecraft.client.resources.model.ModelManager/]: No model loaded for default item model ID pochimod:vanadium_hoe of pochimod:vanadium_hoe
[173月2026 00:01:28.315] [Render thread/WARN] [net.minecraft.client.resources.model.ModelManager/]: No model loaded for default item model ID pochimod:duralumin_sword of pochimod:duralumin_sword
[173月2026 00:01:28.315] [Render thread/WARN] [net.minecraft.client.resources.model.ModelManager/]: No model loaded for default item model ID pochimod:duralumin_pickaxe of pochimod:duralumin_pickaxe
[173月2026 00:01:28.315] [Render thread/WARN] [net.minecraft.client.resources.model.ModelManager/]: No model loaded for default item model ID pochimod:duralumin_shovel of pochimod:duralumin_shovel
[173月2026 00:01:28.315] [Render thread/WARN] [net.minecraft.client.resources.model.ModelManager/]: No model loaded for default item model ID pochimod:duralumin_axe of pochimod:duralumin_axe
[173月2026 00:01:28.315] [Render thread/WARN] [net.minecraft.client.resources.model.ModelManager/]: No model loaded for default item model ID pochimod:duralumin_hoe of pochimod:duralumin_hoe
[173月2026 00:01:28.315] [Render thread/WARN] [net.minecraft.client.resources.model.ModelManager/]: No model loaded for default item model ID pochimod:titan_alloy_sword of pochimod:titan_alloy_sword
[173月2026 00:01:28.315] [Render thread/WARN] [net.minecraft.client.resources.model.ModelManager/]: No model loaded for default item model ID pochimod:titan_alloy_pickaxe of pochimod:titan_alloy_pickaxe
[173月2026 00:01:28.315] [Render thread/WARN] [net.minecraft.client.resources.model.ModelManager/]: No model loaded for default item model ID pochimod:titan_alloy_shovel of pochimod:titan_alloy_shovel
[173月2026 00:01:28.315] [Render thread/WARN] [net.minecraft.client.resources.model.ModelManager/]: No model loaded for default item model ID pochimod:titan_alloy_axe of pochimod:titan_alloy_axe
[173月2026 00:01:28.315] [Render thread/WARN] [net.minecraft.client.resources.model.ModelManager/]: No model loaded for default item model ID pochimod:titan_alloy_hoe of pochimod:titan_alloy_hoe
[173月2026 00:01:28.315] [Render thread/WARN] [net.minecraft.client.resources.model.ModelManager/]: No model loaded for default item model ID pochimod:electron_sword of pochimod:electron_sword
[173月2026 00:01:28.315] [Render thread/WARN] [net.minecraft.client.resources.model.ModelManager/]: No model loaded for default item model ID pochimod:electron_pickaxe of pochimod:electron_pickaxe
[173月2026 00:01:28.315] [Render thread/WARN] [net.minecraft.client.resources.model.ModelManager/]: No model loaded for default item model ID pochimod:electron_shovel of pochimod:electron_shovel
[173月2026 00:01:28.315] [Render thread/WARN] [net.minecraft.client.resources.model.ModelManager/]: No model loaded for default item model ID pochimod:electron_axe of pochimod:electron_axe
[173月2026 00:01:28.315] [Render thread/WARN] [net.minecraft.client.resources.model.ModelManager/]: No model loaded for default item model ID pochimod:electron_hoe of pochimod:electron_hoe
[173月2026 00:01:28.315] [Render thread/WARN] [net.minecraft.client.resources.model.ModelManager/]: No model loaded for default item model ID pochimod:vanadium_alloy_sword of pochimod:vanadium_alloy_sword
[173月2026 00:01:28.315] [Render thread/WARN] [net.minecraft.client.resources.model.ModelManager/]: No model loaded for default item model ID pochimod:vanadium_alloy_pickaxe of pochimod:vanadium_alloy_pickaxe
[173月2026 00:01:28.316] [Render thread/WARN] [net.minecraft.client.resources.model.ModelManager/]: No model loaded for default item model ID pochimod:vanadium_alloy_shovel of pochimod:vanadium_alloy_shovel
[173月2026 00:01:28.316] [Render thread/WARN] [net.minecraft.client.resources.model.ModelManager/]: No model loaded for default item model ID pochimod:vanadium_alloy_axe of pochimod:vanadium_alloy_axe
[173月2026 00:01:28.316] [Render thread/WARN] [net.minecraft.client.resources.model.ModelManager/]: No model loaded for default item model ID pochimod:vanadium_alloy_hoe of pochimod:vanadium_alloy_hoe
[173月2026 00:01:28.316] [Render thread/WARN] [net.minecraft.client.resources.model.ModelManager/]: No model loaded for default item model ID pochimod:crocodile_jaw_chain of pochimod:crocodile_jaw_chain
[173月2026 00:01:28.316] [Render thread/WARN] [net.minecraft.client.resources.model.ModelManager/]: No model loaded for default item model ID pochimod:lunar_claw_blade of pochimod:lunar_claw_blade
[173月2026 00:01:28.316] [Render thread/WARN] [net.minecraft.client.resources.model.ModelManager/]: No model loaded for default item model ID pochimod:flower_staff of pochimod:flower_staff
[173月2026 00:01:28.316] [Render thread/WARN] [net.minecraft.client.resources.model.ModelManager/]: No model loaded for default item model ID pochimod:clione_staff of pochimod:clione_staff
[173月2026 00:01:28.316] [Render thread/WARN] [net.minecraft.client.resources.model.ModelManager/]: No model loaded for default item model ID pochimod:shield_cast of pochimod:shield_cast
[173月2026 00:01:28.316] [Render thread/WARN] [net.minecraft.client.resources.model.ModelManager/]: No model loaded for default item model ID pochimod:reversal of pochimod:reversal
[173月2026 00:01:28.316] [Render thread/WARN] [net.minecraft.client.resources.model.ModelManager/]: No model loaded for default item model ID pochimod:golem_summon of pochimod:golem_summon
[173月2026 00:01:28.316] [Render thread/WARN] [net.minecraft.client.resources.model.ModelManager/]: No model loaded for default item model ID pochimod:ender_spell of pochimod:ender_spell
[173月2026 00:01:28.316] [Render thread/WARN] [net.minecraft.client.resources.model.ModelManager/]: No model loaded for default item model ID pochimod:soul_spell of pochimod:soul_spell
[173月2026 00:01:28.316] [Render thread/WARN] [net.minecraft.client.resources.model.ModelManager/]: No model loaded for default item model ID pochimod:hook_shot of pochimod:hook_shot
[173月2026 00:01:28.316] [Render thread/WARN] [net.minecraft.client.resources.model.ModelManager/]: No model loaded for default item model ID pochimod:grappling of pochimod:grappling
[173月2026 00:01:28.316] [Render thread/WARN] [net.minecraft.client.resources.model.ModelManager/]: No model loaded for default item model ID pochimod:tonbokiri of pochimod:tonbokiri
[173月2026 00:01:28.316] [Render thread/WARN] [net.minecraft.client.resources.model.ModelManager/]: No model loaded for default item model ID pochimod:mantis_grab of pochimod:mantis_grab
[173月2026 00:01:28.316] [Render thread/WARN] [net.minecraft.client.resources.model.ModelManager/]: No model loaded for default item model ID pochimod:pickaxe_rod of pochimod:pickaxe_rod
[173月2026 00:01:28.316] [Render thread/WARN] [net.minecraft.client.resources.model.ModelManager/]: No model loaded for default item model ID pochimod:pickaxe_stick of pochimod:pickaxe_stick
[173月2026 00:01:28.316] [Render thread/WARN] [net.minecraft.client.resources.model.ModelManager/]: No model loaded for default item model ID pochimod:wooden_net of pochimod:wooden_net
[173月2026 00:01:28.316] [Render thread/WARN] [net.minecraft.client.resources.model.ModelManager/]: No model loaded for default item model ID pochimod:iron_net of pochimod:iron_net
[173月2026 00:01:28.316] [Render thread/WARN] [net.minecraft.client.resources.model.ModelManager/]: No model loaded for default item model ID pochimod:diamond_net of pochimod:diamond_net
[173月2026 00:01:28.317] [Render thread/WARN] [net.minecraft.client.resources.model.ModelManager/]: No model loaded for default item model ID pochimod:chromite_helmet of pochimod:chromite_helmet
[173月2026 00:01:28.317] [Render thread/WARN] [net.minecraft.client.resources.model.ModelManager/]: No model loaded for default item model ID pochimod:chromite_chestplate of pochimod:chromite_chestplate
[173月2026 00:01:28.317] [Render thread/WARN] [net.minecraft.client.resources.model.ModelManager/]: No model loaded for default item model ID pochimod:chromite_leggings of pochimod:chromite_leggings
[173月2026 00:01:28.317] [Render thread/WARN] [net.minecraft.client.resources.model.ModelManager/]: No model loaded for default item model ID pochimod:chromite_boots of pochimod:chromite_boots
[173月2026 00:01:28.317] [Render thread/WARN] [net.minecraft.client.resources.model.ModelManager/]: No model loaded for default item model ID pochimod:fluorite_helmet of pochimod:fluorite_helmet
[173月2026 00:01:28.317] [Render thread/WARN] [net.minecraft.client.resources.model.ModelManager/]: No model loaded for default item model ID pochimod:fluorite_chestplate of pochimod:fluorite_chestplate
[173月2026 00:01:28.317] [Render thread/WARN] [net.minecraft.client.resources.model.ModelManager/]: No model loaded for default item model ID pochimod:fluorite_leggings of pochimod:fluorite_leggings
[173月2026 00:01:28.317] [Render thread/WARN] [net.minecraft.client.resources.model.ModelManager/]: No model loaded for default item model ID pochimod:fluorite_boots of pochimod:fluorite_boots
[173月2026 00:01:28.317] [Render thread/WARN] [net.minecraft.client.resources.model.ModelManager/]: No model loaded for default item model ID pochimod:stainless_helmet of pochimod:stainless_helmet
[173月2026 00:01:28.317] [Render thread/WARN] [net.minecraft.client.resources.model.ModelManager/]: No model loaded for default item model ID pochimod:stainless_chestplate of pochimod:stainless_chestplate
[173月2026 00:01:28.317] [Render thread/WARN] [net.minecraft.client.resources.model.ModelManager/]: No model loaded for default item model ID pochimod:stainless_leggings of pochimod:stainless_leggings
[173月2026 00:01:28.317] [Render thread/WARN] [net.minecraft.client.resources.model.ModelManager/]: No model loaded for default item model ID pochimod:stainless_boots of pochimod:stainless_boots
[173月2026 00:01:28.317] [Render thread/WARN] [net.minecraft.client.resources.model.ModelManager/]: No model loaded for default item model ID pochimod:aluminium_helmet of pochimod:aluminium_helmet
[173月2026 00:01:28.317] [Render thread/WARN] [net.minecraft.client.resources.model.ModelManager/]: No model loaded for default item model ID pochimod:aluminium_chestplate of pochimod:aluminium_chestplate
[173月2026 00:01:28.317] [Render thread/WARN] [net.minecraft.client.resources.model.ModelManager/]: No model loaded for default item model ID pochimod:aluminium_leggings of pochimod:aluminium_leggings
[173月2026 00:01:28.317] [Render thread/WARN] [net.minecraft.client.resources.model.ModelManager/]: No model loaded for default item model ID pochimod:aluminium_boots of pochimod:aluminium_boots
[173月2026 00:01:28.317] [Render thread/WARN] [net.minecraft.client.resources.model.ModelManager/]: No model loaded for default item model ID pochimod:titanium_helmet of pochimod:titanium_helmet
[173月2026 00:01:28.317] [Render thread/WARN] [net.minecraft.client.resources.model.ModelManager/]: No model loaded for default item model ID pochimod:titanium_chestplate of pochimod:titanium_chestplate
[173月2026 00:01:28.317] [Render thread/WARN] [net.minecraft.client.resources.model.ModelManager/]: No model loaded for default item model ID pochimod:titanium_leggings of pochimod:titanium_leggings
[173月2026 00:01:28.317] [Render thread/WARN] [net.minecraft.client.resources.model.ModelManager/]: No model loaded for default item model ID pochimod:titanium_boots of pochimod:titanium_boots
[173月2026 00:01:28.318] [Render thread/WARN] [net.minecraft.client.resources.model.ModelManager/]: No model loaded for default item model ID pochimod:magunesium_helmet of pochimod:magunesium_helmet
[173月2026 00:01:28.318] [Render thread/WARN] [net.minecraft.client.resources.model.ModelManager/]: No model loaded for default item model ID pochimod:magunesium_chestplate of pochimod:magunesium_chestplate
[173月2026 00:01:28.318] [Render thread/WARN] [net.minecraft.client.resources.model.ModelManager/]: No model loaded for default item model ID pochimod:magunesium_leggings of pochimod:magunesium_leggings
[173月2026 00:01:28.318] [Render thread/WARN] [net.minecraft.client.resources.model.ModelManager/]: No model loaded for default item model ID pochimod:magunesium_boots of pochimod:magunesium_boots
[173月2026 00:01:28.318] [Render thread/WARN] [net.minecraft.client.resources.model.ModelManager/]: No model loaded for default item model ID pochimod:vanadium_helmet of pochimod:vanadium_helmet
[173月2026 00:01:28.318] [Render thread/WARN] [net.minecraft.client.resources.model.ModelManager/]: No model loaded for default item model ID pochimod:vanadium_chestplate of pochimod:vanadium_chestplate
[173月2026 00:01:28.318] [Render thread/WARN] [net.minecraft.client.resources.model.ModelManager/]: No model loaded for default item model ID pochimod:vanadium_leggings of pochimod:vanadium_leggings
[173月2026 00:01:28.318] [Render thread/WARN] [net.minecraft.client.resources.model.ModelManager/]: No model loaded for default item model ID pochimod:vanadium_boots of pochimod:vanadium_boots
[173月2026 00:01:28.318] [Render thread/WARN] [net.minecraft.client.resources.model.ModelManager/]: No model loaded for default item model ID pochimod:duralumin_helmet of pochimod:duralumin_helmet
[173月2026 00:01:28.318] [Render thread/WARN] [net.minecraft.client.resources.model.ModelManager/]: No model loaded for default item model ID pochimod:duralumin_chestplate of pochimod:duralumin_chestplate
[173月2026 00:01:28.318] [Render thread/WARN] [net.minecraft.client.resources.model.ModelManager/]: No model loaded for default item model ID pochimod:duralumin_leggings of pochimod:duralumin_leggings
[173月2026 00:01:28.318] [Render thread/WARN] [net.minecraft.client.resources.model.ModelManager/]: No model loaded for default item model ID pochimod:duralumin_boots of pochimod:duralumin_boots
[173月2026 00:01:28.318] [Render thread/WARN] [net.minecraft.client.resources.model.ModelManager/]: No model loaded for default item model ID pochimod:titan_alloy_helmet of pochimod:titan_alloy_helmet
[173月2026 00:01:28.318] [Render thread/WARN] [net.minecraft.client.resources.model.ModelManager/]: No model loaded for default item model ID pochimod:titan_alloy_chestplate of pochimod:titan_alloy_chestplate
[173月2026 00:01:28.318] [Render thread/WARN] [net.minecraft.client.resources.model.ModelManager/]: No model loaded for default item model ID pochimod:titan_alloy_leggings of pochimod:titan_alloy_leggings
[173月2026 00:01:28.318] [Render thread/WARN] [net.minecraft.client.resources.model.ModelManager/]: No model loaded for default item model ID pochimod:titan_alloy_boots of pochimod:titan_alloy_boots
[173月2026 00:01:28.318] [Render thread/WARN] [net.minecraft.client.resources.model.ModelManager/]: No model loaded for default item model ID pochimod:electron_helmet of pochimod:electron_helmet
[173月2026 00:01:28.318] [Render thread/WARN] [net.minecraft.client.resources.model.ModelManager/]: No model loaded for default item model ID pochimod:electron_chestplate of pochimod:electron_chestplate
[173月2026 00:01:28.318] [Render thread/WARN] [net.minecraft.client.resources.model.ModelManager/]: No model loaded for default item model ID pochimod:electron_leggings of pochimod:electron_leggings
[173月2026 00:01:28.318] [Render thread/WARN] [net.minecraft.client.resources.model.ModelManager/]: No model loaded for default item model ID pochimod:electron_boots of pochimod:electron_boots
[173月2026 00:01:28.318] [Render thread/WARN] [net.minecraft.client.resources.model.ModelManager/]: No model loaded for default item model ID pochimod:vanadium_alloy_helmet of pochimod:vanadium_alloy_helmet
[173月2026 00:01:28.319] [Render thread/WARN] [net.minecraft.client.resources.model.ModelManager/]: No model loaded for default item model ID pochimod:vanadium_alloy_chestplate of pochimod:vanadium_alloy_chestplate
[173月2026 00:01:28.319] [Render thread/WARN] [net.minecraft.client.resources.model.ModelManager/]: No model loaded for default item model ID pochimod:vanadium_alloy_leggings of pochimod:vanadium_alloy_leggings
[173月2026 00:01:28.319] [Render thread/WARN] [net.minecraft.client.resources.model.ModelManager/]: No model loaded for default item model ID pochimod:vanadium_alloy_boots of pochimod:vanadium_alloy_boots
[173月2026 00:01:28.319] [Render thread/WARN] [net.minecraft.client.resources.model.ModelManager/]: No model loaded for default item model ID pochimod:periso_helmet of pochimod:periso_helmet
[173月2026 00:01:28.319] [Render thread/WARN] [net.minecraft.client.resources.model.ModelManager/]: No model loaded for default item model ID pochimod:rock_penguin_boots of pochimod:rock_penguin_boots
[173月2026 00:01:28.319] [Render thread/WARN] [net.minecraft.client.resources.model.ModelManager/]: No model loaded for default item model ID pochimod:emu_boots of pochimod:emu_boots
[173月2026 00:01:28.320] [Render thread/WARN] [net.minecraft.client.resources.model.ModelManager/]: No model loaded for default item model ID pochimod:cassowary_boots of pochimod:cassowary_boots
[173月2026 00:01:28.320] [Render thread/WARN] [net.minecraft.client.resources.model.ModelManager/]: No model loaded for default item model ID pochimod:ancient_lizard_boots of pochimod:ancient_lizard_boots
[173月2026 00:01:28.320] [Render thread/WARN] [net.minecraft.client.resources.model.ModelManager/]: No model loaded for default item model ID pochimod:leopard_gecko_tail_belt of pochimod:leopard_gecko_tail_belt
[173月2026 00:01:28.320] [Render thread/WARN] [net.minecraft.client.resources.model.ModelManager/]: No model loaded for default item model ID pochimod:caviar of pochimod:caviar
[173月2026 00:01:28.320] [Render thread/WARN] [net.minecraft.client.resources.model.ModelManager/]: No model loaded for default item model ID pochimod:cabbage of pochimod:cabbage
[173月2026 00:01:28.320] [Render thread/WARN] [net.minecraft.client.resources.model.ModelManager/]: No model loaded for default item model ID pochimod:asparagus of pochimod:asparagus
[173月2026 00:01:28.320] [Render thread/WARN] [net.minecraft.client.resources.model.ModelManager/]: No model loaded for default item model ID pochimod:grape of pochimod:grape
[173月2026 00:01:28.320] [Render thread/WARN] [net.minecraft.client.resources.model.ModelManager/]: No model loaded for default item model ID pochimod:lemon of pochimod:lemon
[173月2026 00:01:28.320] [Render thread/WARN] [net.minecraft.client.resources.model.ModelManager/]: No model loaded for default item model ID pochimod:cinnamon of pochimod:cinnamon
[173月2026 00:01:28.320] [Render thread/WARN] [net.minecraft.client.resources.model.ModelManager/]: No model loaded for default item model ID pochimod:row_rice of pochimod:row_rice
[173月2026 00:01:28.320] [Render thread/WARN] [net.minecraft.client.resources.model.ModelManager/]: No model loaded for default item model ID pochimod:rice of pochimod:rice
[173月2026 00:01:28.320] [Render thread/WARN] [net.minecraft.client.resources.model.ModelManager/]: No model loaded for default item model ID pochimod:mint of pochimod:mint
[173月2026 00:01:28.320] [Render thread/WARN] [net.minecraft.client.resources.model.ModelManager/]: No model loaded for default item model ID pochimod:cola of pochimod:cola
[173月2026 00:01:28.320] [Render thread/WARN] [net.minecraft.client.resources.model.ModelManager/]: No model loaded for default item model ID pochimod:tomato of pochimod:tomato
[173月2026 00:01:28.320] [Render thread/WARN] [net.minecraft.client.resources.model.ModelManager/]: No model loaded for default item model ID pochimod:corn of pochimod:corn
[173月2026 00:01:28.320] [Render thread/WARN] [net.minecraft.client.resources.model.ModelManager/]: No model loaded for default item model ID pochimod:onion of pochimod:onion
[173月2026 00:01:28.320] [Render thread/WARN] [net.minecraft.client.resources.model.ModelManager/]: No model loaded for default item model ID pochimod:ginger of pochimod:ginger
[173月2026 00:01:28.320] [Render thread/WARN] [net.minecraft.client.resources.model.ModelManager/]: No model loaded for default item model ID pochimod:green_pepper of pochimod:green_pepper
[173月2026 00:01:28.320] [Render thread/WARN] [net.minecraft.client.resources.model.ModelManager/]: No model loaded for default item model ID pochimod:paprika of pochimod:paprika
[173月2026 00:01:28.320] [Render thread/WARN] [net.minecraft.client.resources.model.ModelManager/]: No model loaded for default item model ID pochimod:eggplant of pochimod:eggplant
[173月2026 00:01:28.320] [Render thread/WARN] [net.minecraft.client.resources.model.ModelManager/]: No model loaded for default item model ID pochimod:white_radish of pochimod:white_radish
[173月2026 00:01:28.320] [Render thread/WARN] [net.minecraft.client.resources.model.ModelManager/]: No model loaded for default item model ID pochimod:plum of pochimod:plum
[173月2026 00:01:28.320] [Render thread/WARN] [net.minecraft.client.resources.model.ModelManager/]: No model loaded for default item model ID pochimod:cherry of pochimod:cherry
[173月2026 00:01:28.320] [Render thread/WARN] [net.minecraft.client.resources.model.ModelManager/]: No model loaded for default item model ID pochimod:banana of pochimod:banana
[173月2026 00:01:28.320] [Render thread/WARN] [net.minecraft.client.resources.model.ModelManager/]: No model loaded for default item model ID pochimod:coconut of pochimod:coconut
[173月2026 00:01:28.320] [Render thread/WARN] [net.minecraft.client.resources.model.ModelManager/]: No model loaded for default item model ID pochimod:peach of pochimod:peach
[173月2026 00:01:28.320] [Render thread/WARN] [net.minecraft.client.resources.model.ModelManager/]: No model loaded for default item model ID pochimod:kiwi of pochimod:kiwi
[173月2026 00:01:28.321] [Render thread/WARN] [net.minecraft.client.resources.model.ModelManager/]: No model loaded for default item model ID pochimod:almond of pochimod:almond
[173月2026 00:01:28.321] [Render thread/WARN] [net.minecraft.client.resources.model.ModelManager/]: No model loaded for default item model ID pochimod:durian of pochimod:durian
[173月2026 00:01:28.321] [Render thread/WARN] [net.minecraft.client.resources.model.ModelManager/]: No model loaded for default item model ID pochimod:olive of pochimod:olive
[173月2026 00:01:28.321] [Render thread/WARN] [net.minecraft.client.resources.model.ModelManager/]: No model loaded for default item model ID pochimod:blue_berry of pochimod:blue_berry
[173月2026 00:01:28.321] [Render thread/WARN] [net.minecraft.client.resources.model.ModelManager/]: No model loaded for default item model ID pochimod:chili_pepper of pochimod:chili_pepper
[173月2026 00:01:28.321] [Render thread/WARN] [net.minecraft.client.resources.model.ModelManager/]: No model loaded for default item model ID pochimod:basil of pochimod:basil
[173月2026 00:01:28.321] [Render thread/WARN] [net.minecraft.client.resources.model.ModelManager/]: No model loaded for default item model ID pochimod:lotus_root of pochimod:lotus_root
[173月2026 00:01:28.321] [Render thread/WARN] [net.minecraft.client.resources.model.ModelManager/]: No model loaded for default item model ID pochimod:tomato_sand of pochimod:tomato_sand
[173月2026 00:01:28.321] [Render thread/WARN] [net.minecraft.client.resources.model.ModelManager/]: No model loaded for default item model ID pochimod:banana_sand of pochimod:banana_sand
[173月2026 00:01:28.321] [Render thread/WARN] [net.minecraft.client.resources.model.ModelManager/]: No model loaded for default item model ID pochimod:peach_sand of pochimod:peach_sand
[173月2026 00:01:28.321] [Render thread/WARN] [net.minecraft.client.resources.model.ModelManager/]: No model loaded for default item model ID pochimod:apple_sand of pochimod:apple_sand
[173月2026 00:01:28.321] [Render thread/WARN] [net.minecraft.client.resources.model.ModelManager/]: No model loaded for default item model ID pochimod:grape_sand of pochimod:grape_sand
[173月2026 00:01:28.321] [Render thread/WARN] [net.minecraft.client.resources.model.ModelManager/]: No model loaded for default item model ID pochimod:asparagus_bacon of pochimod:asparagus_bacon
[173月2026 00:01:28.321] [Render thread/WARN] [net.minecraft.client.resources.model.ModelManager/]: No model loaded for default item model ID pochimod:ginger_pork of pochimod:ginger_pork
[173月2026 00:01:28.321] [Render thread/WARN] [net.minecraft.client.resources.model.ModelManager/]: No model loaded for default item model ID pochimod:fried_eggplant of pochimod:fried_eggplant
[173月2026 00:01:28.321] [Render thread/WARN] [net.minecraft.client.resources.model.ModelManager/]: No model loaded for default item model ID pochimod:chinjaolose of pochimod:chinjaolose
[173月2026 00:01:28.321] [Render thread/WARN] [net.minecraft.client.resources.model.ModelManager/]: No model loaded for default item model ID pochimod:popcorn of pochimod:popcorn
[173月2026 00:01:28.321] [Render thread/WARN] [net.minecraft.client.resources.model.ModelManager/]: No model loaded for default item model ID pochimod:pizza_bread of pochimod:pizza_bread
[173月2026 00:01:28.321] [Render thread/WARN] [net.minecraft.client.resources.model.ModelManager/]: No model loaded for default item model ID pochimod:boiled_fish of pochimod:boiled_fish
[173月2026 00:01:28.321] [Render thread/WARN] [net.minecraft.client.resources.model.ModelManager/]: No model loaded for default item model ID pochimod:corn_soup of pochimod:corn_soup
[173月2026 00:01:28.321] [Render thread/WARN] [net.minecraft.client.resources.model.ModelManager/]: No model loaded for default item model ID pochimod:hamburger of pochimod:hamburger
[173月2026 00:01:28.321] [Render thread/WARN] [net.minecraft.client.resources.model.ModelManager/]: No model loaded for default item model ID pochimod:peperoncino of pochimod:peperoncino
[173月2026 00:01:28.322] [Render thread/WARN] [net.minecraft.client.resources.model.ModelManager/]: No model loaded for default item model ID pochimod:mabo_nasu of pochimod:mabo_nasu
[173月2026 00:01:28.322] [Render thread/WARN] [net.minecraft.client.resources.model.ModelManager/]: No model loaded for default item model ID pochimod:baked_corn of pochimod:baked_corn
[173月2026 00:01:28.322] [Render thread/WARN] [net.minecraft.client.resources.model.ModelManager/]: No model loaded for default item model ID pochimod:radish_minced_meat of pochimod:radish_minced_meat
[173月2026 00:01:28.322] [Render thread/WARN] [net.minecraft.client.resources.model.ModelManager/]: No model loaded for default item model ID pochimod:chicken_egg of pochimod:chicken_egg
[173月2026 00:01:28.322] [Render thread/WARN] [net.minecraft.client.resources.model.ModelManager/]: No model loaded for default item model ID pochimod:genovese of pochimod:genovese
[173月2026 00:01:28.322] [Render thread/WARN] [net.minecraft.client.resources.model.ModelManager/]: No model loaded for default item model ID pochimod:fried_almond of pochimod:fried_almond
[173月2026 00:01:28.322] [Render thread/WARN] [net.minecraft.client.resources.model.ModelManager/]: No model loaded for default item model ID pochimod:green_carry of pochimod:green_carry
[173月2026 00:01:28.322] [Render thread/WARN] [net.minecraft.client.resources.model.ModelManager/]: No model loaded for default item model ID pochimod:green_pepper_minced_meat of pochimod:green_pepper_minced_meat
[173月2026 00:01:28.322] [Render thread/WARN] [net.minecraft.client.resources.model.ModelManager/]: No model loaded for default item model ID pochimod:pepe_cabbage of pochimod:pepe_cabbage
[173月2026 00:01:28.322] [Render thread/WARN] [net.minecraft.client.resources.model.ModelManager/]: No model loaded for default item model ID pochimod:fried_lotus_root of pochimod:fried_lotus_root
[173月2026 00:01:28.322] [Render thread/WARN] [net.minecraft.client.resources.model.ModelManager/]: No model loaded for default item model ID pochimod:lotus_root_minced_meat of pochimod:lotus_root_minced_meat
[173月2026 00:01:28.322] [Render thread/WARN] [net.minecraft.client.resources.model.ModelManager/]: No model loaded for default item model ID pochimod:gaprao of pochimod:gaprao
[173月2026 00:01:28.322] [Render thread/WARN] [net.minecraft.client.resources.model.ModelManager/]: No model loaded for default item model ID pochimod:tacos of pochimod:tacos
[173月2026 00:01:28.322] [Render thread/WARN] [net.minecraft.client.resources.model.ModelManager/]: No model loaded for default item model ID pochimod:tea of pochimod:tea
[173月2026 00:01:28.322] [Render thread/WARN] [net.minecraft.client.resources.model.ModelManager/]: No model loaded for default item model ID pochimod:hop of pochimod:hop
[173月2026 00:01:28.322] [Render thread/WARN] [net.minecraft.client.resources.model.ModelManager/]: No model loaded for default item model ID pochimod:pepper of pochimod:pepper
[173月2026 00:01:28.322] [Render thread/WARN] [net.minecraft.client.resources.model.ModelManager/]: No model loaded for default item model ID pochimod:row_coffee_beans of pochimod:row_coffee_beans
[173月2026 00:01:28.322] [Render thread/WARN] [net.minecraft.client.resources.model.ModelManager/]: No model loaded for default item model ID pochimod:coffee_beans of pochimod:coffee_beans
[173月2026 00:01:28.322] [Render thread/WARN] [net.minecraft.client.resources.model.ModelManager/]: No model loaded for default item model ID pochimod:musk_coffee_beans of pochimod:musk_coffee_beans
[173月2026 00:01:28.322] [Render thread/WARN] [net.minecraft.client.resources.model.ModelManager/]: No model loaded for default item model ID pochimod:fire_wood of pochimod:fire_wood
[173月2026 00:01:28.322] [Render thread/WARN] [net.minecraft.client.resources.model.ModelManager/]: No model loaded for default item model ID pochimod:filtered_water of pochimod:filtered_water
[173月2026 00:01:28.322] [Render thread/WARN] [net.minecraft.client.resources.model.ModelManager/]: No model loaded for default item model ID pochimod:bottle_of_milk of pochimod:bottle_of_milk
[173月2026 00:01:28.322] [Render thread/WARN] [net.minecraft.client.resources.model.ModelManager/]: No model loaded for default item model ID pochimod:maple_water of pochimod:maple_water
[173月2026 00:01:28.322] [Render thread/WARN] [net.minecraft.client.resources.model.ModelManager/]: No model loaded for default item model ID pochimod:maple_syrup of pochimod:maple_syrup
[173月2026 00:01:28.323] [Render thread/WARN] [net.minecraft.client.resources.model.ModelManager/]: No model loaded for default item model ID pochimod:coffe of pochimod:coffe
[173月2026 00:01:28.323] [Render thread/WARN] [net.minecraft.client.resources.model.ModelManager/]: No model loaded for default item model ID pochimod:musk_coffe of pochimod:musk_coffe
[173月2026 00:01:28.323] [Render thread/WARN] [net.minecraft.client.resources.model.ModelManager/]: No model loaded for default item model ID pochimod:bottle_of_whiskey of pochimod:bottle_of_whiskey
[173月2026 00:01:28.323] [Render thread/WARN] [net.minecraft.client.resources.model.ModelManager/]: No model loaded for default item model ID pochimod:bottle_of_white_liquor of pochimod:bottle_of_white_liquor
[173月2026 00:01:28.323] [Render thread/WARN] [net.minecraft.client.resources.model.ModelManager/]: No model loaded for default item model ID pochimod:bottle_of_cola of pochimod:bottle_of_cola
[173月2026 00:01:28.323] [Render thread/WARN] [net.minecraft.client.resources.model.ModelManager/]: No model loaded for default item model ID pochimod:bottle_of_red_wine of pochimod:bottle_of_red_wine
[173月2026 00:01:28.323] [Render thread/WARN] [net.minecraft.client.resources.model.ModelManager/]: No model loaded for default item model ID pochimod:bottle_of_white_wine of pochimod:bottle_of_white_wine
[173月2026 00:01:28.323] [Render thread/WARN] [net.minecraft.client.resources.model.ModelManager/]: No model loaded for default item model ID pochimod:bottle_of_sake of pochimod:bottle_of_sake
[173月2026 00:01:28.323] [Render thread/WARN] [net.minecraft.client.resources.model.ModelManager/]: No model loaded for default item model ID pochimod:peach_liqueur of pochimod:peach_liqueur
[173月2026 00:01:28.323] [Render thread/WARN] [net.minecraft.client.resources.model.ModelManager/]: No model loaded for default item model ID pochimod:plum_liqueur of pochimod:plum_liqueur
[173月2026 00:01:28.323] [Render thread/WARN] [net.minecraft.client.resources.model.ModelManager/]: No model loaded for default item model ID pochimod:lemon_liqueur of pochimod:lemon_liqueur
[173月2026 00:01:28.323] [Render thread/WARN] [net.minecraft.client.resources.model.ModelManager/]: No model loaded for default item model ID pochimod:mint_liqueur of pochimod:mint_liqueur
[173月2026 00:01:28.323] [Render thread/WARN] [net.minecraft.client.resources.model.ModelManager/]: No model loaded for default item model ID pochimod:apple_liqueur of pochimod:apple_liqueur
[173月2026 00:01:28.323] [Render thread/WARN] [net.minecraft.client.resources.model.ModelManager/]: No model loaded for default item model ID pochimod:habu_liqueur of pochimod:habu_liqueur
[173月2026 00:01:28.323] [Render thread/WARN] [net.minecraft.client.resources.model.ModelManager/]: No model loaded for default item model ID pochimod:aspergillus of pochimod:aspergillus
[173月2026 00:01:28.323] [Render thread/WARN] [net.minecraft.client.resources.model.ModelManager/]: No model loaded for default item model ID pochimod:japanese_yeast of pochimod:japanese_yeast
[173月2026 00:01:28.323] [Render thread/WARN] [net.minecraft.client.resources.model.ModelManager/]: No model loaded for default item model ID pochimod:grape_juice of pochimod:grape_juice
[173月2026 00:01:28.323] [Render thread/WARN] [net.minecraft.client.resources.model.ModelManager/]: No model loaded for default item model ID pochimod:apple_juice of pochimod:apple_juice
[173月2026 00:01:28.323] [Render thread/WARN] [net.minecraft.client.resources.model.ModelManager/]: No model loaded for default item model ID pochimod:lemon_juice of pochimod:lemon_juice
[173月2026 00:01:28.323] [Render thread/WARN] [net.minecraft.client.resources.model.ModelManager/]: No model loaded for default item model ID pochimod:peach_juice of pochimod:peach_juice
[173月2026 00:01:28.323] [Render thread/WARN] [net.minecraft.client.resources.model.ModelManager/]: No model loaded for default item model ID pochimod:plum_juice of pochimod:plum_juice
[173月2026 00:01:28.323] [Render thread/WARN] [net.minecraft.client.resources.model.ModelManager/]: No model loaded for default item model ID pochimod:banana_juice of pochimod:banana_juice
[173月2026 00:01:28.323] [Render thread/WARN] [net.minecraft.client.resources.model.ModelManager/]: No model loaded for default item model ID pochimod:almond_juice of pochimod:almond_juice
[173月2026 00:01:28.323] [Render thread/WARN] [net.minecraft.client.resources.model.ModelManager/]: No model loaded for default item model ID pochimod:coconut_milk of pochimod:coconut_milk
[173月2026 00:01:28.323] [Render thread/WARN] [net.minecraft.client.resources.model.ModelManager/]: No model loaded for default item model ID pochimod:smoothie of pochimod:smoothie
[173月2026 00:01:28.323] [Render thread/WARN] [net.minecraft.client.resources.model.ModelManager/]: No model loaded for default item model ID pochimod:mix_juice of pochimod:mix_juice
[173月2026 00:01:28.324] [Render thread/WARN] [net.minecraft.client.resources.model.ModelManager/]: No model loaded for default item model ID pochimod:mix_au_lait of pochimod:mix_au_lait
[173月2026 00:01:28.324] [Render thread/WARN] [net.minecraft.client.resources.model.ModelManager/]: No model loaded for default item model ID pochimod:chocolate of pochimod:chocolate
[173月2026 00:01:28.324] [Render thread/WARN] [net.minecraft.client.resources.model.ModelManager/]: No model loaded for default item model ID pochimod:choco_mint of pochimod:choco_mint
[173月2026 00:01:28.324] [Render thread/WARN] [net.minecraft.client.resources.model.ModelManager/]: No model loaded for default item model ID pochimod:asparagus_seeds of pochimod:asparagus_seeds
[173月2026 00:01:28.324] [Render thread/WARN] [net.minecraft.client.resources.model.ModelManager/]: No model loaded for default item model ID pochimod:cabbage_seeds of pochimod:cabbage_seeds
[173月2026 00:01:28.324] [Render thread/WARN] [net.minecraft.client.resources.model.ModelManager/]: No model loaded for default item model ID pochimod:rice_seeds of pochimod:rice_seeds
[173月2026 00:01:28.324] [Render thread/WARN] [net.minecraft.client.resources.model.ModelManager/]: No model loaded for default item model ID pochimod:mint_seeds of pochimod:mint_seeds
[173月2026 00:01:28.324] [Render thread/WARN] [net.minecraft.client.resources.model.ModelManager/]: No model loaded for default item model ID pochimod:cola_seeds of pochimod:cola_seeds
[173月2026 00:01:28.324] [Render thread/WARN] [net.minecraft.client.resources.model.ModelManager/]: No model loaded for default item model ID pochimod:tomato_seeds of pochimod:tomato_seeds
[173月2026 00:01:28.324] [Render thread/WARN] [net.minecraft.client.resources.model.ModelManager/]: No model loaded for default item model ID pochimod:corn_seeds of pochimod:corn_seeds
[173月2026 00:01:28.324] [Render thread/WARN] [net.minecraft.client.resources.model.ModelManager/]: No model loaded for default item model ID pochimod:onion_seeds of pochimod:onion_seeds
[173月2026 00:01:28.324] [Render thread/WARN] [net.minecraft.client.resources.model.ModelManager/]: No model loaded for default item model ID pochimod:ginger_seeds of pochimod:ginger_seeds
[173月2026 00:01:28.324] [Render thread/WARN] [net.minecraft.client.resources.model.ModelManager/]: No model loaded for default item model ID pochimod:green_pepper_seeds of pochimod:green_pepper_seeds
[173月2026 00:01:28.324] [Render thread/WARN] [net.minecraft.client.resources.model.ModelManager/]: No model loaded for default item model ID pochimod:paprika_seeds of pochimod:paprika_seeds
[173月2026 00:01:28.324] [Render thread/WARN] [net.minecraft.client.resources.model.ModelManager/]: No model loaded for default item model ID pochimod:eggplant_seeds of pochimod:eggplant_seeds
[173月2026 00:01:28.324] [Render thread/WARN] [net.minecraft.client.resources.model.ModelManager/]: No model loaded for default item model ID pochimod:white_radish_seeds of pochimod:white_radish_seeds
[173月2026 00:01:28.324] [Render thread/WARN] [net.minecraft.client.resources.model.ModelManager/]: No model loaded for default item model ID pochimod:chili_pepper_seeds of pochimod:chili_pepper_seeds
[173月2026 00:01:28.324] [Render thread/WARN] [net.minecraft.client.resources.model.ModelManager/]: No model loaded for default item model ID pochimod:basil_seeds of pochimod:basil_seeds
[173月2026 00:01:28.324] [Render thread/WARN] [net.minecraft.client.resources.model.ModelManager/]: No model loaded for default item model ID pochimod:lotus_root_seeds of pochimod:lotus_root_seeds
[173月2026 00:01:28.324] [Render thread/WARN] [net.minecraft.client.resources.model.ModelManager/]: No model loaded for default item model ID pochimod:filtered_water_bucket of pochimod:filtered_water_bucket
[173月2026 00:01:28.324] [Render thread/WARN] [net.minecraft.client.resources.model.ModelManager/]: No model loaded for default item model ID pochimod:whiskey_bucket of pochimod:whiskey_bucket
[173月2026 00:01:28.324] [Render thread/WARN] [net.minecraft.client.resources.model.ModelManager/]: No model loaded for default item model ID pochimod:maple_bucket of pochimod:maple_bucket
[173月2026 00:01:28.324] [Render thread/WARN] [net.minecraft.client.resources.model.ModelManager/]: No model loaded for default item model ID pochimod:sake_bucket of pochimod:sake_bucket
[173月2026 00:01:28.324] [Render thread/WARN] [net.minecraft.client.resources.model.ModelManager/]: No model loaded for default item model ID pochimod:wine_bucket of pochimod:wine_bucket
[173月2026 00:01:28.324] [Render thread/WARN] [net.minecraft.client.resources.model.ModelManager/]: No model loaded for default item model ID pochimod:white_wine_bucket of pochimod:white_wine_bucket
[173月2026 00:01:28.324] [Render thread/WARN] [net.minecraft.client.resources.model.ModelManager/]: No model loaded for default item model ID pochimod:j_malt_bucket of pochimod:j_malt_bucket
[173月2026 00:01:28.324] [Render thread/WARN] [net.minecraft.client.resources.model.ModelManager/]: No model loaded for default item model ID pochimod:rice_bucket of pochimod:rice_bucket
[173月2026 00:01:28.324] [Render thread/WARN] [net.minecraft.client.resources.model.ModelManager/]: No model loaded for default item model ID pochimod:mash_bucket of pochimod:mash_bucket
[173月2026 00:01:28.324] [Render thread/WARN] [net.minecraft.client.resources.model.ModelManager/]: No model loaded for default item model ID pochimod:yeast_bucket of pochimod:yeast_bucket
[173月2026 00:01:28.324] [Render thread/WARN] [net.minecraft.client.resources.model.ModelManager/]: No model loaded for default item model ID pochimod:sparrow_spawn_egg of pochimod:sparrow_spawn_egg
[173月2026 00:01:28.325] [Render thread/WARN] [net.minecraft.client.resources.model.ModelManager/]: No model loaded for default item model ID pochimod:deer_spawn_egg of pochimod:deer_spawn_egg
[173月2026 00:01:28.325] [Render thread/WARN] [net.minecraft.client.resources.model.ModelManager/]: No model loaded for default item model ID pochimod:doe_spawn_egg of pochimod:doe_spawn_egg
[173月2026 00:01:28.325] [Render thread/WARN] [net.minecraft.client.resources.model.ModelManager/]: No model loaded for default item model ID pochimod:sakaban_spawn_egg of pochimod:sakaban_spawn_egg
[173月2026 00:01:28.325] [Render thread/WARN] [net.minecraft.client.resources.model.ModelManager/]: No model loaded for default item model ID pochimod:cicada_spawn_egg of pochimod:cicada_spawn_egg
[173月2026 00:01:28.325] [Render thread/WARN] [net.minecraft.client.resources.model.ModelManager/]: No model loaded for default item model ID pochimod:dragonfly_spawn_egg of pochimod:dragonfly_spawn_egg
[173月2026 00:01:28.325] [Render thread/WARN] [net.minecraft.client.resources.model.ModelManager/]: No model loaded for default item model ID pochimod:butterfly_spawn_egg of pochimod:butterfly_spawn_egg
[173月2026 00:01:28.325] [Render thread/WARN] [net.minecraft.client.resources.model.ModelManager/]: No model loaded for default item model ID pochimod:long_tit_spawn_egg of pochimod:long_tit_spawn_egg
[173月2026 00:01:28.325] [Render thread/WARN] [net.minecraft.client.resources.model.ModelManager/]: No model loaded for default item model ID pochimod:seal_spawn_egg of pochimod:seal_spawn_egg
[173月2026 00:01:28.325] [Render thread/WARN] [net.minecraft.client.resources.model.ModelManager/]: No model loaded for default item model ID pochimod:hermit_crab_spawn_egg of pochimod:hermit_crab_spawn_egg
[173月2026 00:01:28.325] [Render thread/WARN] [net.minecraft.client.resources.model.ModelManager/]: No model loaded for default item model ID pochimod:mini_hipo_spawn_egg of pochimod:mini_hipo_spawn_egg
[173月2026 00:01:28.325] [Render thread/WARN] [net.minecraft.client.resources.model.ModelManager/]: No model loaded for default item model ID pochimod:mongoose_spawn_egg of pochimod:mongoose_spawn_egg
[173月2026 00:01:28.325] [Render thread/WARN] [net.minecraft.client.resources.model.ModelManager/]: No model loaded for default item model ID pochimod:ant_spawn_egg of pochimod:ant_spawn_egg
[173月2026 00:01:28.325] [Render thread/WARN] [net.minecraft.client.resources.model.ModelManager/]: No model loaded for default item model ID pochimod:etupirka_spawn_egg of pochimod:etupirka_spawn_egg
[173月2026 00:01:28.325] [Render thread/WARN] [net.minecraft.client.resources.model.ModelManager/]: No model loaded for default item model ID pochimod:snake_spawn_egg of pochimod:snake_spawn_egg
[173月2026 00:01:28.325] [Render thread/WARN] [net.minecraft.client.resources.model.ModelManager/]: No model loaded for default item model ID pochimod:peacock_spawn_egg of pochimod:peacock_spawn_egg
[173月2026 00:01:28.325] [Render thread/WARN] [net.minecraft.client.resources.model.ModelManager/]: No model loaded for default item model ID pochimod:burrowing_spawn_egg of pochimod:burrowing_spawn_egg
[173月2026 00:01:28.325] [Render thread/WARN] [net.minecraft.client.resources.model.ModelManager/]: No model loaded for default item model ID pochimod:folivore_spawn_egg of pochimod:folivore_spawn_egg
[173月2026 00:01:28.325] [Render thread/WARN] [net.minecraft.client.resources.model.ModelManager/]: No model loaded for default item model ID pochimod:giant_otter_spawn_egg of pochimod:giant_otter_spawn_egg
[173月2026 00:01:28.325] [Render thread/WARN] [net.minecraft.client.resources.model.ModelManager/]: No model loaded for default item model ID pochimod:guyana_rupicola_spawn_egg of pochimod:guyana_rupicola_spawn_egg
[173月2026 00:01:28.325] [Render thread/WARN] [net.minecraft.client.resources.model.ModelManager/]: No model loaded for default item model ID pochimod:harpy_eagle_spawn_egg of pochimod:harpy_eagle_spawn_egg
[173月2026 00:01:28.325] [Render thread/WARN] [net.minecraft.client.resources.model.ModelManager/]: No model loaded for default item model ID pochimod:musk_cat_spawn_egg of pochimod:musk_cat_spawn_egg
[173月2026 00:01:28.325] [Render thread/WARN] [net.minecraft.client.resources.model.ModelManager/]: No model loaded for default item model ID pochimod:perisso_spawn_egg of pochimod:perisso_spawn_egg
[173月2026 00:01:28.325] [Render thread/WARN] [net.minecraft.client.resources.model.ModelManager/]: No model loaded for default item model ID pochimod:ratel_spawn_egg of pochimod:ratel_spawn_egg
[173月2026 00:01:28.325] [Render thread/WARN] [net.minecraft.client.resources.model.ModelManager/]: No model loaded for default item model ID pochimod:wombat_spawn_egg of pochimod:wombat_spawn_egg
[173月2026 00:01:28.325] [Render thread/WARN] [net.minecraft.client.resources.model.ModelManager/]: No model loaded for default item model ID pochimod:beaver_spawn_egg of pochimod:beaver_spawn_egg
[173月2026 00:01:28.325] [Render thread/WARN] [net.minecraft.client.resources.model.ModelManager/]: No model loaded for default item model ID pochimod:hammer_head_spawn_egg of pochimod:hammer_head_spawn_egg
[173月2026 00:01:28.325] [Render thread/WARN] [net.minecraft.client.resources.model.ModelManager/]: No model loaded for default item model ID pochimod:leafy_sea_spawn_egg of pochimod:leafy_sea_spawn_egg
[173月2026 00:01:28.325] [Render thread/WARN] [net.minecraft.client.resources.model.ModelManager/]: No model loaded for default item model ID pochimod:kiwi_spawn_egg of pochimod:kiwi_spawn_egg
[173月2026 00:01:28.325] [Render thread/WARN] [net.minecraft.client.resources.model.ModelManager/]: No model loaded for default item model ID pochimod:rock_penguin_spawn_egg of pochimod:rock_penguin_spawn_egg
[173月2026 00:01:28.325] [Render thread/WARN] [net.minecraft.client.resources.model.ModelManager/]: No model loaded for default item model ID pochimod:skunk_spawn_egg of pochimod:skunk_spawn_egg
[173月2026 00:01:28.326] [Render thread/WARN] [net.minecraft.client.resources.model.ModelManager/]: No model loaded for default item model ID pochimod:sturgeon_spawn_egg of pochimod:sturgeon_spawn_egg
[173月2026 00:01:28.326] [Render thread/WARN] [net.minecraft.client.resources.model.ModelManager/]: No model loaded for default item model ID pochimod:quokka_spawn_egg of pochimod:quokka_spawn_egg
[173月2026 00:01:28.326] [Render thread/WARN] [net.minecraft.client.resources.model.ModelManager/]: No model loaded for default item model ID pochimod:wood_pecker_spawn_egg of pochimod:wood_pecker_spawn_egg
[173月2026 00:01:28.326] [Render thread/WARN] [net.minecraft.client.resources.model.ModelManager/]: No model loaded for default item model ID pochimod:felis_spawn_egg of pochimod:felis_spawn_egg
[173月2026 00:01:28.326] [Render thread/WARN] [net.minecraft.client.resources.model.ModelManager/]: No model loaded for default item model ID pochimod:fruit_fly_spawn_egg of pochimod:fruit_fly_spawn_egg
[173月2026 00:01:28.326] [Render thread/WARN] [net.minecraft.client.resources.model.ModelManager/]: No model loaded for default item model ID pochimod:indicate_idae_spawn_egg of pochimod:indicate_idae_spawn_egg
[173月2026 00:01:28.326] [Render thread/WARN] [net.minecraft.client.resources.model.ModelManager/]: No model loaded for default item model ID pochimod:mantis_shrimp_spawn_egg of pochimod:mantis_shrimp_spawn_egg
[173月2026 00:01:28.326] [Render thread/WARN] [net.minecraft.client.resources.model.ModelManager/]: No model loaded for default item model ID pochimod:meerkat_spawn_egg of pochimod:meerkat_spawn_egg
[173月2026 00:01:28.326] [Render thread/WARN] [net.minecraft.client.resources.model.ModelManager/]: No model loaded for default item model ID pochimod:pallas_cat_spawn_egg of pochimod:pallas_cat_spawn_egg
[173月2026 00:01:28.326] [Render thread/WARN] [net.minecraft.client.resources.model.ModelManager/]: No model loaded for default item model ID pochimod:pangolin_spawn_egg of pochimod:pangolin_spawn_egg
[173月2026 00:01:28.326] [Render thread/WARN] [net.minecraft.client.resources.model.ModelManager/]: No model loaded for default item model ID pochimod:porcupine_spawn_egg of pochimod:porcupine_spawn_egg
[173月2026 00:01:28.326] [Render thread/WARN] [net.minecraft.client.resources.model.ModelManager/]: No model loaded for default item model ID pochimod:tapir_spawn_egg of pochimod:tapir_spawn_egg
[173月2026 00:01:28.326] [Render thread/WARN] [net.minecraft.client.resources.model.ModelManager/]: No model loaded for default item model ID pochimod:every_egg of pochimod:every_egg
[173月2026 00:01:28.326] [Render thread/WARN] [net.minecraft.client.resources.model.ModelManager/]: No model loaded for default item model ID pochimod:potters_wheel of pochimod:potters_wheel
[173月2026 00:01:28.326] [Render thread/WARN] [net.minecraft.client.resources.model.ModelManager/]: No model loaded for default item model ID pochimod:unfired_pottery of pochimod:unfired_pottery
[173月2026 00:01:28.326] [Render thread/WARN] [net.minecraft.client.resources.model.ModelManager/]: No model loaded for default item model ID pochimod:fired_pottery of pochimod:fired_pottery
[173月2026 00:01:28.326] [Render thread/WARN] [net.minecraft.client.resources.model.ModelManager/]: No model loaded for default item model ID pochimod:glaze_white of pochimod:glaze_white
[173月2026 00:01:28.326] [Render thread/WARN] [net.minecraft.client.resources.model.ModelManager/]: No model loaded for default item model ID pochimod:glaze_black of pochimod:glaze_black
[173月2026 00:01:28.326] [Render thread/WARN] [net.minecraft.client.resources.model.ModelManager/]: No model loaded for default item model ID pochimod:glaze_red of pochimod:glaze_red
[173月2026 00:01:28.326] [Render thread/WARN] [net.minecraft.client.resources.model.ModelManager/]: No model loaded for default item model ID pochimod:glaze_blue of pochimod:glaze_blue
[173月2026 00:01:28.326] [Render thread/WARN] [net.minecraft.client.resources.model.ModelManager/]: No model loaded for default item model ID pochimod:glaze_green of pochimod:glaze_green
[173月2026 00:01:28.326] [Render thread/WARN] [net.minecraft.client.resources.model.ModelManager/]: No model loaded for default item model ID pochimod:glaze_yellow of pochimod:glaze_yellow
[173月2026 00:01:28.326] [Render thread/WARN] [net.minecraft.client.resources.model.ModelManager/]: No model loaded for default item model ID pochimod:glaze_orange of pochimod:glaze_orange
[173月2026 00:01:28.326] [Render thread/WARN] [net.minecraft.client.resources.model.ModelManager/]: No model loaded for default item model ID pochimod:glaze_purple of pochimod:glaze_purple
[173月2026 00:01:28.326] [Render thread/WARN] [net.minecraft.client.resources.model.ModelManager/]: No model loaded for default item model ID pochimod:glaze_pink of pochimod:glaze_pink
[173月2026 00:01:28.326] [Render thread/WARN] [net.minecraft.client.resources.model.ModelManager/]: No model loaded for default item model ID pochimod:glaze_brown of pochimod:glaze_brown
[173月2026 00:01:28.326] [Render thread/WARN] [net.minecraft.client.resources.model.ModelManager/]: No model loaded for default item model ID pochimod:glaze_gray of pochimod:glaze_gray
[173月2026 00:01:28.326] [Render thread/WARN] [net.minecraft.client.resources.model.ModelManager/]: No model loaded for default item model ID pochimod:glaze_cyan of pochimod:glaze_cyan
[173月2026 00:01:28.326] [Render thread/WARN] [net.minecraft.client.resources.model.ModelManager/]: No model loaded for default item model ID pochimod:stamp_stripes of pochimod:stamp_stripes
[173月2026 00:01:28.327] [Render thread/WARN] [net.minecraft.client.resources.model.ModelManager/]: No model loaded for default item model ID pochimod:stamp_dots of pochimod:stamp_dots
[173月2026 00:01:28.327] [Render thread/WARN] [net.minecraft.client.resources.model.ModelManager/]: No model loaded for default item model ID pochimod:stamp_waves of pochimod:stamp_waves
[173月2026 00:01:28.327] [Render thread/WARN] [net.minecraft.client.resources.model.ModelManager/]: No model loaded for default item model ID pochimod:stamp_flowers of pochimod:stamp_flowers
[173月2026 00:01:28.327] [Render thread/WARN] [net.minecraft.client.resources.model.ModelManager/]: No model loaded for default item model ID pochimod:stamp_geometric of pochimod:stamp_geometric
[173月2026 00:01:28.327] [Render thread/WARN] [net.minecraft.client.resources.model.ModelManager/]: No model loaded for default item model ID pochimod:vital_check of pochimod:vital_check
[173月2026 00:01:28.327] [Render thread/WARN] [net.minecraft.client.resources.model.ModelManager/]: No model loaded for default item model ID pochimod:solidified_lava of pochimod:solidified_lava
[173月2026 00:01:28.327] [Render thread/WARN] [net.minecraft.client.resources.model.ModelManager/]: No model loaded for default item model ID pochimod:cinnabar_block of pochimod:cinnabar_block
[173月2026 00:01:28.327] [Render thread/WARN] [net.minecraft.client.resources.model.ModelManager/]: No model loaded for default item model ID pochimod:budding_cinnabar of pochimod:budding_cinnabar
[173月2026 00:01:28.327] [Render thread/WARN] [net.minecraft.client.resources.model.ModelManager/]: No model loaded for default item model ID pochimod:cinnabar_cluster of pochimod:cinnabar_cluster
[173月2026 00:01:28.327] [Render thread/WARN] [net.minecraft.client.resources.model.ModelManager/]: No model loaded for default item model ID pochimod:large_cinnabar_bud of pochimod:large_cinnabar_bud
[173月2026 00:01:28.327] [Render thread/WARN] [net.minecraft.client.resources.model.ModelManager/]: No model loaded for default item model ID pochimod:medium_cinnabar_bud of pochimod:medium_cinnabar_bud
[173月2026 00:01:28.327] [Render thread/WARN] [net.minecraft.client.resources.model.ModelManager/]: No model loaded for default item model ID pochimod:small_cinnabar_bud of pochimod:small_cinnabar_bud
[173月2026 00:01:28.327] [Render thread/WARN] [net.minecraft.client.resources.model.ModelManager/]: No model loaded for default item model ID pochimod:black_diamond_block of pochimod:black_diamond_block
[173月2026 00:01:28.327] [Render thread/WARN] [net.minecraft.client.resources.model.ModelManager/]: No model loaded for default item model ID pochimod:budding_black_diamond of pochimod:budding_black_diamond
[173月2026 00:01:28.327] [Render thread/WARN] [net.minecraft.client.resources.model.ModelManager/]: No model loaded for default item model ID pochimod:black_diamond_cluster of pochimod:black_diamond_cluster
[173月2026 00:01:28.327] [Render thread/WARN] [net.minecraft.client.resources.model.ModelManager/]: No model loaded for default item model ID pochimod:large_black_diamond_bud of pochimod:large_black_diamond_bud
[173月2026 00:01:28.327] [Render thread/WARN] [net.minecraft.client.resources.model.ModelManager/]: No model loaded for default item model ID pochimod:medium_black_diamond_bud of pochimod:medium_black_diamond_bud
[173月2026 00:01:28.327] [Render thread/WARN] [net.minecraft.client.resources.model.ModelManager/]: No model loaded for default item model ID pochimod:small_black_diamond_bud of pochimod:small_black_diamond_bud
[173月2026 00:01:28.327] [Render thread/WARN] [net.minecraft.client.resources.model.ModelManager/]: No model loaded for default item model ID pochimod:yellow_diamond_block of pochimod:yellow_diamond_block
[173月2026 00:01:28.327] [Render thread/WARN] [net.minecraft.client.resources.model.ModelManager/]: No model loaded for default item model ID pochimod:budding_yellow_diamond of pochimod:budding_yellow_diamond
[173月2026 00:01:28.327] [Render thread/WARN] [net.minecraft.client.resources.model.ModelManager/]: No model loaded for default item model ID pochimod:yellow_diamond_cluster of pochimod:yellow_diamond_cluster
[173月2026 00:01:28.327] [Render thread/WARN] [net.minecraft.client.resources.model.ModelManager/]: No model loaded for default item model ID pochimod:large_yellow_diamond_bud of pochimod:large_yellow_diamond_bud
[173月2026 00:01:28.327] [Render thread/WARN] [net.minecraft.client.resources.model.ModelManager/]: No model loaded for default item model ID pochimod:medium_yellow_diamond_bud of pochimod:medium_yellow_diamond_bud
[173月2026 00:01:28.327] [Render thread/WARN] [net.minecraft.client.resources.model.ModelManager/]: No model loaded for default item model ID pochimod:small_yellow_diamond_bud of pochimod:small_yellow_diamond_bud
[173月2026 00:01:28.327] [Render thread/WARN] [net.minecraft.client.resources.model.ModelManager/]: No model loaded for default item model ID pochimod:morganite_block of pochimod:morganite_block
[173月2026 00:01:28.327] [Render thread/WARN] [net.minecraft.client.resources.model.ModelManager/]: No model loaded for default item model ID pochimod:budding_morganite of pochimod:budding_morganite
[173月2026 00:01:28.327] [Render thread/WARN] [net.minecraft.client.resources.model.ModelManager/]: No model loaded for default item model ID pochimod:morganite_cluster of pochimod:morganite_cluster
[173月2026 00:01:28.327] [Render thread/WARN] [net.minecraft.client.resources.model.ModelManager/]: No model loaded for default item model ID pochimod:large_morganite_bud of pochimod:large_morganite_bud
[173月2026 00:01:28.327] [Render thread/WARN] [net.minecraft.client.resources.model.ModelManager/]: No model loaded for default item model ID pochimod:medium_morganite_bud of pochimod:medium_morganite_bud
[173月2026 00:01:28.327] [Render thread/WARN] [net.minecraft.client.resources.model.ModelManager/]: No model loaded for default item model ID pochimod:small_morganite_bud of pochimod:small_morganite_bud
[173月2026 00:01:28.329] [Render thread/WARN] [net.minecraft.client.resources.model.ModelManager/]: No model loaded for default item model ID pochimod:goshenite_block of pochimod:goshenite_block
[173月2026 00:01:28.329] [Render thread/WARN] [net.minecraft.client.resources.model.ModelManager/]: No model loaded for default item model ID pochimod:budding_goshenite of pochimod:budding_goshenite
[173月2026 00:01:28.329] [Render thread/WARN] [net.minecraft.client.resources.model.ModelManager/]: No model loaded for default item model ID pochimod:goshenite_cluster of pochimod:goshenite_cluster
[173月2026 00:01:28.329] [Render thread/WARN] [net.minecraft.client.resources.model.ModelManager/]: No model loaded for default item model ID pochimod:large_goshenite_bud of pochimod:large_goshenite_bud
[173月2026 00:01:28.329] [Render thread/WARN] [net.minecraft.client.resources.model.ModelManager/]: No model loaded for default item model ID pochimod:medium_goshenite_bud of pochimod:medium_goshenite_bud
[173月2026 00:01:28.329] [Render thread/WARN] [net.minecraft.client.resources.model.ModelManager/]: No model loaded for default item model ID pochimod:small_goshenite_bud of pochimod:small_goshenite_bud
[173月2026 00:01:28.329] [Render thread/WARN] [net.minecraft.client.resources.model.ModelManager/]: No model loaded for default item model ID pochimod:rutile_block of pochimod:rutile_block
[173月2026 00:01:28.329] [Render thread/WARN] [net.minecraft.client.resources.model.ModelManager/]: No model loaded for default item model ID pochimod:budding_rutile of pochimod:budding_rutile
[173月2026 00:01:28.329] [Render thread/WARN] [net.minecraft.client.resources.model.ModelManager/]: No model loaded for default item model ID pochimod:rutile_cluster of pochimod:rutile_cluster
[173月2026 00:01:28.329] [Render thread/WARN] [net.minecraft.client.resources.model.ModelManager/]: No model loaded for default item model ID pochimod:large_rutile_bud of pochimod:large_rutile_bud
[173月2026 00:01:28.329] [Render thread/WARN] [net.minecraft.client.resources.model.ModelManager/]: No model loaded for default item model ID pochimod:medium_rutile_bud of pochimod:medium_rutile_bud
[173月2026 00:01:28.329] [Render thread/WARN] [net.minecraft.client.resources.model.ModelManager/]: No model loaded for default item model ID pochimod:small_rutile_bud of pochimod:small_rutile_bud
[173月2026 00:01:28.329] [Render thread/WARN] [net.minecraft.client.resources.model.ModelManager/]: No model loaded for default item model ID pochimod:jade_block of pochimod:jade_block
[173月2026 00:01:28.329] [Render thread/WARN] [net.minecraft.client.resources.model.ModelManager/]: No model loaded for default item model ID pochimod:budding_jade of pochimod:budding_jade
[173月2026 00:01:28.329] [Render thread/WARN] [net.minecraft.client.resources.model.ModelManager/]: No model loaded for default item model ID pochimod:jade_cluster of pochimod:jade_cluster
[173月2026 00:01:28.329] [Render thread/WARN] [net.minecraft.client.resources.model.ModelManager/]: No model loaded for default item model ID pochimod:large_jade_bud of pochimod:large_jade_bud
[173月2026 00:01:28.329] [Render thread/WARN] [net.minecraft.client.resources.model.ModelManager/]: No model loaded for default item model ID pochimod:medium_jade_bud of pochimod:medium_jade_bud
[173月2026 00:01:28.329] [Render thread/WARN] [net.minecraft.client.resources.model.ModelManager/]: No model loaded for default item model ID pochimod:small_jade_bud of pochimod:small_jade_bud
[173月2026 00:01:28.329] [Render thread/WARN] [net.minecraft.client.resources.model.ModelManager/]: No model loaded for default item model ID pochimod:euclase_block of pochimod:euclase_block
[173月2026 00:01:28.329] [Render thread/WARN] [net.minecraft.client.resources.model.ModelManager/]: No model loaded for default item model ID pochimod:budding_euclase of pochimod:budding_euclase
[173月2026 00:01:28.329] [Render thread/WARN] [net.minecraft.client.resources.model.ModelManager/]: No model loaded for default item model ID pochimod:euclase_cluster of pochimod:euclase_cluster
[173月2026 00:01:28.329] [Render thread/WARN] [net.minecraft.client.resources.model.ModelManager/]: No model loaded for default item model ID pochimod:large_euclase_bud of pochimod:large_euclase_bud
[173月2026 00:01:28.329] [Render thread/WARN] [net.minecraft.client.resources.model.ModelManager/]: No model loaded for default item model ID pochimod:medium_euclase_bud of pochimod:medium_euclase_bud
[173月2026 00:01:28.329] [Render thread/WARN] [net.minecraft.client.resources.model.ModelManager/]: No model loaded for default item model ID pochimod:small_euclase_bud of pochimod:small_euclase_bud
[173月2026 00:01:28.329] [Render thread/WARN] [net.minecraft.client.resources.model.ModelManager/]: No model loaded for default item model ID pochimod:alexandrite_block of pochimod:alexandrite_block
[173月2026 00:01:28.329] [Render thread/WARN] [net.minecraft.client.resources.model.ModelManager/]: No model loaded for default item model ID pochimod:budding_alexandrite of pochimod:budding_alexandrite
[173月2026 00:01:28.329] [Render thread/WARN] [net.minecraft.client.resources.model.ModelManager/]: No model loaded for default item model ID pochimod:alexandrite_cluster of pochimod:alexandrite_cluster
[173月2026 00:01:28.329] [Render thread/WARN] [net.minecraft.client.resources.model.ModelManager/]: No model loaded for default item model ID pochimod:large_alexandrite_bud of pochimod:large_alexandrite_bud
[173月2026 00:01:28.329] [Render thread/WARN] [net.minecraft.client.resources.model.ModelManager/]: No model loaded for default item model ID pochimod:medium_alexandrite_bud of pochimod:medium_alexandrite_bud
[173月2026 00:01:28.329] [Render thread/WARN] [net.minecraft.client.resources.model.ModelManager/]: No model loaded for default item model ID pochimod:small_alexandrite_bud of pochimod:small_alexandrite_bud
[173月2026 00:01:28.329] [Render thread/WARN] [net.minecraft.client.resources.model.ModelManager/]: No model loaded for default item model ID pochimod:phosphophylite_block of pochimod:phosphophylite_block
[173月2026 00:01:28.329] [Render thread/WARN] [net.minecraft.client.resources.model.ModelManager/]: No model loaded for default item model ID pochimod:budding_phosphophylite of pochimod:budding_phosphophylite
[173月2026 00:01:28.329] [Render thread/WARN] [net.minecraft.client.resources.model.ModelManager/]: No model loaded for default item model ID pochimod:phosphophylite_cluster of pochimod:phosphophylite_cluster
[173月2026 00:01:28.329] [Render thread/WARN] [net.minecraft.client.resources.model.ModelManager/]: No model loaded for default item model ID pochimod:large_phosphophylite_bud of pochimod:large_phosphophylite_bud
[173月2026 00:01:28.329] [Render thread/WARN] [net.minecraft.client.resources.model.ModelManager/]: No model loaded for default item model ID pochimod:medium_phosphophylite_bud of pochimod:medium_phosphophylite_bud
[173月2026 00:01:28.329] [Render thread/WARN] [net.minecraft.client.resources.model.ModelManager/]: No model loaded for default item model ID pochimod:small_phosphophylite_bud of pochimod:small_phosphophylite_bud
[173月2026 00:01:28.329] [Render thread/WARN] [net.minecraft.client.resources.model.ModelManager/]: No model loaded for default item model ID pochimod:salt_block of pochimod:salt_block
[173月2026 00:01:28.329] [Render thread/WARN] [net.minecraft.client.resources.model.ModelManager/]: No model loaded for default item model ID pochimod:rainbow_wood of pochimod:rainbow_wood
[173月2026 00:01:28.329] [Render thread/WARN] [net.minecraft.client.resources.model.ModelManager/]: No model loaded for default item model ID pochimod:chromite_ore of pochimod:chromite_ore
[173月2026 00:01:28.330] [Render thread/WARN] [net.minecraft.client.resources.model.ModelManager/]: No model loaded for default item model ID pochimod:deepslate_chromite_ore of pochimod:deepslate_chromite_ore
[173月2026 00:01:28.330] [Render thread/WARN] [net.minecraft.client.resources.model.ModelManager/]: No model loaded for default item model ID pochimod:netherrack_chromite_ore of pochimod:netherrack_chromite_ore
[173月2026 00:01:28.330] [Render thread/WARN] [net.minecraft.client.resources.model.ModelManager/]: No model loaded for default item model ID pochimod:fluorite_ore of pochimod:fluorite_ore
[173月2026 00:01:28.330] [Render thread/WARN] [net.minecraft.client.resources.model.ModelManager/]: No model loaded for default item model ID pochimod:deepslate_fluorite_ore of pochimod:deepslate_fluorite_ore
[173月2026 00:01:28.330] [Render thread/WARN] [net.minecraft.client.resources.model.ModelManager/]: No model loaded for default item model ID pochimod:netherrack_fluorite_ore of pochimod:netherrack_fluorite_ore
[173月2026 00:01:28.330] [Render thread/WARN] [net.minecraft.client.resources.model.ModelManager/]: No model loaded for default item model ID pochimod:alunite_ore of pochimod:alunite_ore
[173月2026 00:01:28.330] [Render thread/WARN] [net.minecraft.client.resources.model.ModelManager/]: No model loaded for default item model ID pochimod:deepslate_alunite_ore of pochimod:deepslate_alunite_ore
[173月2026 00:01:28.330] [Render thread/WARN] [net.minecraft.client.resources.model.ModelManager/]: No model loaded for default item model ID pochimod:netherrack_alunite_ore of pochimod:netherrack_alunite_ore
[173月2026 00:01:28.330] [Render thread/WARN] [net.minecraft.client.resources.model.ModelManager/]: No model loaded for default item model ID pochimod:bauxite_ore of pochimod:bauxite_ore
[173月2026 00:01:28.330] [Render thread/WARN] [net.minecraft.client.resources.model.ModelManager/]: No model loaded for default item model ID pochimod:deepslate_bauxite_ore of pochimod:deepslate_bauxite_ore
[173月2026 00:01:28.330] [Render thread/WARN] [net.minecraft.client.resources.model.ModelManager/]: No model loaded for default item model ID pochimod:netherrack_bauxite_ore of pochimod:netherrack_bauxite_ore
[173月2026 00:01:28.330] [Render thread/WARN] [net.minecraft.client.resources.model.ModelManager/]: No model loaded for default item model ID pochimod:titanium_ore of pochimod:titanium_ore
[173月2026 00:01:28.330] [Render thread/WARN] [net.minecraft.client.resources.model.ModelManager/]: No model loaded for default item model ID pochimod:deepslate_titanium_ore of pochimod:deepslate_titanium_ore
[173月2026 00:01:28.330] [Render thread/WARN] [net.minecraft.client.resources.model.ModelManager/]: No model loaded for default item model ID pochimod:netherrack_titanium_ore of pochimod:netherrack_titanium_ore
[173月2026 00:01:28.330] [Render thread/WARN] [net.minecraft.client.resources.model.ModelManager/]: No model loaded for default item model ID pochimod:magunesium_ore of pochimod:magunesium_ore
[173月2026 00:01:28.330] [Render thread/WARN] [net.minecraft.client.resources.model.ModelManager/]: No model loaded for default item model ID pochimod:deepslate_magunesium_ore of pochimod:deepslate_magunesium_ore
[173月2026 00:01:28.330] [Render thread/WARN] [net.minecraft.client.resources.model.ModelManager/]: No model loaded for default item model ID pochimod:netherrack_magunesium_ore of pochimod:netherrack_magunesium_ore
[173月2026 00:01:28.330] [Render thread/WARN] [net.minecraft.client.resources.model.ModelManager/]: No model loaded for default item model ID pochimod:vanadium_ore of pochimod:vanadium_ore
[173月2026 00:01:28.330] [Render thread/WARN] [net.minecraft.client.resources.model.ModelManager/]: No model loaded for default item model ID pochimod:deepslate_vanadium_ore of pochimod:deepslate_vanadium_ore
[173月2026 00:01:28.330] [Render thread/WARN] [net.minecraft.client.resources.model.ModelManager/]: No model loaded for default item model ID pochimod:netherrack_vanadium_ore of pochimod:netherrack_vanadium_ore
[173月2026 00:01:28.330] [Render thread/WARN] [net.minecraft.client.resources.model.ModelManager/]: No model loaded for default item model ID pochimod:chromite_block of pochimod:chromite_block
[173月2026 00:01:28.330] [Render thread/WARN] [net.minecraft.client.resources.model.ModelManager/]: No model loaded for default item model ID pochimod:stainless_block of pochimod:stainless_block
[173月2026 00:01:28.330] [Render thread/WARN] [net.minecraft.client.resources.model.ModelManager/]: No model loaded for default item model ID pochimod:fluorite_block of pochimod:fluorite_block
[173月2026 00:01:28.330] [Render thread/WARN] [net.minecraft.client.resources.model.ModelManager/]: No model loaded for default item model ID pochimod:alunite_block of pochimod:alunite_block
[173月2026 00:01:28.330] [Render thread/WARN] [net.minecraft.client.resources.model.ModelManager/]: No model loaded for default item model ID pochimod:aluminum_block of pochimod:aluminum_block
[173月2026 00:01:28.330] [Render thread/WARN] [net.minecraft.client.resources.model.ModelManager/]: No model loaded for default item model ID pochimod:titanium_block of pochimod:titanium_block
[173月2026 00:01:28.330] [Render thread/WARN] [net.minecraft.client.resources.model.ModelManager/]: No model loaded for default item model ID pochimod:magunesium_block of pochimod:magunesium_block
[173月2026 00:01:28.330] [Render thread/WARN] [net.minecraft.client.resources.model.ModelManager/]: No model loaded for default item model ID pochimod:vanadium_block of pochimod:vanadium_block
[173月2026 00:01:28.330] [Render thread/WARN] [net.minecraft.client.resources.model.ModelManager/]: No model loaded for default item model ID pochimod:pammukale_block of pochimod:pammukale_block
[173月2026 00:01:28.330] [Render thread/WARN] [net.minecraft.client.resources.model.ModelManager/]: No model loaded for default item model ID pochimod:sanitary_block of pochimod:sanitary_block
[173月2026 00:01:28.330] [Render thread/WARN] [net.minecraft.client.resources.model.ModelManager/]: No model loaded for default item model ID pochimod:bfurnace_block of pochimod:bfurnace_block
[173月2026 00:01:28.330] [Render thread/WARN] [net.minecraft.client.resources.model.ModelManager/]: No model loaded for default item model ID pochimod:distiller_block of pochimod:distiller_block
[173月2026 00:01:28.330] [Render thread/WARN] [net.minecraft.client.resources.model.ModelManager/]: No model loaded for default item model ID pochimod:sakedaru_block of pochimod:sakedaru_block
[173月2026 00:01:28.330] [Render thread/WARN] [net.minecraft.client.resources.model.ModelManager/]: No model loaded for default item model ID pochimod:mixer_block of pochimod:mixer_block
[173月2026 00:01:28.330] [Render thread/WARN] [net.minecraft.client.resources.model.ModelManager/]: No model loaded for default item model ID pochimod:frypan_block of pochimod:frypan_block
[173月2026 00:01:28.330] [Render thread/WARN] [net.minecraft.client.resources.model.ModelManager/]: No model loaded for default item model ID pochimod:cabernet_sauvignon_log of pochimod:cabernet_sauvignon_log
[173月2026 00:01:28.331] [Render thread/WARN] [net.minecraft.client.resources.model.ModelManager/]: No model loaded for default item model ID pochimod:cabernet_sauvignon_wood of pochimod:cabernet_sauvignon_wood
[173月2026 00:01:28.331] [Render thread/WARN] [net.minecraft.client.resources.model.ModelManager/]: No model loaded for default item model ID pochimod:stripped_cabernet_sauvignon_log of pochimod:stripped_cabernet_sauvignon_log
[173月2026 00:01:28.331] [Render thread/WARN] [net.minecraft.client.resources.model.ModelManager/]: No model loaded for default item model ID pochimod:stripped_cabernet_sauvignon_wood of pochimod:stripped_cabernet_sauvignon_wood
[173月2026 00:01:28.331] [Render thread/WARN] [net.minecraft.client.resources.model.ModelManager/]: No model loaded for default item model ID pochimod:cabernet_sauvignon_planks of pochimod:cabernet_sauvignon_planks
[173月2026 00:01:28.331] [Render thread/WARN] [net.minecraft.client.resources.model.ModelManager/]: No model loaded for default item model ID pochimod:cabernet_sauvignon_leaves of pochimod:cabernet_sauvignon_leaves
[173月2026 00:01:28.331] [Render thread/WARN] [net.minecraft.client.resources.model.ModelManager/]: No model loaded for default item model ID pochimod:cabernet_sauvignon_sapling of pochimod:cabernet_sauvignon_sapling
[173月2026 00:01:28.331] [Render thread/WARN] [net.minecraft.client.resources.model.ModelManager/]: No model loaded for default item model ID pochimod:maple_log of pochimod:maple_log
[173月2026 00:01:28.331] [Render thread/WARN] [net.minecraft.client.resources.model.ModelManager/]: No model loaded for default item model ID pochimod:maple_wood of pochimod:maple_wood
[173月2026 00:01:28.331] [Render thread/WARN] [net.minecraft.client.resources.model.ModelManager/]: No model loaded for default item model ID pochimod:stripped_maple_log of pochimod:stripped_maple_log
[173月2026 00:01:28.331] [Render thread/WARN] [net.minecraft.client.resources.model.ModelManager/]: No model loaded for default item model ID pochimod:stripped_maple_wood of pochimod:stripped_maple_wood
[173月2026 00:01:28.331] [Render thread/WARN] [net.minecraft.client.resources.model.ModelManager/]: No model loaded for default item model ID pochimod:maple_planks of pochimod:maple_planks
[173月2026 00:01:28.331] [Render thread/WARN] [net.minecraft.client.resources.model.ModelManager/]: No model loaded for default item model ID pochimod:maple_leaves of pochimod:maple_leaves
[173月2026 00:01:28.331] [Render thread/WARN] [net.minecraft.client.resources.model.ModelManager/]: No model loaded for default item model ID pochimod:maple_sapling of pochimod:maple_sapling
[173月2026 00:01:28.331] [Render thread/WARN] [net.minecraft.client.resources.model.ModelManager/]: No model loaded for default item model ID pochimod:cinnamon_log of pochimod:cinnamon_log
[173月2026 00:01:28.331] [Render thread/WARN] [net.minecraft.client.resources.model.ModelManager/]: No model loaded for default item model ID pochimod:cinnamon_wood of pochimod:cinnamon_wood
[173月2026 00:01:28.331] [Render thread/WARN] [net.minecraft.client.resources.model.ModelManager/]: No model loaded for default item model ID pochimod:stripped_cinnamon_log of pochimod:stripped_cinnamon_log
[173月2026 00:01:28.331] [Render thread/WARN] [net.minecraft.client.resources.model.ModelManager/]: No model loaded for default item model ID pochimod:stripped_cinnamon_wood of pochimod:stripped_cinnamon_wood
[173月2026 00:01:28.331] [Render thread/WARN] [net.minecraft.client.resources.model.ModelManager/]: No model loaded for default item model ID pochimod:cinnamon_planks of pochimod:cinnamon_planks
[173月2026 00:01:28.331] [Render thread/WARN] [net.minecraft.client.resources.model.ModelManager/]: No model loaded for default item model ID pochimod:cinnamon_leaves of pochimod:cinnamon_leaves
[173月2026 00:01:28.331] [Render thread/WARN] [net.minecraft.client.resources.model.ModelManager/]: No model loaded for default item model ID pochimod:cinnamon_sapling of pochimod:cinnamon_sapling
[173月2026 00:01:28.331] [Render thread/WARN] [net.minecraft.client.resources.model.ModelManager/]: No model loaded for default item model ID pochimod:cola_log of pochimod:cola_log
[173月2026 00:01:28.331] [Render thread/WARN] [net.minecraft.client.resources.model.ModelManager/]: No model loaded for default item model ID pochimod:cola_wood of pochimod:cola_wood
[173月2026 00:01:28.331] [Render thread/WARN] [net.minecraft.client.resources.model.ModelManager/]: No model loaded for default item model ID pochimod:stripped_cola_log of pochimod:stripped_cola_log
[173月2026 00:01:28.331] [Render thread/WARN] [net.minecraft.client.resources.model.ModelManager/]: No model loaded for default item model ID pochimod:stripped_cola_wood of pochimod:stripped_cola_wood
[173月2026 00:01:28.331] [Render thread/WARN] [net.minecraft.client.resources.model.ModelManager/]: No model loaded for default item model ID pochimod:cola_planks of pochimod:cola_planks
[173月2026 00:01:28.331] [Render thread/WARN] [net.minecraft.client.resources.model.ModelManager/]: No model loaded for default item model ID pochimod:cola_leaves of pochimod:cola_leaves
[173月2026 00:01:28.331] [Render thread/WARN] [net.minecraft.client.resources.model.ModelManager/]: No model loaded for default item model ID pochimod:cola_sapling of pochimod:cola_sapling
[173月2026 00:01:28.331] [Render thread/WARN] [net.minecraft.client.resources.model.ModelManager/]: No model loaded for default item model ID pochimod:lemon_log of pochimod:lemon_log
[173月2026 00:01:28.331] [Render thread/WARN] [net.minecraft.client.resources.model.ModelManager/]: No model loaded for default item model ID pochimod:lemon_wood of pochimod:lemon_wood
[173月2026 00:01:28.331] [Render thread/WARN] [net.minecraft.client.resources.model.ModelManager/]: No model loaded for default item model ID pochimod:stripped_lemon_log of pochimod:stripped_lemon_log
[173月2026 00:01:28.331] [Render thread/WARN] [net.minecraft.client.resources.model.ModelManager/]: No model loaded for default item model ID pochimod:stripped_lemon_wood of pochimod:stripped_lemon_wood
[173月2026 00:01:28.331] [Render thread/WARN] [net.minecraft.client.resources.model.ModelManager/]: No model loaded for default item model ID pochimod:lemon_planks of pochimod:lemon_planks
[173月2026 00:01:28.332] [Render thread/WARN] [net.minecraft.client.resources.model.ModelManager/]: No model loaded for default item model ID pochimod:lemon_leaves of pochimod:lemon_leaves
[173月2026 00:01:28.332] [Render thread/WARN] [net.minecraft.client.resources.model.ModelManager/]: No model loaded for default item model ID pochimod:lemon_sapling of pochimod:lemon_sapling
[173月2026 00:01:28.332] [Render thread/WARN] [net.minecraft.client.resources.model.ModelManager/]: No model loaded for default item model ID pochimod:plum_log of pochimod:plum_log
[173月2026 00:01:28.332] [Render thread/WARN] [net.minecraft.client.resources.model.ModelManager/]: No model loaded for default item model ID pochimod:plum_wood of pochimod:plum_wood
[173月2026 00:01:28.332] [Render thread/WARN] [net.minecraft.client.resources.model.ModelManager/]: No model loaded for default item model ID pochimod:stripped_plum_log of pochimod:stripped_plum_log
[173月2026 00:01:28.332] [Render thread/WARN] [net.minecraft.client.resources.model.ModelManager/]: No model loaded for default item model ID pochimod:stripped_plum_wood of pochimod:stripped_plum_wood
[173月2026 00:01:28.332] [Render thread/WARN] [net.minecraft.client.resources.model.ModelManager/]: No model loaded for default item model ID pochimod:plum_planks of pochimod:plum_planks
[173月2026 00:01:28.332] [Render thread/WARN] [net.minecraft.client.resources.model.ModelManager/]: No model loaded for default item model ID pochimod:plum_leaves of pochimod:plum_leaves
[173月2026 00:01:28.332] [Render thread/WARN] [net.minecraft.client.resources.model.ModelManager/]: No model loaded for default item model ID pochimod:plum_sapling of pochimod:plum_sapling
[173月2026 00:01:28.332] [Render thread/WARN] [net.minecraft.client.resources.model.ModelManager/]: No model loaded for default item model ID pochimod:cherry_log of pochimod:cherry_log
[173月2026 00:01:28.332] [Render thread/WARN] [net.minecraft.client.resources.model.ModelManager/]: No model loaded for default item model ID pochimod:cherry_wood of pochimod:cherry_wood
[173月2026 00:01:28.332] [Render thread/WARN] [net.minecraft.client.resources.model.ModelManager/]: No model loaded for default item model ID pochimod:stripped_cherry_log of pochimod:stripped_cherry_log
[173月2026 00:01:28.332] [Render thread/WARN] [net.minecraft.client.resources.model.ModelManager/]: No model loaded for default item model ID pochimod:stripped_cherry_wood of pochimod:stripped_cherry_wood
[173月2026 00:01:28.332] [Render thread/WARN] [net.minecraft.client.resources.model.ModelManager/]: No model loaded for default item model ID pochimod:cherry_planks of pochimod:cherry_planks
[173月2026 00:01:28.332] [Render thread/WARN] [net.minecraft.client.resources.model.ModelManager/]: No model loaded for default item model ID pochimod:cherry_leaves of pochimod:cherry_leaves
[173月2026 00:01:28.332] [Render thread/WARN] [net.minecraft.client.resources.model.ModelManager/]: No model loaded for default item model ID pochimod:cherry_sapling of pochimod:cherry_sapling
[173月2026 00:01:28.332] [Render thread/WARN] [net.minecraft.client.resources.model.ModelManager/]: No model loaded for default item model ID pochimod:banana_log of pochimod:banana_log
[173月2026 00:01:28.332] [Render thread/WARN] [net.minecraft.client.resources.model.ModelManager/]: No model loaded for default item model ID pochimod:banana_wood of pochimod:banana_wood
[173月2026 00:01:28.332] [Render thread/WARN] [net.minecraft.client.resources.model.ModelManager/]: No model loaded for default item model ID pochimod:stripped_banana_log of pochimod:stripped_banana_log
[173月2026 00:01:28.332] [Render thread/WARN] [net.minecraft.client.resources.model.ModelManager/]: No model loaded for default item model ID pochimod:stripped_banana_wood of pochimod:stripped_banana_wood
[173月2026 00:01:28.332] [Render thread/WARN] [net.minecraft.client.resources.model.ModelManager/]: No model loaded for default item model ID pochimod:banana_planks of pochimod:banana_planks
[173月2026 00:01:28.332] [Render thread/WARN] [net.minecraft.client.resources.model.ModelManager/]: No model loaded for default item model ID pochimod:banana_leaves of pochimod:banana_leaves
[173月2026 00:01:28.332] [Render thread/WARN] [net.minecraft.client.resources.model.ModelManager/]: No model loaded for default item model ID pochimod:banana_sapling of pochimod:banana_sapling
[173月2026 00:01:28.332] [Render thread/WARN] [net.minecraft.client.resources.model.ModelManager/]: No model loaded for default item model ID pochimod:peach_log of pochimod:peach_log
[173月2026 00:01:28.332] [Render thread/WARN] [net.minecraft.client.resources.model.ModelManager/]: No model loaded for default item model ID pochimod:peach_wood of pochimod:peach_wood
[173月2026 00:01:28.332] [Render thread/WARN] [net.minecraft.client.resources.model.ModelManager/]: No model loaded for default item model ID pochimod:stripped_peach_log of pochimod:stripped_peach_log
[173月2026 00:01:28.332] [Render thread/WARN] [net.minecraft.client.resources.model.ModelManager/]: No model loaded for default item model ID pochimod:stripped_peach_wood of pochimod:stripped_peach_wood
[173月2026 00:01:28.332] [Render thread/WARN] [net.minecraft.client.resources.model.ModelManager/]: No model loaded for default item model ID pochimod:peach_planks of pochimod:peach_planks
[173月2026 00:01:28.332] [Render thread/WARN] [net.minecraft.client.resources.model.ModelManager/]: No model loaded for default item model ID pochimod:peach_leaves of pochimod:peach_leaves
[173月2026 00:01:28.332] [Render thread/WARN] [net.minecraft.client.resources.model.ModelManager/]: No model loaded for default item model ID pochimod:peach_sapling of pochimod:peach_sapling
[173月2026 00:01:28.332] [Render thread/WARN] [net.minecraft.client.resources.model.ModelManager/]: No model loaded for default item model ID pochimod:coconut_log of pochimod:coconut_log
[173月2026 00:01:28.332] [Render thread/WARN] [net.minecraft.client.resources.model.ModelManager/]: No model loaded for default item model ID pochimod:coconut_wood of pochimod:coconut_wood
[173月2026 00:01:28.332] [Render thread/WARN] [net.minecraft.client.resources.model.ModelManager/]: No model loaded for default item model ID pochimod:stripped_coconut_log of pochimod:stripped_coconut_log
[173月2026 00:01:28.332] [Render thread/WARN] [net.minecraft.client.resources.model.ModelManager/]: No model loaded for default item model ID pochimod:stripped_coconut_wood of pochimod:stripped_coconut_wood
[173月2026 00:01:28.332] [Render thread/WARN] [net.minecraft.client.resources.model.ModelManager/]: No model loaded for default item model ID pochimod:coconut_planks of pochimod:coconut_planks
[173月2026 00:01:28.332] [Render thread/WARN] [net.minecraft.client.resources.model.ModelManager/]: No model loaded for default item model ID pochimod:coconut_leaves of pochimod:coconut_leaves
[173月2026 00:01:28.332] [Render thread/WARN] [net.minecraft.client.resources.model.ModelManager/]: No model loaded for default item model ID pochimod:coconut_sapling of pochimod:coconut_sapling
[173月2026 00:01:28.332] [Render thread/WARN] [net.minecraft.client.resources.model.ModelManager/]: No model loaded for default item model ID pochimod:almond_log of pochimod:almond_log
[173月2026 00:01:28.332] [Render thread/WARN] [net.minecraft.client.resources.model.ModelManager/]: No model loaded for default item model ID pochimod:almond_wood of pochimod:almond_wood
[173月2026 00:01:28.332] [Render thread/WARN] [net.minecraft.client.resources.model.ModelManager/]: No model loaded for default item model ID pochimod:stripped_almond_log of pochimod:stripped_almond_log
[173月2026 00:01:28.332] [Render thread/WARN] [net.minecraft.client.resources.model.ModelManager/]: No model loaded for default item model ID pochimod:stripped_almond_wood of pochimod:stripped_almond_wood
[173月2026 00:01:28.332] [Render thread/WARN] [net.minecraft.client.resources.model.ModelManager/]: No model loaded for default item model ID pochimod:almond_planks of pochimod:almond_planks
[173月2026 00:01:28.332] [Render thread/WARN] [net.minecraft.client.resources.model.ModelManager/]: No model loaded for default item model ID pochimod:almond_leaves of pochimod:almond_leaves
[173月2026 00:01:28.332] [Render thread/WARN] [net.minecraft.client.resources.model.ModelManager/]: No model loaded for default item model ID pochimod:almond_sapling of pochimod:almond_sapling
[173月2026 00:01:28.333] [Render thread/WARN] [net.minecraft.client.resources.model.ModelManager/]: No model loaded for default item model ID pochimod:durian_log of pochimod:durian_log
[173月2026 00:01:28.333] [Render thread/WARN] [net.minecraft.client.resources.model.ModelManager/]: No model loaded for default item model ID pochimod:durian_wood of pochimod:durian_wood
[173月2026 00:01:28.333] [Render thread/WARN] [net.minecraft.client.resources.model.ModelManager/]: No model loaded for default item model ID pochimod:stripped_durian_log of pochimod:stripped_durian_log
[173月2026 00:01:28.333] [Render thread/WARN] [net.minecraft.client.resources.model.ModelManager/]: No model loaded for default item model ID pochimod:stripped_durian_wood of pochimod:stripped_durian_wood
[173月2026 00:01:28.333] [Render thread/WARN] [net.minecraft.client.resources.model.ModelManager/]: No model loaded for default item model ID pochimod:durian_planks of pochimod:durian_planks
[173月2026 00:01:28.333] [Render thread/WARN] [net.minecraft.client.resources.model.ModelManager/]: No model loaded for default item model ID pochimod:durian_leaves of pochimod:durian_leaves
[173月2026 00:01:28.333] [Render thread/WARN] [net.minecraft.client.resources.model.ModelManager/]: No model loaded for default item model ID pochimod:durian_sapling of pochimod:durian_sapling
[173月2026 00:01:28.333] [Render thread/WARN] [net.minecraft.client.resources.model.ModelManager/]: No model loaded for default item model ID pochimod:coffee_log of pochimod:coffee_log
[173月2026 00:01:28.333] [Render thread/WARN] [net.minecraft.client.resources.model.ModelManager/]: No model loaded for default item model ID pochimod:coffee_wood of pochimod:coffee_wood
[173月2026 00:01:28.333] [Render thread/WARN] [net.minecraft.client.resources.model.ModelManager/]: No model loaded for default item model ID pochimod:stripped_coffee_log of pochimod:stripped_coffee_log
[173月2026 00:01:28.333] [Render thread/WARN] [net.minecraft.client.resources.model.ModelManager/]: No model loaded for default item model ID pochimod:stripped_coffee_wood of pochimod:stripped_coffee_wood
[173月2026 00:01:28.333] [Render thread/WARN] [net.minecraft.client.resources.model.ModelManager/]: No model loaded for default item model ID pochimod:coffee_planks of pochimod:coffee_planks
[173月2026 00:01:28.333] [Render thread/WARN] [net.minecraft.client.resources.model.ModelManager/]: No model loaded for default item model ID pochimod:coffee_leaves of pochimod:coffee_leaves
[173月2026 00:01:28.333] [Render thread/WARN] [net.minecraft.client.resources.model.ModelManager/]: No model loaded for default item model ID pochimod:coffee_sapling of pochimod:coffee_sapling
[173月2026 00:01:28.333] [Render thread/WARN] [net.minecraft.client.resources.model.ModelManager/]: No model loaded for default item model ID pochimod:kiwi_log of pochimod:kiwi_log
[173月2026 00:01:28.333] [Render thread/WARN] [net.minecraft.client.resources.model.ModelManager/]: No model loaded for default item model ID pochimod:kiwi_wood of pochimod:kiwi_wood
[173月2026 00:01:28.333] [Render thread/WARN] [net.minecraft.client.resources.model.ModelManager/]: No model loaded for default item model ID pochimod:stripped_kiwi_log of pochimod:stripped_kiwi_log
[173月2026 00:01:28.333] [Render thread/WARN] [net.minecraft.client.resources.model.ModelManager/]: No model loaded for default item model ID pochimod:stripped_kiwi_wood of pochimod:stripped_kiwi_wood
[173月2026 00:01:28.333] [Render thread/WARN] [net.minecraft.client.resources.model.ModelManager/]: No model loaded for default item model ID pochimod:kiwi_planks of pochimod:kiwi_planks
[173月2026 00:01:28.333] [Render thread/WARN] [net.minecraft.client.resources.model.ModelManager/]: No model loaded for default item model ID pochimod:kiwi_leaves of pochimod:kiwi_leaves
[173月2026 00:01:28.333] [Render thread/WARN] [net.minecraft.client.resources.model.ModelManager/]: No model loaded for default item model ID pochimod:kiwi_sapling of pochimod:kiwi_sapling
[173月2026 00:01:28.333] [Render thread/WARN] [net.minecraft.client.resources.model.ModelManager/]: No model loaded for default item model ID pochimod:tea_bush of pochimod:tea_bush
[173月2026 00:01:28.333] [Render thread/WARN] [net.minecraft.client.resources.model.ModelManager/]: No model loaded for default item model ID pochimod:olive_bush of pochimod:olive_bush
[173月2026 00:01:28.333] [Render thread/WARN] [net.minecraft.client.resources.model.ModelManager/]: No model loaded for default item model ID pochimod:blue_berry_bush of pochimod:blue_berry_bush
[173月2026 00:01:28.333] [Render thread/WARN] [net.minecraft.client.resources.model.ModelManager/]: No model loaded for default item model ID pochimod:hop_bush of pochimod:hop_bush
[173月2026 00:01:28.333] [Render thread/WARN] [net.minecraft.client.resources.model.ModelManager/]: No model loaded for default item model ID pochimod:pepper_bush of pochimod:pepper_bush
[173月2026 00:01:28.333] [Render thread/WARN] [net.minecraft.client.resources.model.ModelManager/]: No model loaded for default item model ID pochimod:cabernet_sauvignon_stairs of pochimod:cabernet_sauvignon_stairs
[173月2026 00:01:28.333] [Render thread/WARN] [net.minecraft.client.resources.model.ModelManager/]: No model loaded for default item model ID pochimod:cabernet_sauvignon_slab of pochimod:cabernet_sauvignon_slab
[173月2026 00:01:28.333] [Render thread/WARN] [net.minecraft.client.resources.model.ModelManager/]: No model loaded for default item model ID pochimod:cabernet_sauvignon_fence of pochimod:cabernet_sauvignon_fence
[173月2026 00:01:28.333] [Render thread/WARN] [net.minecraft.client.resources.model.ModelManager/]: No model loaded for default item model ID pochimod:cabernet_sauvignon_fence_gate of pochimod:cabernet_sauvignon_fence_gate
[173月2026 00:01:28.333] [Render thread/WARN] [net.minecraft.client.resources.model.ModelManager/]: No model loaded for default item model ID pochimod:cabernet_sauvignon_pressure_plate of pochimod:cabernet_sauvignon_pressure_plate
[173月2026 00:01:28.333] [Render thread/WARN] [net.minecraft.client.resources.model.ModelManager/]: No model loaded for default item model ID pochimod:cabernet_sauvignon_door of pochimod:cabernet_sauvignon_door
[173月2026 00:01:28.333] [Render thread/WARN] [net.minecraft.client.resources.model.ModelManager/]: No model loaded for default item model ID pochimod:cabernet_sauvignon_trapdoor of pochimod:cabernet_sauvignon_trapdoor
[173月2026 00:01:28.333] [Render thread/WARN] [net.minecraft.client.resources.model.ModelManager/]: No model loaded for default item model ID pochimod:maple_stairs of pochimod:maple_stairs
[173月2026 00:01:28.333] [Render thread/WARN] [net.minecraft.client.resources.model.ModelManager/]: No model loaded for default item model ID pochimod:maple_slab of pochimod:maple_slab
[173月2026 00:01:28.333] [Render thread/WARN] [net.minecraft.client.resources.model.ModelManager/]: No model loaded for default item model ID pochimod:maple_fence of pochimod:maple_fence
[173月2026 00:01:28.333] [Render thread/WARN] [net.minecraft.client.resources.model.ModelManager/]: No model loaded for default item model ID pochimod:maple_fence_gate of pochimod:maple_fence_gate
[173月2026 00:01:28.333] [Render thread/WARN] [net.minecraft.client.resources.model.ModelManager/]: No model loaded for default item model ID pochimod:maple_pressure_plate of pochimod:maple_pressure_plate
[173月2026 00:01:28.333] [Render thread/WARN] [net.minecraft.client.resources.model.ModelManager/]: No model loaded for default item model ID pochimod:maple_door of pochimod:maple_door
[173月2026 00:01:28.333] [Render thread/WARN] [net.minecraft.client.resources.model.ModelManager/]: No model loaded for default item model ID pochimod:maple_trapdoor of pochimod:maple_trapdoor
[173月2026 00:01:28.334] [Render thread/WARN] [net.minecraft.client.resources.model.ModelManager/]: No model loaded for default item model ID pochimod:cinnamon_stairs of pochimod:cinnamon_stairs
[173月2026 00:01:28.334] [Render thread/WARN] [net.minecraft.client.resources.model.ModelManager/]: No model loaded for default item model ID pochimod:cinnamon_slab of pochimod:cinnamon_slab
[173月2026 00:01:28.334] [Render thread/WARN] [net.minecraft.client.resources.model.ModelManager/]: No model loaded for default item model ID pochimod:cinnamon_fence of pochimod:cinnamon_fence
[173月2026 00:01:28.334] [Render thread/WARN] [net.minecraft.client.resources.model.ModelManager/]: No model loaded for default item model ID pochimod:cinnamon_fence_gate of pochimod:cinnamon_fence_gate
[173月2026 00:01:28.334] [Render thread/WARN] [net.minecraft.client.resources.model.ModelManager/]: No model loaded for default item model ID pochimod:cinnamon_pressure_plate of pochimod:cinnamon_pressure_plate
[173月2026 00:01:28.334] [Render thread/WARN] [net.minecraft.client.resources.model.ModelManager/]: No model loaded for default item model ID pochimod:cinnamon_door of pochimod:cinnamon_door
[173月2026 00:01:28.334] [Render thread/WARN] [net.minecraft.client.resources.model.ModelManager/]: No model loaded for default item model ID pochimod:cinnamon_trapdoor of pochimod:cinnamon_trapdoor
[173月2026 00:01:28.334] [Render thread/WARN] [net.minecraft.client.resources.model.ModelManager/]: No model loaded for default item model ID pochimod:cola_stairs of pochimod:cola_stairs
[173月2026 00:01:28.334] [Render thread/WARN] [net.minecraft.client.resources.model.ModelManager/]: No model loaded for default item model ID pochimod:cola_slab of pochimod:cola_slab
[173月2026 00:01:28.334] [Render thread/WARN] [net.minecraft.client.resources.model.ModelManager/]: No model loaded for default item model ID pochimod:cola_fence of pochimod:cola_fence
[173月2026 00:01:28.334] [Render thread/WARN] [net.minecraft.client.resources.model.ModelManager/]: No model loaded for default item model ID pochimod:cola_fence_gate of pochimod:cola_fence_gate
[173月2026 00:01:28.334] [Render thread/WARN] [net.minecraft.client.resources.model.ModelManager/]: No model loaded for default item model ID pochimod:cola_pressure_plate of pochimod:cola_pressure_plate
[173月2026 00:01:28.334] [Render thread/WARN] [net.minecraft.client.resources.model.ModelManager/]: No model loaded for default item model ID pochimod:cola_door of pochimod:cola_door
[173月2026 00:01:28.334] [Render thread/WARN] [net.minecraft.client.resources.model.ModelManager/]: No model loaded for default item model ID pochimod:cola_trapdoor of pochimod:cola_trapdoor
[173月2026 00:01:28.334] [Render thread/WARN] [net.minecraft.client.resources.model.ModelManager/]: No model loaded for default item model ID pochimod:lemon_stairs of pochimod:lemon_stairs
[173月2026 00:01:28.334] [Render thread/WARN] [net.minecraft.client.resources.model.ModelManager/]: No model loaded for default item model ID pochimod:lemon_slab of pochimod:lemon_slab
[173月2026 00:01:28.334] [Render thread/WARN] [net.minecraft.client.resources.model.ModelManager/]: No model loaded for default item model ID pochimod:lemon_fence of pochimod:lemon_fence
[173月2026 00:01:28.334] [Render thread/WARN] [net.minecraft.client.resources.model.ModelManager/]: No model loaded for default item model ID pochimod:lemon_fence_gate of pochimod:lemon_fence_gate
[173月2026 00:01:28.334] [Render thread/WARN] [net.minecraft.client.resources.model.ModelManager/]: No model loaded for default item model ID pochimod:lemon_pressure_plate of pochimod:lemon_pressure_plate
[173月2026 00:01:28.334] [Render thread/WARN] [net.minecraft.client.resources.model.ModelManager/]: No model loaded for default item model ID pochimod:lemon_door of pochimod:lemon_door
[173月2026 00:01:28.334] [Render thread/WARN] [net.minecraft.client.resources.model.ModelManager/]: No model loaded for default item model ID pochimod:lemon_trapdoor of pochimod:lemon_trapdoor
[173月2026 00:01:28.334] [Render thread/WARN] [net.minecraft.client.resources.model.ModelManager/]: No model loaded for default item model ID pochimod:plum_stairs of pochimod:plum_stairs
[173月2026 00:01:28.334] [Render thread/WARN] [net.minecraft.client.resources.model.ModelManager/]: No model loaded for default item model ID pochimod:plum_slab of pochimod:plum_slab
[173月2026 00:01:28.334] [Render thread/WARN] [net.minecraft.client.resources.model.ModelManager/]: No model loaded for default item model ID pochimod:plum_fence of pochimod:plum_fence
[173月2026 00:01:28.334] [Render thread/WARN] [net.minecraft.client.resources.model.ModelManager/]: No model loaded for default item model ID pochimod:plum_fence_gate of pochimod:plum_fence_gate
[173月2026 00:01:28.334] [Render thread/WARN] [net.minecraft.client.resources.model.ModelManager/]: No model loaded for default item model ID pochimod:plum_pressure_plate of pochimod:plum_pressure_plate
[173月2026 00:01:28.334] [Render thread/WARN] [net.minecraft.client.resources.model.ModelManager/]: No model loaded for default item model ID pochimod:plum_door of pochimod:plum_door
[173月2026 00:01:28.334] [Render thread/WARN] [net.minecraft.client.resources.model.ModelManager/]: No model loaded for default item model ID pochimod:plum_trapdoor of pochimod:plum_trapdoor
[173月2026 00:01:28.334] [Render thread/WARN] [net.minecraft.client.resources.model.ModelManager/]: No model loaded for default item model ID pochimod:cherry_stairs of pochimod:cherry_stairs
[173月2026 00:01:28.334] [Render thread/WARN] [net.minecraft.client.resources.model.ModelManager/]: No model loaded for default item model ID pochimod:cherry_slab of pochimod:cherry_slab
[173月2026 00:01:28.334] [Render thread/WARN] [net.minecraft.client.resources.model.ModelManager/]: No model loaded for default item model ID pochimod:cherry_fence of pochimod:cherry_fence
[173月2026 00:01:28.334] [Render thread/WARN] [net.minecraft.client.resources.model.ModelManager/]: No model loaded for default item model ID pochimod:cherry_fence_gate of pochimod:cherry_fence_gate
[173月2026 00:01:28.334] [Render thread/WARN] [net.minecraft.client.resources.model.ModelManager/]: No model loaded for default item model ID pochimod:cherry_pressure_plate of pochimod:cherry_pressure_plate
[173月2026 00:01:28.334] [Render thread/WARN] [net.minecraft.client.resources.model.ModelManager/]: No model loaded for default item model ID pochimod:cherry_door of pochimod:cherry_door
[173月2026 00:01:28.334] [Render thread/WARN] [net.minecraft.client.resources.model.ModelManager/]: No model loaded for default item model ID pochimod:cherry_trapdoor of pochimod:cherry_trapdoor
[173月2026 00:01:28.334] [Render thread/WARN] [net.minecraft.client.resources.model.ModelManager/]: No model loaded for default item model ID pochimod:banana_stairs of pochimod:banana_stairs
[173月2026 00:01:28.334] [Render thread/WARN] [net.minecraft.client.resources.model.ModelManager/]: No model loaded for default item model ID pochimod:banana_slab of pochimod:banana_slab
[173月2026 00:01:28.334] [Render thread/WARN] [net.minecraft.client.resources.model.ModelManager/]: No model loaded for default item model ID pochimod:banana_fence of pochimod:banana_fence
[173月2026 00:01:28.334] [Render thread/WARN] [net.minecraft.client.resources.model.ModelManager/]: No model loaded for default item model ID pochimod:banana_fence_gate of pochimod:banana_fence_gate
[173月2026 00:01:28.334] [Render thread/WARN] [net.minecraft.client.resources.model.ModelManager/]: No model loaded for default item model ID pochimod:banana_pressure_plate of pochimod:banana_pressure_plate
[173月2026 00:01:28.334] [Render thread/WARN] [net.minecraft.client.resources.model.ModelManager/]: No model loaded for default item model ID pochimod:banana_door of pochimod:banana_door
[173月2026 00:01:28.334] [Render thread/WARN] [net.minecraft.client.resources.model.ModelManager/]: No model loaded for default item model ID pochimod:banana_trapdoor of pochimod:banana_trapdoor
[173月2026 00:01:28.334] [Render thread/WARN] [net.minecraft.client.resources.model.ModelManager/]: No model loaded for default item model ID pochimod:coconut_stairs of pochimod:coconut_stairs
[173月2026 00:01:28.334] [Render thread/WARN] [net.minecraft.client.resources.model.ModelManager/]: No model loaded for default item model ID pochimod:coconut_slab of pochimod:coconut_slab
[173月2026 00:01:28.334] [Render thread/WARN] [net.minecraft.client.resources.model.ModelManager/]: No model loaded for default item model ID pochimod:coconut_fence of pochimod:coconut_fence
[173月2026 00:01:28.334] [Render thread/WARN] [net.minecraft.client.resources.model.ModelManager/]: No model loaded for default item model ID pochimod:coconut_fence_gate of pochimod:coconut_fence_gate
[173月2026 00:01:28.335] [Render thread/WARN] [net.minecraft.client.resources.model.ModelManager/]: No model loaded for default item model ID pochimod:coconut_pressure_plate of pochimod:coconut_pressure_plate
[173月2026 00:01:28.335] [Render thread/WARN] [net.minecraft.client.resources.model.ModelManager/]: No model loaded for default item model ID pochimod:coconut_door of pochimod:coconut_door
[173月2026 00:01:28.335] [Render thread/WARN] [net.minecraft.client.resources.model.ModelManager/]: No model loaded for default item model ID pochimod:coconut_trapdoor of pochimod:coconut_trapdoor
[173月2026 00:01:28.335] [Render thread/WARN] [net.minecraft.client.resources.model.ModelManager/]: No model loaded for default item model ID pochimod:peach_stairs of pochimod:peach_stairs
[173月2026 00:01:28.335] [Render thread/WARN] [net.minecraft.client.resources.model.ModelManager/]: No model loaded for default item model ID pochimod:peach_slab of pochimod:peach_slab
[173月2026 00:01:28.335] [Render thread/WARN] [net.minecraft.client.resources.model.ModelManager/]: No model loaded for default item model ID pochimod:peach_fence of pochimod:peach_fence
[173月2026 00:01:28.335] [Render thread/WARN] [net.minecraft.client.resources.model.ModelManager/]: No model loaded for default item model ID pochimod:peach_fence_gate of pochimod:peach_fence_gate
[173月2026 00:01:28.335] [Render thread/WARN] [net.minecraft.client.resources.model.ModelManager/]: No model loaded for default item model ID pochimod:peach_pressure_plate of pochimod:peach_pressure_plate
[173月2026 00:01:28.335] [Render thread/WARN] [net.minecraft.client.resources.model.ModelManager/]: No model loaded for default item model ID pochimod:peach_door of pochimod:peach_door
[173月2026 00:01:28.335] [Render thread/WARN] [net.minecraft.client.resources.model.ModelManager/]: No model loaded for default item model ID pochimod:peach_trapdoor of pochimod:peach_trapdoor
[173月2026 00:01:28.335] [Render thread/WARN] [net.minecraft.client.resources.model.ModelManager/]: No model loaded for default item model ID pochimod:almond_stairs of pochimod:almond_stairs
[173月2026 00:01:28.335] [Render thread/WARN] [net.minecraft.client.resources.model.ModelManager/]: No model loaded for default item model ID pochimod:almond_slab of pochimod:almond_slab
[173月2026 00:01:28.335] [Render thread/WARN] [net.minecraft.client.resources.model.ModelManager/]: No model loaded for default item model ID pochimod:almond_fence of pochimod:almond_fence
[173月2026 00:01:28.335] [Render thread/WARN] [net.minecraft.client.resources.model.ModelManager/]: No model loaded for default item model ID pochimod:almond_fence_gate of pochimod:almond_fence_gate
[173月2026 00:01:28.335] [Render thread/WARN] [net.minecraft.client.resources.model.ModelManager/]: No model loaded for default item model ID pochimod:almond_pressure_plate of pochimod:almond_pressure_plate
[173月2026 00:01:28.335] [Render thread/WARN] [net.minecraft.client.resources.model.ModelManager/]: No model loaded for default item model ID pochimod:almond_door of pochimod:almond_door
[173月2026 00:01:28.335] [Render thread/WARN] [net.minecraft.client.resources.model.ModelManager/]: No model loaded for default item model ID pochimod:almond_trapdoor of pochimod:almond_trapdoor
[173月2026 00:01:28.335] [Render thread/WARN] [net.minecraft.client.resources.model.ModelManager/]: No model loaded for default item model ID pochimod:durian_stairs of pochimod:durian_stairs
[173月2026 00:01:28.335] [Render thread/WARN] [net.minecraft.client.resources.model.ModelManager/]: No model loaded for default item model ID pochimod:durian_slab of pochimod:durian_slab
[173月2026 00:01:28.335] [Render thread/WARN] [net.minecraft.client.resources.model.ModelManager/]: No model loaded for default item model ID pochimod:durian_fence of pochimod:durian_fence
[173月2026 00:01:28.335] [Render thread/WARN] [net.minecraft.client.resources.model.ModelManager/]: No model loaded for default item model ID pochimod:durian_fence_gate of pochimod:durian_fence_gate
[173月2026 00:01:28.335] [Render thread/WARN] [net.minecraft.client.resources.model.ModelManager/]: No model loaded for default item model ID pochimod:durian_pressure_plate of pochimod:durian_pressure_plate
[173月2026 00:01:28.335] [Render thread/WARN] [net.minecraft.client.resources.model.ModelManager/]: No model loaded for default item model ID pochimod:durian_door of pochimod:durian_door
[173月2026 00:01:28.335] [Render thread/WARN] [net.minecraft.client.resources.model.ModelManager/]: No model loaded for default item model ID pochimod:durian_trapdoor of pochimod:durian_trapdoor
[173月2026 00:01:28.335] [Render thread/WARN] [net.minecraft.client.resources.model.ModelManager/]: No model loaded for default item model ID pochimod:coffee_stairs of pochimod:coffee_stairs
[173月2026 00:01:28.335] [Render thread/WARN] [net.minecraft.client.resources.model.ModelManager/]: No model loaded for default item model ID pochimod:coffee_slab of pochimod:coffee_slab
[173月2026 00:01:28.335] [Render thread/WARN] [net.minecraft.client.resources.model.ModelManager/]: No model loaded for default item model ID pochimod:coffee_fence of pochimod:coffee_fence
[173月2026 00:01:28.335] [Render thread/WARN] [net.minecraft.client.resources.model.ModelManager/]: No model loaded for default item model ID pochimod:coffee_fence_gate of pochimod:coffee_fence_gate
[173月2026 00:01:28.335] [Render thread/WARN] [net.minecraft.client.resources.model.ModelManager/]: No model loaded for default item model ID pochimod:coffee_pressure_plate of pochimod:coffee_pressure_plate
[173月2026 00:01:28.335] [Render thread/WARN] [net.minecraft.client.resources.model.ModelManager/]: No model loaded for default item model ID pochimod:coffee_door of pochimod:coffee_door
[173月2026 00:01:28.335] [Render thread/WARN] [net.minecraft.client.resources.model.ModelManager/]: No model loaded for default item model ID pochimod:coffee_trapdoor of pochimod:coffee_trapdoor
[173月2026 00:01:28.335] [Render thread/WARN] [net.minecraft.client.resources.model.ModelManager/]: No model loaded for default item model ID pochimod:raw_coffee_block of pochimod:raw_coffee_block
[173月2026 00:01:28.335] [Render thread/WARN] [net.minecraft.client.resources.model.ModelManager/]: No model loaded for default item model ID pochimod:coffee_block of pochimod:coffee_block
[173月2026 00:01:28.335] [Render thread/WARN] [net.minecraft.client.resources.model.ModelManager/]: No model loaded for default item model ID pochimod:musk_coffee_block of pochimod:musk_coffee_block
[173月2026 00:01:28.335] [Render thread/WARN] [net.minecraft.client.resources.model.ModelManager/]: No model loaded for default item model ID pochimod:kiwi_stairs of pochimod:kiwi_stairs
[173月2026 00:01:28.335] [Render thread/WARN] [net.minecraft.client.resources.model.ModelManager/]: No model loaded for default item model ID pochimod:kiwi_slab of pochimod:kiwi_slab
[173月2026 00:01:28.335] [Render thread/WARN] [net.minecraft.client.resources.model.ModelManager/]: No model loaded for default item model ID pochimod:kiwi_fence of pochimod:kiwi_fence
[173月2026 00:01:28.335] [Render thread/WARN] [net.minecraft.client.resources.model.ModelManager/]: No model loaded for default item model ID pochimod:kiwi_fence_gate of pochimod:kiwi_fence_gate
[173月2026 00:01:28.335] [Render thread/WARN] [net.minecraft.client.resources.model.ModelManager/]: No model loaded for default item model ID pochimod:kiwi_pressure_plate of pochimod:kiwi_pressure_plate
[173月2026 00:01:28.335] [Render thread/WARN] [net.minecraft.client.resources.model.ModelManager/]: No model loaded for default item model ID pochimod:kiwi_door of pochimod:kiwi_door
[173月2026 00:01:28.335] [Render thread/WARN] [net.minecraft.client.resources.model.ModelManager/]: No model loaded for default item model ID pochimod:kiwi_trapdoor of pochimod:kiwi_trapdoor
[173月2026 00:01:28.335] [Render thread/WARN] [net.minecraft.client.resources.model.ModelManager/]: No model loaded for default item model ID pochimod:queen_of_night of pochimod:queen_of_night
[173月2026 00:01:28.335] [Render thread/WARN] [net.minecraft.client.resources.model.ModelManager/]: No model loaded for default item model ID pochimod:rose of pochimod:rose
[173月2026 00:01:28.335] [Render thread/WARN] [net.minecraft.client.resources.model.ModelManager/]: No model loaded for default item model ID pochimod:camomile of pochimod:camomile
[173月2026 00:01:28.335] [Render thread/WARN] [net.minecraft.client.resources.model.ModelManager/]: No model loaded for default item model ID pochimod:thyme of pochimod:thyme
[173月2026 00:01:28.335] [Render thread/WARN] [net.minecraft.client.resources.model.ModelManager/]: No model loaded for default item model ID pochimod:oregano of pochimod:oregano
[173月2026 00:01:28.335] [Render thread/WARN] [net.minecraft.client.resources.model.ModelManager/]: No model loaded for default item model ID pochimod:seed_plain of pochimod:seed_plain
[173月2026 00:01:28.335] [Render thread/WARN] [net.minecraft.client.resources.model.ModelManager/]: No model loaded for default item model ID pochimod:seed_jungle of pochimod:seed_jungle
[173月2026 00:01:28.336] [Render thread/WARN] [net.minecraft.client.resources.model.ModelManager/]: No model loaded for default item model ID pochimod:seed_taiga of pochimod:seed_taiga
[173月2026 00:01:28.336] [Render thread/WARN] [net.minecraft.client.resources.model.ModelManager/]: No model loaded for default item model ID pochimod:seed_savanna of pochimod:seed_savanna
[173月2026 00:01:28.336] [Render thread/WARN] [net.minecraft.client.resources.model.ModelManager/]: No model loaded for default item model ID pochimod:boiled_rice_block of pochimod:boiled_rice_block
[173月2026 00:01:28.336] [Render thread/WARN] [net.minecraft.client.resources.model.ModelManager/]: No model loaded for default item model ID pochimod:japanese_malt_p of pochimod:japanese_malt_p
[173月2026 00:01:28.336] [Render thread/WARN] [net.minecraft.client.resources.model.ModelManager/]: No model loaded for default item model ID pochimod:japanese_malt_r of pochimod:japanese_malt_r
[173月2026 00:01:28.336] [Render thread/WARN] [net.minecraft.client.resources.model.ModelManager/]: No model loaded for default item model ID pochimod:bubble of pochimod:bubble
[173月2026 00:01:28.339] [Render thread/INFO] [net.neoforged.neoforge.client.entity.animation.json.AnimationLoader/]: Loaded 0 entity animations
[173月2026 00:01:28.434] [Render thread/INFO] [net.minecraft.client.renderer.texture.TextureAtlas/]: Created: 256x256x0 jei:textures/atlas/gui.png-atlas
[173月2026 00:01:34.122] [Render thread/WARN] [net.neoforged.neoforge.common.CommonHooks/WP]: The following mods have version differences that were not resolved:
geckolib (version 4.7.6 -> 5.4.2)
jei (version 19.21.1.312 -> 27.4.0.15)
neoforge (version 21.1.219 -> 21.11.38-beta)
playeranimator (version 2.0.4+1.21.1 -> MISSING)
pochimod (version 0.0.5-1.21.1 -> 0.0.5-1.21.11)
terrablender (version 4.1.0.8 -> 21.11.0.0)
Things may not work well.
[173月2026 00:01:34.926] [Render thread/ERROR] [net.minecraft.resources.RegistryDataLoader/]: Registry loading errors:
> Errors in registry minecraft:root:
>> Errors in element minecraft:worldgen/biome:
java.lang.IllegalStateException: Unbound values in registry ResourceKey[minecraft:root / minecraft:worldgen/biome]: [pochimod:guyana_biome, pochimod:zhangjia_biome]
	at TRANSFORMER/minecraft@1.21.11/net.minecraft.core.MappedRegistry.freeze(MappedRegistry.java:300)
	at TRANSFORMER/minecraft@1.21.11/net.minecraft.resources.RegistryDataLoader.lambda$load$8(RegistryDataLoader.java:208)
	at java.base/java.lang.Iterable.forEach(Iterable.java:75)
	at TRANSFORMER/minecraft@1.21.11/net.minecraft.resources.RegistryDataLoader.load(RegistryDataLoader.java:204)
	at TRANSFORMER/minecraft@1.21.11/net.minecraft.resources.RegistryDataLoader.load(RegistryDataLoader.java:166)
	at TRANSFORMER/minecraft@1.21.11/net.minecraft.server.WorldLoader.load(WorldLoader.java:45)
	at TRANSFORMER/minecraft@1.21.11/net.minecraft.client.gui.screens.worldselection.WorldOpenFlows.loadWorldDataBlocking(WorldOpenFlows.java:207)
	at TRANSFORMER/minecraft@1.21.11/net.minecraft.client.gui.screens.worldselection.WorldOpenFlows.loadWorldStem(WorldOpenFlows.java:143)
	at TRANSFORMER/minecraft@1.21.11/net.minecraft.client.gui.screens.worldselection.WorldOpenFlows.openWorldLoadLevelStem(WorldOpenFlows.java:352)
	at TRANSFORMER/minecraft@1.21.11/net.minecraft.client.gui.screens.worldselection.WorldOpenFlows.openWorldCheckVersionCompatibility(WorldOpenFlows.java:341)
	at TRANSFORMER/minecraft@1.21.11/net.minecraft.client.gui.screens.worldselection.WorldOpenFlows.openWorldLoadLevelData(WorldOpenFlows.java:303)
	at TRANSFORMER/minecraft@1.21.11/net.minecraft.client.gui.screens.worldselection.WorldOpenFlows.openWorld(WorldOpenFlows.java:268)
	at TRANSFORMER/minecraft@1.21.11/net.minecraft.client.gui.screens.worldselection.WorldSelectionList$WorldListEntry.joinWorld(WorldSelectionList.java:637)
	at TRANSFORMER/minecraft@1.21.11/net.minecraft.client.gui.screens.worldselection.WorldSelectionList$WorldListEntry.mouseClicked(WorldSelectionList.java:605)
	at TRANSFORMER/minecraft@1.21.11/net.minecraft.client.gui.components.events.ContainerEventHandler.mouseClicked(ContainerEventHandler.java:47)
	at TRANSFORMER/minecraft@1.21.11/net.minecraft.client.gui.components.AbstractContainerWidget.mouseClicked(AbstractContainerWidget.java:58)
	at TRANSFORMER/minecraft@1.21.11/net.minecraft.client.gui.components.events.ContainerEventHandler.mouseClicked(ContainerEventHandler.java:47)
	at TRANSFORMER/minecraft@1.21.11/net.minecraft.client.MouseHandler.onButton(MouseHandler.java:113)
	at TRANSFORMER/minecraft@1.21.11/net.minecraft.client.MouseHandler.lambda$setup$4(MouseHandler.java:271)
	at TRANSFORMER/minecraft@1.21.11/net.minecraft.util.thread.BlockableEventLoop.doRunTask(BlockableEventLoop.java:157)
	at TRANSFORMER/minecraft@1.21.11/net.minecraft.util.thread.ReentrantBlockableEventLoop.doRunTask(ReentrantBlockableEventLoop.java:24)
	at TRANSFORMER/minecraft@1.21.11/net.minecraft.util.thread.BlockableEventLoop.execute(BlockableEventLoop.java:103)
	at TRANSFORMER/minecraft@1.21.11/net.minecraft.client.MouseHandler.lambda$setup$5(MouseHandler.java:271)
	at org.lwjgl.glfw.GLFWMouseButtonCallbackI.callback(GLFWMouseButtonCallbackI.java:43)
	at org.lwjgl.system.JNI.invokeV(Native Method)
	at org.lwjgl.glfw.GLFW.glfwWaitEventsTimeout(GLFW.java:3509)
	at TRANSFORMER/minecraft@1.21.11/com.mojang.blaze3d.systems.RenderSystem.limitDisplayFPS(RenderSystem.java:139)
	at TRANSFORMER/minecraft@1.21.11/net.minecraft.client.Minecraft.runTick(Minecraft.java:1362)
	at TRANSFORMER/minecraft@1.21.11/net.minecraft.client.Minecraft.run(Minecraft.java:918)
	at TRANSFORMER/minecraft@1.21.11/net.minecraft.client.main.Main.main(Main.java:229)
	at net.neoforged.fml.startup.Client.main(Client.java:19)
>> Errors in element minecraft:worldgen/placed_feature:
java.lang.IllegalStateException: Unbound values in registry ResourceKey[minecraft:root / minecraft:worldgen/placed_feature]: [pochimod:alexandrite_geode_p, pochimod:almond_placed, pochimod:alunite_placed, pochimod:banana_placed, pochimod:bauxite_placed, pochimod:black_diamond_geode_p, pochimod:blue_berry_placed, pochimod:cabernet_sauvignon_placed, pochimod:camomile_placed, pochimod:cherry_placed, pochimod:chromite_placed, pochimod:cinnabar_geode_p, pochimod:cinnamon_placed, pochimod:coconut_placed, pochimod:coffee_placed, pochimod:cola_placed, pochimod:durian_placed, pochimod:euclase_geode_p, pochimod:fluorite_placed, pochimod:goshenite_geode_p, pochimod:hop_placed, pochimod:jade_geode_p, pochimod:jungle_placed, pochimod:lemon_placed, pochimod:magunesium_placed, pochimod:maple_placed, pochimod:morganite_geode_p, pochimod:olive_placed, pochimod:oregano_placed, pochimod:peach_placed, pochimod:pepper_placed, pochimod:phosphophylite_geode_p, pochimod:plain_placed, pochimod:plum_placed, pochimod:queen_of_night_placed, pochimod:rose_placed, pochimod:rutile_geode_p, pochimod:savanna_placed, pochimod:taiga_placed, pochimod:tea_placed, pochimod:thyme_placed, pochimod:titanium_placed, pochimod:vanadium_placed, pochimod:yellow_diamond_geode_p]
	at TRANSFORMER/minecraft@1.21.11/net.minecraft.core.MappedRegistry.freeze(MappedRegistry.java:300)
	at TRANSFORMER/minecraft@1.21.11/net.minecraft.resources.RegistryDataLoader.lambda$load$8(RegistryDataLoader.java:208)
	at java.base/java.lang.Iterable.forEach(Iterable.java:75)
	at TRANSFORMER/minecraft@1.21.11/net.minecraft.resources.RegistryDataLoader.load(RegistryDataLoader.java:204)
	at TRANSFORMER/minecraft@1.21.11/net.minecraft.resources.RegistryDataLoader.load(RegistryDataLoader.java:166)
	at TRANSFORMER/minecraft@1.21.11/net.minecraft.server.WorldLoader.load(WorldLoader.java:45)
	at TRANSFORMER/minecraft@1.21.11/net.minecraft.client.gui.screens.worldselection.WorldOpenFlows.loadWorldDataBlocking(WorldOpenFlows.java:207)
	at TRANSFORMER/minecraft@1.21.11/net.minecraft.client.gui.screens.worldselection.WorldOpenFlows.loadWorldStem(WorldOpenFlows.java:143)
	at TRANSFORMER/minecraft@1.21.11/net.minecraft.client.gui.screens.worldselection.WorldOpenFlows.openWorldLoadLevelStem(WorldOpenFlows.java:352)
	at TRANSFORMER/minecraft@1.21.11/net.minecraft.client.gui.screens.worldselection.WorldOpenFlows.openWorldCheckVersionCompatibility(WorldOpenFlows.java:341)
	at TRANSFORMER/minecraft@1.21.11/net.minecraft.client.gui.screens.worldselection.WorldOpenFlows.openWorldLoadLevelData(WorldOpenFlows.java:303)
	at TRANSFORMER/minecraft@1.21.11/net.minecraft.client.gui.screens.worldselection.WorldOpenFlows.openWorld(WorldOpenFlows.java:268)
	at TRANSFORMER/minecraft@1.21.11/net.minecraft.client.gui.screens.worldselection.WorldSelectionList$WorldListEntry.joinWorld(WorldSelectionList.java:637)
	at TRANSFORMER/minecraft@1.21.11/net.minecraft.client.gui.screens.worldselection.WorldSelectionList$WorldListEntry.mouseClicked(WorldSelectionList.java:605)
	at TRANSFORMER/minecraft@1.21.11/net.minecraft.client.gui.components.events.ContainerEventHandler.mouseClicked(ContainerEventHandler.java:47)
	at TRANSFORMER/minecraft@1.21.11/net.minecraft.client.gui.components.AbstractContainerWidget.mouseClicked(AbstractContainerWidget.java:58)
	at TRANSFORMER/minecraft@1.21.11/net.minecraft.client.gui.components.events.ContainerEventHandler.mouseClicked(ContainerEventHandler.java:47)
	at TRANSFORMER/minecraft@1.21.11/net.minecraft.client.MouseHandler.onButton(MouseHandler.java:113)
	at TRANSFORMER/minecraft@1.21.11/net.minecraft.client.MouseHandler.lambda$setup$4(MouseHandler.java:271)
	at TRANSFORMER/minecraft@1.21.11/net.minecraft.util.thread.BlockableEventLoop.doRunTask(BlockableEventLoop.java:157)
	at TRANSFORMER/minecraft@1.21.11/net.minecraft.util.thread.ReentrantBlockableEventLoop.doRunTask(ReentrantBlockableEventLoop.java:24)
	at TRANSFORMER/minecraft@1.21.11/net.minecraft.util.thread.BlockableEventLoop.execute(BlockableEventLoop.java:103)
	at TRANSFORMER/minecraft@1.21.11/net.minecraft.client.MouseHandler.lambda$setup$5(MouseHandler.java:271)
	at org.lwjgl.glfw.GLFWMouseButtonCallbackI.callback(GLFWMouseButtonCallbackI.java:43)
	at org.lwjgl.system.JNI.invokeV(Native Method)
	at org.lwjgl.glfw.GLFW.glfwWaitEventsTimeout(GLFW.java:3509)
	at TRANSFORMER/minecraft@1.21.11/com.mojang.blaze3d.systems.RenderSystem.limitDisplayFPS(RenderSystem.java:139)
	at TRANSFORMER/minecraft@1.21.11/net.minecraft.client.Minecraft.runTick(Minecraft.java:1362)
	at TRANSFORMER/minecraft@1.21.11/net.minecraft.client.Minecraft.run(Minecraft.java:918)
	at TRANSFORMER/minecraft@1.21.11/net.minecraft.client.main.Main.main(Main.java:229)
	at net.neoforged.fml.startup.Client.main(Client.java:19)

[173月2026 00:01:35.005] [Render thread/WARN] [net.minecraft.client.gui.screens.worldselection.WorldOpenFlows/]: Failed to load level data or datapacks, can't proceed with server load
java.util.concurrent.ExecutionException: net.minecraft.ReportedException: Registry Loading
	at java.base/java.util.concurrent.CompletableFuture.reportGet(CompletableFuture.java:396) ~[?:?]
	at java.base/java.util.concurrent.CompletableFuture.get(CompletableFuture.java:2073) ~[?:?]
	at TRANSFORMER/minecraft@1.21.11/net.minecraft.client.gui.screens.worldselection.WorldOpenFlows.loadWorldDataBlocking(WorldOpenFlows.java:209) ~[neoforge-21.11.38-beta.jar:?]
	at TRANSFORMER/minecraft@1.21.11/net.minecraft.client.gui.screens.worldselection.WorldOpenFlows.loadWorldStem(WorldOpenFlows.java:143) ~[neoforge-21.11.38-beta.jar:?]
	at TRANSFORMER/minecraft@1.21.11/net.minecraft.client.gui.screens.worldselection.WorldOpenFlows.openWorldLoadLevelStem(WorldOpenFlows.java:352) ~[neoforge-21.11.38-beta.jar:?]
	at TRANSFORMER/minecraft@1.21.11/net.minecraft.client.gui.screens.worldselection.WorldOpenFlows.openWorldCheckVersionCompatibility(WorldOpenFlows.java:341) ~[neoforge-21.11.38-beta.jar:?]
	at TRANSFORMER/minecraft@1.21.11/net.minecraft.client.gui.screens.worldselection.WorldOpenFlows.openWorldLoadLevelData(WorldOpenFlows.java:303) ~[neoforge-21.11.38-beta.jar:?]
	at TRANSFORMER/minecraft@1.21.11/net.minecraft.client.gui.screens.worldselection.WorldOpenFlows.openWorld(WorldOpenFlows.java:268) ~[neoforge-21.11.38-beta.jar:?]
	at TRANSFORMER/minecraft@1.21.11/net.minecraft.client.gui.screens.worldselection.WorldSelectionList$WorldListEntry.joinWorld(WorldSelectionList.java:637) ~[neoforge-21.11.38-beta.jar:?]
	at TRANSFORMER/minecraft@1.21.11/net.minecraft.client.gui.screens.worldselection.WorldSelectionList$WorldListEntry.mouseClicked(WorldSelectionList.java:605) ~[neoforge-21.11.38-beta.jar:?]
	at TRANSFORMER/minecraft@1.21.11/net.minecraft.client.gui.components.events.ContainerEventHandler.mouseClicked(ContainerEventHandler.java:47) ~[neoforge-21.11.38-beta.jar:?]
	at TRANSFORMER/minecraft@1.21.11/net.minecraft.client.gui.components.AbstractContainerWidget.mouseClicked(AbstractContainerWidget.java:58) ~[neoforge-21.11.38-beta.jar:?]
	at TRANSFORMER/minecraft@1.21.11/net.minecraft.client.gui.components.events.ContainerEventHandler.mouseClicked(ContainerEventHandler.java:47) ~[neoforge-21.11.38-beta.jar:?]
	at TRANSFORMER/minecraft@1.21.11/net.minecraft.client.MouseHandler.onButton(MouseHandler.java:113) ~[neoforge-21.11.38-beta.jar:?]
	at TRANSFORMER/minecraft@1.21.11/net.minecraft.client.MouseHandler.lambda$setup$4(MouseHandler.java:271) ~[neoforge-21.11.38-beta.jar:?]
	at TRANSFORMER/minecraft@1.21.11/net.minecraft.util.thread.BlockableEventLoop.doRunTask(BlockableEventLoop.java:157) ~[neoforge-21.11.38-beta.jar:?]
	at TRANSFORMER/minecraft@1.21.11/net.minecraft.util.thread.ReentrantBlockableEventLoop.doRunTask(ReentrantBlockableEventLoop.java:24) ~[neoforge-21.11.38-beta.jar:?]
	at TRANSFORMER/minecraft@1.21.11/net.minecraft.util.thread.BlockableEventLoop.execute(BlockableEventLoop.java:103) ~[neoforge-21.11.38-beta.jar:?]
	at TRANSFORMER/minecraft@1.21.11/net.minecraft.client.MouseHandler.lambda$setup$5(MouseHandler.java:271) ~[neoforge-21.11.38-beta.jar:?]
	at org.lwjgl.glfw.GLFWMouseButtonCallbackI.callback(GLFWMouseButtonCallbackI.java:43) ~[lwjgl-glfw-3.3.3.jar:build 5]
	at org.lwjgl.system.JNI.invokeV(Native Method) ~[lwjgl-3.3.3.jar:build 5]
	at org.lwjgl.glfw.GLFW.glfwWaitEventsTimeout(GLFW.java:3509) ~[lwjgl-glfw-3.3.3.jar:build 5]
	at TRANSFORMER/minecraft@1.21.11/com.mojang.blaze3d.systems.RenderSystem.limitDisplayFPS(RenderSystem.java:139) ~[neoforge-21.11.38-beta.jar:?]
	at TRANSFORMER/minecraft@1.21.11/net.minecraft.client.Minecraft.runTick(Minecraft.java:1362) [neoforge-21.11.38-beta.jar:?]
	at TRANSFORMER/minecraft@1.21.11/net.minecraft.client.Minecraft.run(Minecraft.java:918) [neoforge-21.11.38-beta.jar:?]
	at TRANSFORMER/minecraft@1.21.11/net.minecraft.client.main.Main.main(Main.java:229) [neoforge-21.11.38-beta.jar:?]
	at net.neoforged.fml.startup.Client.main(Client.java:19) [loader-10.0.36.jar:10.0]
Caused by: net.minecraft.ReportedException: Registry Loading
	at TRANSFORMER/minecraft@1.21.11/net.minecraft.resources.RegistryDataLoader.createReportWithBriefInfo(RegistryDataLoader.java:291) ~[neoforge-21.11.38-beta.jar:?]
	at TRANSFORMER/minecraft@1.21.11/net.minecraft.resources.RegistryDataLoader.logErrors(RegistryDataLoader.java:246) ~[neoforge-21.11.38-beta.jar:?]
	at TRANSFORMER/minecraft@1.21.11/net.minecraft.resources.RegistryDataLoader.load(RegistryDataLoader.java:218) ~[neoforge-21.11.38-beta.jar:?]
	at TRANSFORMER/minecraft@1.21.11/net.minecraft.resources.RegistryDataLoader.load(RegistryDataLoader.java:166) ~[neoforge-21.11.38-beta.jar:?]
	at TRANSFORMER/minecraft@1.21.11/net.minecraft.server.WorldLoader.load(WorldLoader.java:45) ~[neoforge-21.11.38-beta.jar:?]
	at TRANSFORMER/minecraft@1.21.11/net.minecraft.client.gui.screens.worldselection.WorldOpenFlows.loadWorldDataBlocking(WorldOpenFlows.java:207) ~[neoforge-21.11.38-beta.jar:?]
	... 24 more
Caused by: java.lang.IllegalStateException: Failed to load registries due to errors
	at TRANSFORMER/minecraft@1.21.11/net.minecraft.resources.RegistryDataLoader.createReportWithBriefInfo(RegistryDataLoader.java:271) ~[neoforge-21.11.38-beta.jar:?]
	... 29 more
[173月2026 00:01:45.181] [Render thread/INFO] [net.minecraft.client.Minecraft/]: Stopping!
